"url","category","template","action","locked","locked_reason","noindex_now","content_path","title","word_count","notes"
"https://www.gmbcreditunion.com/","home","home","build","true","FSCS|FCA_PRA|Interest_rate","false","content/home/home.mdx","GMB Credit Union | Your money, your future, Your Credit Union","601",""
"https://www.gmbcreditunion.com/?page=0","other","duplicate-variant","exclude-duplicate","false","","false","","GMB Credit Union | Your money, your future, Your Credit Union","601","synthetic/duplicate variant of a canonical page; handled by redirect/query rules"
"https://www.gmbcreditunion.com/?s=test","other","duplicate-variant","exclude-duplicate","false","","true","","You searched for test | GMBCU","897","synthetic/duplicate variant of a canonical page; handled by redirect/query rules"
"https://www.gmbcreditunion.com/10-ways-improve-your-credit-score/","blog-post","post","build","true","Interest_rate","false","content/blog-post/10-ways-improve-your-credit-score.mdx","10 Ways To Improve Your Credit Score | GMB Credit Union","1180",""
"https://www.gmbcreditunion.com/2023-agm-summary/","blog-post","post","build","false","","false","content/blog-post/2023-agm-summary.mdx","2023 AGM Summary | GMBCU","329",""
"https://www.gmbcreditunion.com/2024-agm-summary/","blog-post","post","build","false","","false","content/blog-post/2024-agm-summary.mdx","2024 AGM Summary | GMBCU","336",""
"https://www.gmbcreditunion.com/2025-agm-summary/","blog-post","post","build","false","","false","content/blog-post/2025-agm-summary.mdx","2025 AGM Summary | GMBCU","343",""
"https://www.gmbcreditunion.com/2026-agm-summary/","blog-post","post","build","false","","false","content/blog-post/2026-agm-summary.mdx","2026 AGM Summary | GMBCU","342",""
"https://www.gmbcreditunion.com/7-ways-to-save-money-over-the-summer-holidays/","blog-post","post","build","false","","false","content/blog-post/7-ways-to-save-money-over-the-summer-holidays.mdx","7 ways to save money over the summer holidays | GMBCU","1214",""
"https://www.gmbcreditunion.com/about-us/","about","about","build","true","FSCS|FCA_PRA","false","content/about/about-us.mdx","About Us | GMB Credit Union","444",""
"https://www.gmbcreditunion.com/About-Us/","other","duplicate-variant","exclude-duplicate","false","","false","","About Us | GMB Credit Union","444","synthetic/duplicate variant of a canonical page; handled by redirect/query rules"
"https://www.gmbcreditunion.com/alternatives-short-term-credit/","blog-post","post","build","true","Interest_rate","false","content/blog-post/alternatives-short-term-credit.mdx","The Alternatives To Short-Term Credit | GMBCU","631",""
"https://www.gmbcreditunion.com/annual-general-meeting-2024/","other","campaign","build","false","","false","content/other/annual-general-meeting-2024.mdx","AGM 2024 | GMB Credit Union","251","has CF7 form → route handler"
"https://www.gmbcreditunion.com/annual-general-meeting-2025/","other","campaign","build","false","","false","content/other/annual-general-meeting-2025.mdx","AGM 2025 | GMB Credit Union","251","has CF7 form → route handler"
"https://www.gmbcreditunion.com/annual-general-meeting-2026/","other","campaign","build","false","","false","content/other/annual-general-meeting-2026.mdx","AGM 2026 | GMB Credit Union","247","has CF7 form → route handler"
"https://www.gmbcreditunion.com/avoid-loan-sharks-and-stay-smart-with-your-money/","blog-post","post","build","true","FCA_PRA|Terms|Credit_warning|Interest_rate","false","content/blog-post/avoid-loan-sharks-and-stay-smart-with-your-money.mdx","Avoid loan sharks and stay smart with your money | GMBCU","999",""
"https://www.gmbcreditunion.com/become-a-credit-union-advocate/","other","campaign","build","false","","false","content/other/become-a-credit-union-advocate.mdx","Become a Credit Union advocate | GMBCU","40","has CF7 form → route handler"
"https://www.gmbcreditunion.com/cash-flow-king/","blog-post","post","build","false","","false","content/blog-post/cash-flow-king.mdx","Cash Flow Is King | GMBCU","846",""
"https://www.gmbcreditunion.com/category/uncategorised/","blog-index","archive","build","false","","false","(generated)","Uncategorised Archives | GMBCU","284","taxonomy archive, generated from post frontmatter"
"https://www.gmbcreditunion.com/category/uncategorised/page/2/","blog-index","archive (paginated, noindex)","build","false","","true","(generated)","Uncategorised Archives | Page 2 of 8 | GMBCU","302","taxonomy archive, generated from post frontmatter"
"https://www.gmbcreditunion.com/category/uncategorised/page/3/","blog-index","archive (paginated, noindex)","build","false","","true","(generated)","Uncategorised Archives | Page 3 of 8 | GMBCU","299","taxonomy archive, generated from post frontmatter"
"https://www.gmbcreditunion.com/category/uncategorised/page/4/","blog-index","archive (paginated, noindex)","build","false","","true","(generated)","Uncategorised Archives | Page 4 of 8 | GMBCU","292","taxonomy archive, generated from post frontmatter"
"https://www.gmbcreditunion.com/category/uncategorised/page/5/","blog-index","archive (paginated, noindex)","build","false","","true","(generated)","Uncategorised Archives | Page 5 of 8 | GMBCU","292","taxonomy archive, generated from post frontmatter"
"https://www.gmbcreditunion.com/category/uncategorised/page/6/","blog-index","archive (paginated, noindex)","build","false","","true","(generated)","Uncategorised Archives | Page 6 of 8 | GMBCU","306","taxonomy archive, generated from post frontmatter"
"https://www.gmbcreditunion.com/category/uncategorised/page/7/","blog-index","archive (paginated, noindex)","build","true","Credit_warning|Interest_rate","true","(generated)","Uncategorised Archives | Page 7 of 8 | GMBCU","302","taxonomy archive, generated from post frontmatter"
"https://www.gmbcreditunion.com/category/uncategorised/page/8/","blog-index","archive (paginated, noindex)","build","true","Credit_warning","true","(generated)","Uncategorised Archives | Page 8 of 8 | GMBCU","288","taxonomy archive, generated from post frontmatter"
"https://www.gmbcreditunion.com/celebrating-25-years-of-gmbcu/","blog-post","post","build","true","FCA_PRA","false","content/blog-post/celebrating-25-years-of-gmbcu.mdx","Celebrating 25 Years Of GMBCU | GMB Credit Union","1045",""
"https://www.gmbcreditunion.com/celebrating-two-years-members-prize-draw/","blog-post","post","build","false","","false","content/blog-post/celebrating-two-years-members-prize-draw.mdx","Celebrating Two Years Of The Members’ Prize Draw | GMBCU","1406",""
"https://www.gmbcreditunion.com/childrens-financial-education/","blog-post","post","build","false","","false","content/blog-post/childrens-financial-education.mdx","Why You Need To Start Your Child's Financial Education Now","1098",""
"https://www.gmbcreditunion.com/complaints/","legal-regulatory","legal","build","true","Complaints_FOS","false","content/legal-regulatory/complaints.mdx","Complaints | GMB Credit Union","182","locked"
"https://www.gmbcreditunion.com/consolidation-loans-plan-brighter-financial-future/","blog-post","post","build","true","APR|Credit_warning|Interest_rate","false","content/blog-post/consolidation-loans-plan-brighter-financial-future.mdx","Consolidation Loans: Plan For A Brighter Financial Future","902",""
"https://www.gmbcreditunion.com/contact-us/","contact","contact","build","true","category","false","content/contact/contact-us.mdx","Contact Us | GMB Credit Union","135","CF7 form → route handler"
"https://www.gmbcreditunion.com/Contact-Us/","other","duplicate-variant","exclude-duplicate","false","","false","","Contact Us | GMB Credit Union","135","synthetic/duplicate variant of a canonical page; handled by redirect/query rules"
"https://www.gmbcreditunion.com/contact-us/?conesso_link_tag=ebd837df0&utm_campaign=Jan%2B26%2BNewsletter&utm_medium=email&utm_source=Conesso","other","duplicate-variant","exclude-duplicate","false","","false","","Contact Us | GMB Credit Union","135","synthetic/duplicate variant of a canonical page; handled by redirect/query rules"
"https://www.gmbcreditunion.com/cost-of-living/","utility","embed","build","false","","false","content/utility/cost-of-living.mdx","Cost Of Living Help | GMB Credit Union","527","third-party iframe tool (MoneyHelper / Inbest) — lazy-load, reserve height to kill CLS 1.1"
"https://www.gmbcreditunion.com/creating-good-money-habits-save-as-you-borrow/","blog-post","post","build","true","Interest_rate","false","content/blog-post/creating-good-money-habits-save-as-you-borrow.mdx","Creating Good Money Habits - Save As You Borrow | GMBCU","304",""
"https://www.gmbcreditunion.com/credit-crisis-real-impact-short-term-credit/","blog-post","post","build","true","Interest_rate","false","content/blog-post/credit-crisis-real-impact-short-term-credit.mdx","Credit Crisis: The Real Impact Of Short-Term Credit | GMBCU","847",""
"https://www.gmbcreditunion.com/dealing-coronavirus/","blog-post","post","build","false","","false","content/blog-post/dealing-coronavirus.mdx","Dealing With Coronavirus | GMBCU","177",""
"https://www.gmbcreditunion.com/directors-area/","other","held","hold","false","","false","","Directors Area | GMBCU","20","HOLD per Jim 2026-10-07 (directors area / file posts / filter archives) — see redirects.csv"
"https://www.gmbcreditunion.com/directors-area/annual-audited-accounts/","other","held","hold","false","","false","","Annual Audited Accounts | GMBCU","20","HOLD per Jim 2026-10-07 (directors area / file posts / filter archives) — see redirects.csv"
"https://www.gmbcreditunion.com/directors-area/annual-report/","other","held","hold","false","","false","","Annual Report | GMBCU","20","HOLD per Jim 2026-10-07 (directors area / file posts / filter archives) — see redirects.csv"
"https://www.gmbcreditunion.com/directors-area/board-minutes/","other","held","hold","false","","false","","Board Minutes | GMBCU","20","HOLD per Jim 2026-10-07 (directors area / file posts / filter archives) — see redirects.csv"
"https://www.gmbcreditunion.com/directors-area/budget/","other","held","hold","false","","false","","Budget | GMBCU","20","HOLD per Jim 2026-10-07 (directors area / file posts / filter archives) — see redirects.csv"
"https://www.gmbcreditunion.com/directors-area/business-plan/","other","held","hold","false","","false","","Business Plan | GMBCU","20","HOLD per Jim 2026-10-07 (directors area / file posts / filter archives) — see redirects.csv"
"https://www.gmbcreditunion.com/directors-area/business-policies/","other","held","hold","false","","false","","Business Policies | GMBCU","20","HOLD per Jim 2026-10-07 (directors area / file posts / filter archives) — see redirects.csv"
"https://www.gmbcreditunion.com/directors-area/employee-policies/","other","held","hold","false","","false","","Employee Policies | GMBCU","20","HOLD per Jim 2026-10-07 (directors area / file posts / filter archives) — see redirects.csv"
"https://www.gmbcreditunion.com/directors-area/governance/","other","held","hold","false","","false","","Governance | GMBCU","20","HOLD per Jim 2026-10-07 (directors area / file posts / filter archives) — see redirects.csv"
"https://www.gmbcreditunion.com/directors-area/policies/","other","held","hold","false","","false","","Policies | GMBCU","20","HOLD per Jim 2026-10-07 (directors area / file posts / filter archives) — see redirects.csv"
"https://www.gmbcreditunion.com/faqs/","utility","faq","build","true","FSCS|APR|FCA_PRA|Privacy_GDPR|Terms|Interest_rate","false","content/utility/faqs.mdx","FAQs | GMB Credit Union","4590","accordion FAQ → FAQPage schema; locked (rates/regulatory statements inside)"
"https://www.gmbcreditunion.com/feel-positive-about-saving-and-borrowing/","blog-post","post","build","true","FCA_PRA","false","content/blog-post/feel-positive-about-saving-and-borrowing.mdx","Feel Positive About Saving & Confident About Borrowing","795",""
"https://www.gmbcreditunion.com/file/13th-july-2022/","other","held","hold","false","","false","","Board Minutes - 13th July 2022 | GMBCU","10","HOLD per Jim 2026-10-07 (directors area / file posts / filter archives) — see redirects.csv"
"https://www.gmbcreditunion.com/file/14th-september-2022/","other","held","hold","false","","false","","Board Minutes - 14th September 2022 | GMBCU","10","HOLD per Jim 2026-10-07 (directors area / file posts / filter archives) — see redirects.csv"
"https://www.gmbcreditunion.com/file/16th-december-2021/","other","held","hold","false","","false","","Board Minutes - 16th December 2021 | GMBCU","10","HOLD per Jim 2026-10-07 (directors area / file posts / filter archives) — see redirects.csv"
"https://www.gmbcreditunion.com/file/23rd-february-2022/","other","held","hold","false","","false","","Board Minutes - 23rd February 2022 | GMBCU","10","HOLD per Jim 2026-10-07 (directors area / file posts / filter archives) — see redirects.csv"
"https://www.gmbcreditunion.com/file/23rd-november-2022/","other","held","hold","false","","false","","Board Minutes - 23rd November 2022 | GMBCU","10","HOLD per Jim 2026-10-07 (directors area / file posts / filter archives) — see redirects.csv"
"https://www.gmbcreditunion.com/file/25th-may-2022/","other","held","hold","false","","false","","Board Minutes - 25th May 2022 | GMBCU","10","HOLD per Jim 2026-10-07 (directors area / file posts / filter archives) — see redirects.csv"
"https://www.gmbcreditunion.com/file/3rd-march-2026/","other","held","hold","false","","false","","Board Minutes - 3rd March 2026 | GMBCU","10","HOLD per Jim 2026-10-07 (directors area / file posts / filter archives) — see redirects.csv"
"https://www.gmbcreditunion.com/file/7th-february-2023/","other","held","hold","false","","false","","Board Minutes - 7th February 2023 | GMBCU","10","HOLD per Jim 2026-10-07 (directors area / file posts / filter archives) — see redirects.csv"
"https://www.gmbcreditunion.com/file/abcul-the-credit-union-directors-handbook/","other","held","hold","false","","false","","ABCUL The Credit Union Directors Handbook | GMBCU","10","HOLD per Jim 2026-10-07 (directors area / file posts / filter archives) — see redirects.csv"
"https://www.gmbcreditunion.com/file/agm-agenda-2024/","other","held","hold","false","","false","","AGM Agenda 2024 | GMBCU","7","HOLD per Jim 2026-10-07 (directors area / file posts / filter archives) — see redirects.csv"
"https://www.gmbcreditunion.com/file/aml-financial-crime-policy/","other","held","hold","false","","false","","AML & Financial Crime Policy | GMBCU","9","HOLD per Jim 2026-10-07 (directors area / file posts / filter archives) — see redirects.csv"
"https://www.gmbcreditunion.com/file/annual-audited-accounts-2023/","other","held","hold","false","","false","","Annual Audited Accounts 2023 | GMBCU","8","HOLD per Jim 2026-10-07 (directors area / file posts / filter archives) — see redirects.csv"
"https://www.gmbcreditunion.com/file/annual-audited-accounts/","other","held","hold","false","","false","","Annual Audited Accounts 2022 | GMBCU","8","HOLD per Jim 2026-10-07 (directors area / file posts / filter archives) — see redirects.csv"
"https://www.gmbcreditunion.com/file/annual-report-2023/","other","held","hold","false","","false","","Annual Report 2023 | GMBCU","7","HOLD per Jim 2026-10-07 (directors area / file posts / filter archives) — see redirects.csv"
"https://www.gmbcreditunion.com/file/annual-report-2024/","other","held","hold","false","","false","","Annual Report 2024 | GMBCU","7","HOLD per Jim 2026-10-07 (directors area / file posts / filter archives) — see redirects.csv"
"https://www.gmbcreditunion.com/file/annual-report/","other","held","hold","false","","false","","Annual Report 2022 | GMBCU","7","HOLD per Jim 2026-10-07 (directors area / file posts / filter archives) — see redirects.csv"
"https://www.gmbcreditunion.com/file/anti-bribery-corruption-policy/","other","held","hold","false","","false","","Anti-Bribery Corruption Policy | GMBCU","7","HOLD per Jim 2026-10-07 (directors area / file posts / filter archives) — see redirects.csv"
"https://www.gmbcreditunion.com/file/april-2023-marketing-overview/","other","held","hold","false","","false","","April 2023 - marketing overview | GMBCU","9","HOLD per Jim 2026-10-07 (directors area / file posts / filter archives) — see redirects.csv"
"https://www.gmbcreditunion.com/file/april-2023-monthly-loan-stats/","other","held","hold","false","","false","","April 2023 - monthly loan stats | GMBCU","10","HOLD per Jim 2026-10-07 (directors area / file posts / filter archives) — see redirects.csv"
"https://www.gmbcreditunion.com/file/april-2023-monthly-processing-stats/","other","held","hold","false","","false","","April 2023 - monthly processing stats | GMBCU","10","HOLD per Jim 2026-10-07 (directors area / file posts / filter archives) — see redirects.csv"
"https://www.gmbcreditunion.com/file/april-2023-monthly-report/","other","held","hold","false","","false","","April 2023 - monthly report | GMBCU","9","HOLD per Jim 2026-10-07 (directors area / file posts / filter archives) — see redirects.csv"
"https://www.gmbcreditunion.com/file/august-2023-loan-stats-2/","other","held","hold","false","","false","","August 2023 - Loan Stats | GMBCU","9","HOLD per Jim 2026-10-07 (directors area / file posts / filter archives) — see redirects.csv"
"https://www.gmbcreditunion.com/file/august-2023-loan-stats/","other","held","hold","false","","false","","August 2023 - Loan stats | GMBCU","9","HOLD per Jim 2026-10-07 (directors area / file posts / filter archives) — see redirects.csv"
"https://www.gmbcreditunion.com/file/august-2023-marketing-overview/","other","held","hold","false","","false","","August 2023 - marketing overview | GMBCU","9","HOLD per Jim 2026-10-07 (directors area / file posts / filter archives) — see redirects.csv"
"https://www.gmbcreditunion.com/file/august-2023-monthly-processing-stats/","other","held","hold","false","","false","","August 2023 - Monthly Processing Stats | GMBCU","10","HOLD per Jim 2026-10-07 (directors area / file posts / filter archives) — see redirects.csv"
"https://www.gmbcreditunion.com/file/august-2023-monthly-report/","other","held","hold","false","","false","","August 2023 - Monthly Report | GMBCU","9","HOLD per Jim 2026-10-07 (directors area / file posts / filter archives) — see redirects.csv"
"https://www.gmbcreditunion.com/file/august-2023-processing-stats/","other","held","hold","false","","false","","August 2023 - Processing Stats | GMBCU","9","HOLD per Jim 2026-10-07 (directors area / file posts / filter archives) — see redirects.csv"
"https://www.gmbcreditunion.com/file/board-minutes-14th-june-2023/","other","held","hold","false","","false","","Board Minutes - 14th June 2023 | GMBCU","10","HOLD per Jim 2026-10-07 (directors area / file posts / filter archives) — see redirects.csv"
"https://www.gmbcreditunion.com/file/board-minutes-20th-june-2024/","other","held","hold","false","","false","","Board Minutes - 20th June 2024 | GMBCU","10","HOLD per Jim 2026-10-07 (directors area / file posts / filter archives) — see redirects.csv"
"https://www.gmbcreditunion.com/file/board-minutes-22nd-march-2023/","other","held","hold","false","","false","","Board Minutes - 22nd March 2023 | GMBCU","10","HOLD per Jim 2026-10-07 (directors area / file posts / filter archives) — see redirects.csv"
"https://www.gmbcreditunion.com/file/board-minutes-27th-september-2023/","other","held","hold","false","","false","","Board Minutes - 27th September 2023 | GMBCU","10","HOLD per Jim 2026-10-07 (directors area / file posts / filter archives) — see redirects.csv"
"https://www.gmbcreditunion.com/file/board-minutes-29th-nov-2023/","other","held","hold","false","","false","","Board Minutes - 29th November 2023 | GMBCU","10","HOLD per Jim 2026-10-07 (directors area / file posts / filter archives) — see redirects.csv"
"https://www.gmbcreditunion.com/file/board-minutes-5th-september-2024/","other","held","hold","false","","false","","Board Minutes - 5th September 2024 | GMBCU","10","HOLD per Jim 2026-10-07 (directors area / file posts / filter archives) — see redirects.csv"
"https://www.gmbcreditunion.com/file/board-minutes-7th-nov-2024/","other","held","hold","false","","false","","Board Minutes - 7th November 2024 | GMBCU","10","HOLD per Jim 2026-10-07 (directors area / file posts / filter archives) — see redirects.csv"
"https://www.gmbcreditunion.com/file/board-of-directors-report/","other","held","hold","false","","false","","Board of Directors Report | GMBCU","8","HOLD per Jim 2026-10-07 (directors area / file posts / filter archives) — see redirects.csv"
"https://www.gmbcreditunion.com/file/breaches-policy/","other","held","hold","false","","false","","Breaches Policy | GMBCU","6","HOLD per Jim 2026-10-07 (directors area / file posts / filter archives) — see redirects.csv"
"https://www.gmbcreditunion.com/file/budget/","other","held","hold","false","","false","","Budget 2025 | GMBCU","6","HOLD per Jim 2026-10-07 (directors area / file posts / filter archives) — see redirects.csv"
"https://www.gmbcreditunion.com/file/bullying-and-harrassment/","other","held","hold","false","","false","","Bullying and Harrassment | GMBCU","7","HOLD per Jim 2026-10-07 (directors area / file posts / filter archives) — see redirects.csv"
"https://www.gmbcreditunion.com/file/business-continuity-plan/","other","held","hold","false","","false","","Business Continuity Plan | GMBCU","7","HOLD per Jim 2026-10-07 (directors area / file posts / filter archives) — see redirects.csv"
"https://www.gmbcreditunion.com/file/business-plan-2024/","other","held","hold","false","","false","","Business Plan 2024 | GMBCU","7","HOLD per Jim 2026-10-07 (directors area / file posts / filter archives) — see redirects.csv"
"https://www.gmbcreditunion.com/file/business-plan-2025/","other","held","hold","false","","false","","Business Plan 2025 | GMBCU","7","HOLD per Jim 2026-10-07 (directors area / file posts / filter archives) — see redirects.csv"
"https://www.gmbcreditunion.com/file/business-plan/","other","held","hold","false","","false","","Business Plan 2023 | GMBCU","7","HOLD per Jim 2026-10-07 (directors area / file posts / filter archives) — see redirects.csv"
"https://www.gmbcreditunion.com/file/capability-and-performance-management/","other","held","hold","false","","false","","Capability and Performance Management | GMBCU","8","HOLD per Jim 2026-10-07 (directors area / file posts / filter archives) — see redirects.csv"
"https://www.gmbcreditunion.com/file/code-of-governance-for-gmbcu-board/","other","held","hold","false","","false","","Code of Governance for GMBCU Board | GMBCU","10","HOLD per Jim 2026-10-07 (directors area / file posts / filter archives) — see redirects.csv"
"https://www.gmbcreditunion.com/file/compassionate-leave/","other","held","hold","false","","false","","Compassionate Leave | GMBCU","6","HOLD per Jim 2026-10-07 (directors area / file posts / filter archives) — see redirects.csv"
"https://www.gmbcreditunion.com/file/complaint-handling-policy-and-procedures/","other","held","hold","false","","false","","Complaint Handling Policy and Procedures | GMBCU","9","HOLD per Jim 2026-10-07 (directors area / file posts / filter archives) — see redirects.csv"
"https://www.gmbcreditunion.com/file/complaints-directors-report/","other","held","hold","false","","false","","Complaints Director's Report | GMBCU","7","HOLD per Jim 2026-10-07 (directors area / file posts / filter archives) — see redirects.csv"
"https://www.gmbcreditunion.com/file/compliance-framework-policies-and-procedures/","other","held","hold","false","","false","","Compliance Framework Policies and Procedures | GMBCU","9","HOLD per Jim 2026-10-07 (directors area / file posts / filter archives) — see redirects.csv"
"https://www.gmbcreditunion.com/file/confidentiality-policy-declaration/","other","held","hold","false","","false","","Confidentiality Policy & Declaration | GMBCU","8","HOLD per Jim 2026-10-07 (directors area / file posts / filter archives) — see redirects.csv"
"https://www.gmbcreditunion.com/file/conflicts-of-interest-policy/","other","held","hold","false","","false","","Conflicts of Interest Policy | GMBCU","8","HOLD per Jim 2026-10-07 (directors area / file posts / filter archives) — see redirects.csv"
"https://www.gmbcreditunion.com/file/consumer-duty-implementation-plan/","other","held","hold","false","","false","","Consumer Duty Implementation Plan | GMBCU","8","HOLD per Jim 2026-10-07 (directors area / file posts / filter archives) — see redirects.csv"
"https://www.gmbcreditunion.com/file/consumer-duty-treating-members-fairly-policy/","other","held","hold","false","","false","","Consumer Duty & Treating Members Fairly Policy | GMBCU","11","HOLD per Jim 2026-10-07 (directors area / file posts / filter archives) — see redirects.csv"
"https://www.gmbcreditunion.com/file/consumer-duty/","other","held","hold","false","","false","","Consumer Duty Framework | GMBCU","7","HOLD per Jim 2026-10-07 (directors area / file posts / filter archives) — see redirects.csv"
"https://www.gmbcreditunion.com/file/credit-control-policy/","other","held","hold","false","","false","","Credit Control Policy | GMBCU","7","HOLD per Jim 2026-10-07 (directors area / file posts / filter archives) — see redirects.csv"
"https://www.gmbcreditunion.com/file/cyber-information-policy/","other","held","hold","false","","false","","Cyber & Information Policy | GMBCU","8","HOLD per Jim 2026-10-07 (directors area / file posts / filter archives) — see redirects.csv"
"https://www.gmbcreditunion.com/file/disciplinary-procedure/","other","held","hold","false","","false","","Disciplinary Procedure | GMBCU","6","HOLD per Jim 2026-10-07 (directors area / file posts / filter archives) — see redirects.csv"
"https://www.gmbcreditunion.com/file/emergency-dependants-leave/","other","held","hold","false","","false","","Emergency Dependants Leave | GMBCU","7","HOLD per Jim 2026-10-07 (directors area / file posts / filter archives) — see redirects.csv"
"https://www.gmbcreditunion.com/file/employment-terms-conditions/","other","held","hold","false","","false","","Employment Terms & Conditions | GMBCU","8","HOLD per Jim 2026-10-07 (directors area / file posts / filter archives) — see redirects.csv"
"https://www.gmbcreditunion.com/file/equality-diversity-inclusion/","other","held","hold","false","","false","","Equality Diversity & Inclusion | GMBCU","8","HOLD per Jim 2026-10-07 (directors area / file posts / filter archives) — see redirects.csv"
"https://www.gmbcreditunion.com/file/february-2023-marketing-overview/","other","held","hold","false","","false","","February 2023 - marketing overview | GMBCU","9","HOLD per Jim 2026-10-07 (directors area / file posts / filter archives) — see redirects.csv"
"https://www.gmbcreditunion.com/file/february-2023-monthly-loan-stats/","other","held","hold","false","","false","","February 2023 - monthly loan stats | GMBCU","10","HOLD per Jim 2026-10-07 (directors area / file posts / filter archives) — see redirects.csv"
"https://www.gmbcreditunion.com/file/february-2023-monthly-processing-stats/","other","held","hold","false","","false","","February 2023 - monthly processing stats | GMBCU","10","HOLD per Jim 2026-10-07 (directors area / file posts / filter archives) — see redirects.csv"
"https://www.gmbcreditunion.com/file/february-2023-monthly-report/","other","held","hold","false","","false","","February 2023 - monthly report | GMBCU","9","HOLD per Jim 2026-10-07 (directors area / file posts / filter archives) — see redirects.csv"
"https://www.gmbcreditunion.com/file/financial-management-policy/","other","held","hold","false","","false","","Financial Management Policy | GMBCU","7","HOLD per Jim 2026-10-07 (directors area / file posts / filter archives) — see redirects.csv"
"https://www.gmbcreditunion.com/file/financial-promotions-policy/","other","held","hold","false","","false","","Financial Promotions Policy | GMBCU","7","HOLD per Jim 2026-10-07 (directors area / file posts / filter archives) — see redirects.csv"
"https://www.gmbcreditunion.com/file/flexible-working/","other","held","hold","false","","false","","Flexible Working | GMBCU","6","HOLD per Jim 2026-10-07 (directors area / file posts / filter archives) — see redirects.csv"
"https://www.gmbcreditunion.com/file/friends-of-gmbcu-prize-draw-report/","other","held","hold","false","","false","","Friends of GMBCU Prize Draw Report | GMBCU","10","HOLD per Jim 2026-10-07 (directors area / file posts / filter archives) — see redirects.csv"
"https://www.gmbcreditunion.com/file/gifts-hospitality-policy/","other","held","hold","false","","false","","Gifts & Hospitality Policy | GMBCU","8","HOLD per Jim 2026-10-07 (directors area / file posts / filter archives) — see redirects.csv"
"https://www.gmbcreditunion.com/file/gmb-risk-appetite-statements-2023/","other","held","hold","false","","false","","GMB Risk Appetite Statements 2023 | GMBCU","9","HOLD per Jim 2026-10-07 (directors area / file posts / filter archives) — see redirects.csv"
"https://www.gmbcreditunion.com/file/gmbcu-board-evaluation/","other","held","hold","false","","false","","GMBCU Board Evaluation | GMBCU","7","HOLD per Jim 2026-10-07 (directors area / file posts / filter archives) — see redirects.csv"
"https://www.gmbcreditunion.com/file/gmbcu-confidentiality-policy-declaration-form-2024/","other","held","hold","false","","false","","GMBCU Confidentiality Policy Declaration Form 2024 | GMBCU","10","HOLD per Jim 2026-10-07 (directors area / file posts / filter archives) — see redirects.csv"
"https://www.gmbcreditunion.com/file/gmbcu-director-recruitment-and-succession/","other","held","hold","false","","false","","GMBCU Director Recruitment and Succession | GMBCU","9","HOLD per Jim 2026-10-07 (directors area / file posts / filter archives) — see redirects.csv"
"https://www.gmbcreditunion.com/file/gmbcu-organisational-chart-2024/","other","held","hold","false","","false","","GMBCU Organisational Chart 2024 | GMBCU","8","HOLD per Jim 2026-10-07 (directors area / file posts / filter archives) — see redirects.csv"
"https://www.gmbcreditunion.com/file/gmbcu-risk-appetite-statement-2024/","other","held","hold","false","","false","","GMBCU Risk Appetite Statement 2024 | GMBCU","9","HOLD per Jim 2026-10-07 (directors area / file posts / filter archives) — see redirects.csv"
"https://www.gmbcreditunion.com/file/governance-and-senior-management/","other","held","hold","false","","false","","Governance and Senior Management Framework | GMBCU","9","HOLD per Jim 2026-10-07 (directors area / file posts / filter archives) — see redirects.csv"
"https://www.gmbcreditunion.com/file/governance-for-effective-boards/","other","held","hold","false","","false","","Governance for Effective Boards | GMBCU","8","HOLD per Jim 2026-10-07 (directors area / file posts / filter archives) — see redirects.csv"
"https://www.gmbcreditunion.com/file/governance-roles/","other","held","hold","false","","false","","Governance Roles | GMBCU","6","HOLD per Jim 2026-10-07 (directors area / file posts / filter archives) — see redirects.csv"
"https://www.gmbcreditunion.com/file/governance-statement-on-authorities/","other","held","hold","false","","false","","Governance Statement on Authorities | GMBCU","8","HOLD per Jim 2026-10-07 (directors area / file posts / filter archives) — see redirects.csv"
"https://www.gmbcreditunion.com/file/governance/","other","held","hold","false","","false","","Governance | GMBCU","5","HOLD per Jim 2026-10-07 (directors area / file posts / filter archives) — see redirects.csv"
"https://www.gmbcreditunion.com/file/health-safety/","other","held","hold","false","","false","","Health & Safety | GMBCU","7","HOLD per Jim 2026-10-07 (directors area / file posts / filter archives) — see redirects.csv"
"https://www.gmbcreditunion.com/file/information-security-policy/","other","held","hold","false","","false","","Information Security Policy | GMBCU","7","HOLD per Jim 2026-10-07 (directors area / file posts / filter archives) — see redirects.csv"
"https://www.gmbcreditunion.com/file/it-infrastructure/","other","held","hold","false","","false","","IT Infrastructure | GMBCU","6","HOLD per Jim 2026-10-07 (directors area / file posts / filter archives) — see redirects.csv"
"https://www.gmbcreditunion.com/file/january-2023-marketing-overview/","other","held","hold","false","","false","","January 2023 - marketing overview | GMBCU","9","HOLD per Jim 2026-10-07 (directors area / file posts / filter archives) — see redirects.csv"
"https://www.gmbcreditunion.com/file/january-2023-monthly-loan-stat/","other","held","hold","false","","false","","January 2023 - monthly loan stat | GMBCU","10","HOLD per Jim 2026-10-07 (directors area / file posts / filter archives) — see redirects.csv"
"https://www.gmbcreditunion.com/file/january-2023-monthly-processing-stats/","other","held","hold","false","","false","","January 2023 - monthly processing stats | GMBCU","10","HOLD per Jim 2026-10-07 (directors area / file posts / filter archives) — see redirects.csv"
"https://www.gmbcreditunion.com/file/january-2023-monthly-report/","other","held","hold","false","","false","","January 2023 - monthly report | GMBCU","9","HOLD per Jim 2026-10-07 (directors area / file posts / filter archives) — see redirects.csv"
"https://www.gmbcreditunion.com/file/july-2023-marketing-overview/","other","held","hold","false","","false","","July 2023 - marketing overview | GMBCU","9","HOLD per Jim 2026-10-07 (directors area / file posts / filter archives) — see redirects.csv"
"https://www.gmbcreditunion.com/file/july-2023-monthly-loan-stats/","other","held","hold","false","","false","","July 2023 - monthly loan stats | GMBCU","10","HOLD per Jim 2026-10-07 (directors area / file posts / filter archives) — see redirects.csv"
"https://www.gmbcreditunion.com/file/july-2023-monthly-processing-stats/","other","held","hold","false","","false","","July 2023 - monthly processing stats | GMBCU","10","HOLD per Jim 2026-10-07 (directors area / file posts / filter archives) — see redirects.csv"
"https://www.gmbcreditunion.com/file/july-2023-monthly-report/","other","held","hold","false","","false","","July 2023 - monthly report | GMBCU","9","HOLD per Jim 2026-10-07 (directors area / file posts / filter archives) — see redirects.csv"
"https://www.gmbcreditunion.com/file/june-2023-marketing-overview/","other","held","hold","false","","false","","June 2023 - marketing overview | GMBCU","9","HOLD per Jim 2026-10-07 (directors area / file posts / filter archives) — see redirects.csv"
"https://www.gmbcreditunion.com/file/june-2023-monthly-loan-stats/","other","held","hold","false","","false","","June 2023 - monthly loan stats | GMBCU","10","HOLD per Jim 2026-10-07 (directors area / file posts / filter archives) — see redirects.csv"
"https://www.gmbcreditunion.com/file/june-2023-monthly-processing-stats/","other","held","hold","false","","false","","June 2023 - monthly processing stats | GMBCU","10","HOLD per Jim 2026-10-07 (directors area / file posts / filter archives) — see redirects.csv"
"https://www.gmbcreditunion.com/file/june-2023-monthly-report/","other","held","hold","false","","false","","June 2023 - monthly report | GMBCU","9","HOLD per Jim 2026-10-07 (directors area / file posts / filter archives) — see redirects.csv"
"https://www.gmbcreditunion.com/file/liquidity-policy/","other","held","hold","false","","false","","Liquidity Policy | GMBCU","6","HOLD per Jim 2026-10-07 (directors area / file posts / filter archives) — see redirects.csv"
"https://www.gmbcreditunion.com/file/loan-stats-april-2025/","other","held","hold","false","","false","","Loan Stats - April 2025 | GMBCU","9","HOLD per Jim 2026-10-07 (directors area / file posts / filter archives) — see redirects.csv"
"https://www.gmbcreditunion.com/file/loan-stats-jan-2025/","other","held","hold","false","","false","","Loan Stats - Jan 2025 | GMBCU","9","HOLD per Jim 2026-10-07 (directors area / file posts / filter archives) — see redirects.csv"
"https://www.gmbcreditunion.com/file/loan-stats-july-2024/","other","held","hold","false","","false","","Loan Stats - July 2024 | GMBCU","9","HOLD per Jim 2026-10-07 (directors area / file posts / filter archives) — see redirects.csv"
"https://www.gmbcreditunion.com/file/loan-stats-march-2024/","other","held","hold","false","","false","","Loan Stats - March 2024 | GMBCU","9","HOLD per Jim 2026-10-07 (directors area / file posts / filter archives) — see redirects.csv"
"https://www.gmbcreditunion.com/file/loan-stats-march-2025/","other","held","hold","false","","false","","Loan Stats - March 2025 | GMBCU","9","HOLD per Jim 2026-10-07 (directors area / file posts / filter archives) — see redirects.csv"
"https://www.gmbcreditunion.com/file/loan-stats-october-2023/","other","held","hold","false","","false","","Loan Stats October 2023 | GMBCU","8","HOLD per Jim 2026-10-07 (directors area / file posts / filter archives) — see redirects.csv"
"https://www.gmbcreditunion.com/file/loans-policy/","other","held","hold","false","","false","","Loans Policy | GMBCU","6","HOLD per Jim 2026-10-07 (directors area / file posts / filter archives) — see redirects.csv"
"https://www.gmbcreditunion.com/file/march-2023-marketing-overview/","other","held","hold","false","","false","","March 2023 - marketing overview | GMBCU","9","HOLD per Jim 2026-10-07 (directors area / file posts / filter archives) — see redirects.csv"
"https://www.gmbcreditunion.com/file/march-2023-monthly-loan-stats/","other","held","hold","false","","false","","March 2023 - monthly loan stats | GMBCU","10","HOLD per Jim 2026-10-07 (directors area / file posts / filter archives) — see redirects.csv"
"https://www.gmbcreditunion.com/file/march-2023-monthly-processing-stats/","other","held","hold","false","","false","","March 2023 - monthly processing stats | GMBCU","10","HOLD per Jim 2026-10-07 (directors area / file posts / filter archives) — see redirects.csv"
"https://www.gmbcreditunion.com/file/march-2023-monthly-report/","other","held","hold","false","","false","","March 2023 - monthly report | GMBCU","9","HOLD per Jim 2026-10-07 (directors area / file posts / filter archives) — see redirects.csv"
"https://www.gmbcreditunion.com/file/marketing-overview-10/","other","held","hold","false","","false","","Marketing Overview | GMBCU","6","HOLD per Jim 2026-10-07 (directors area / file posts / filter archives) — see redirects.csv"
"https://www.gmbcreditunion.com/file/marketing-overview-11/","other","held","hold","false","","false","","Marketing Overview | GMBCU","6","HOLD per Jim 2026-10-07 (directors area / file posts / filter archives) — see redirects.csv"
"https://www.gmbcreditunion.com/file/marketing-overview-12/","other","held","hold","false","","false","","Marketing Overview | GMBCU","6","HOLD per Jim 2026-10-07 (directors area / file posts / filter archives) — see redirects.csv"
"https://www.gmbcreditunion.com/file/marketing-overview-13/","other","held","hold","false","","false","","Marketing Overview | GMBCU","6","HOLD per Jim 2026-10-07 (directors area / file posts / filter archives) — see redirects.csv"
"https://www.gmbcreditunion.com/file/marketing-overview-14/","other","held","hold","false","","false","","Marketing Overview | GMBCU","6","HOLD per Jim 2026-10-07 (directors area / file posts / filter archives) — see redirects.csv"
"https://www.gmbcreditunion.com/file/marketing-overview-15/","other","held","hold","false","","false","","Marketing Overview | GMBCU","6","HOLD per Jim 2026-10-07 (directors area / file posts / filter archives) — see redirects.csv"
"https://www.gmbcreditunion.com/file/marketing-overview-16/","other","held","hold","false","","false","","Marketing Overview | GMBCU","6","HOLD per Jim 2026-10-07 (directors area / file posts / filter archives) — see redirects.csv"
"https://www.gmbcreditunion.com/file/marketing-overview-17/","other","held","hold","false","","false","","Marketing Overview | GMBCU","6","HOLD per Jim 2026-10-07 (directors area / file posts / filter archives) — see redirects.csv"
"https://www.gmbcreditunion.com/file/marketing-overview-18/","other","held","hold","false","","false","","Marketing overview | GMBCU","6","HOLD per Jim 2026-10-07 (directors area / file posts / filter archives) — see redirects.csv"
"https://www.gmbcreditunion.com/file/marketing-overview-19/","other","held","hold","false","","false","","Marketing Overview | GMBCU","6","HOLD per Jim 2026-10-07 (directors area / file posts / filter archives) — see redirects.csv"
"https://www.gmbcreditunion.com/file/marketing-overview-2/","other","held","hold","false","","false","","Marketing Overview | GMBCU","6","HOLD per Jim 2026-10-07 (directors area / file posts / filter archives) — see redirects.csv"
"https://www.gmbcreditunion.com/file/marketing-overview-20/","other","held","hold","false","","false","","Marketing Overview | GMBCU","6","HOLD per Jim 2026-10-07 (directors area / file posts / filter archives) — see redirects.csv"
"https://www.gmbcreditunion.com/file/marketing-overview-21/","other","held","hold","false","","false","","Marketing Overview | GMBCU","6","HOLD per Jim 2026-10-07 (directors area / file posts / filter archives) — see redirects.csv"
"https://www.gmbcreditunion.com/file/marketing-overview-22/","other","held","hold","false","","false","","Marketing Overview | GMBCU","6","HOLD per Jim 2026-10-07 (directors area / file posts / filter archives) — see redirects.csv"
"https://www.gmbcreditunion.com/file/marketing-overview-23/","other","held","hold","false","","false","","Marketing Overview | GMBCU","6","HOLD per Jim 2026-10-07 (directors area / file posts / filter archives) — see redirects.csv"
"https://www.gmbcreditunion.com/file/marketing-overview-24/","other","held","hold","false","","false","","Marketing Overview | GMBCU","6","HOLD per Jim 2026-10-07 (directors area / file posts / filter archives) — see redirects.csv"
"https://www.gmbcreditunion.com/file/marketing-overview-25/","other","held","hold","false","","false","","Marketing Overview | GMBCU","6","HOLD per Jim 2026-10-07 (directors area / file posts / filter archives) — see redirects.csv"
"https://www.gmbcreditunion.com/file/marketing-overview-26/","other","held","hold","false","","false","","Marketing Overview | GMBCU","6","HOLD per Jim 2026-10-07 (directors area / file posts / filter archives) — see redirects.csv"
"https://www.gmbcreditunion.com/file/marketing-overview-27/","other","held","hold","false","","false","","Marketing Overview | GMBCU","6","HOLD per Jim 2026-10-07 (directors area / file posts / filter archives) — see redirects.csv"
"https://www.gmbcreditunion.com/file/marketing-overview-28/","other","held","hold","false","","false","","Marketing Overview | GMBCU","6","HOLD per Jim 2026-10-07 (directors area / file posts / filter archives) — see redirects.csv"
"https://www.gmbcreditunion.com/file/marketing-overview-29/","other","held","hold","false","","false","","Marketing Overview | GMBCU","6","HOLD per Jim 2026-10-07 (directors area / file posts / filter archives) — see redirects.csv"
"https://www.gmbcreditunion.com/file/marketing-overview-3/","other","held","hold","false","","false","","Marketing Overview | GMBCU","6","HOLD per Jim 2026-10-07 (directors area / file posts / filter archives) — see redirects.csv"
"https://www.gmbcreditunion.com/file/marketing-overview-30/","other","held","hold","false","","false","","Marketing Overview | GMBCU","6","HOLD per Jim 2026-10-07 (directors area / file posts / filter archives) — see redirects.csv"
"https://www.gmbcreditunion.com/file/marketing-overview-31/","other","held","hold","false","","false","","Marketing Overview | GMBCU","6","HOLD per Jim 2026-10-07 (directors area / file posts / filter archives) — see redirects.csv"
"https://www.gmbcreditunion.com/file/marketing-overview-4/","other","held","hold","false","","false","","Marketing Overview | GMBCU","6","HOLD per Jim 2026-10-07 (directors area / file posts / filter archives) — see redirects.csv"
"https://www.gmbcreditunion.com/file/marketing-overview-5/","other","held","hold","false","","false","","Marketing Overview | GMBCU","6","HOLD per Jim 2026-10-07 (directors area / file posts / filter archives) — see redirects.csv"
"https://www.gmbcreditunion.com/file/marketing-overview-6/","other","held","hold","false","","false","","Marketing Overview | GMBCU","6","HOLD per Jim 2026-10-07 (directors area / file posts / filter archives) — see redirects.csv"
"https://www.gmbcreditunion.com/file/marketing-overview-7/","other","held","hold","false","","false","","Marketing Overview | GMBCU","6","HOLD per Jim 2026-10-07 (directors area / file posts / filter archives) — see redirects.csv"
"https://www.gmbcreditunion.com/file/marketing-overview-8/","other","held","hold","false","","false","","Marketing Overview | GMBCU","6","HOLD per Jim 2026-10-07 (directors area / file posts / filter archives) — see redirects.csv"
"https://www.gmbcreditunion.com/file/marketing-overview-9/","other","held","hold","false","","false","","Marketing Overview | GMBCU","6","HOLD per Jim 2026-10-07 (directors area / file posts / filter archives) — see redirects.csv"
"https://www.gmbcreditunion.com/file/marketing-overview/","other","held","hold","false","","false","","Marketing Overview | GMBCU","6","HOLD per Jim 2026-10-07 (directors area / file posts / filter archives) — see redirects.csv"
"https://www.gmbcreditunion.com/file/marketing-report-december-2023/","other","held","hold","false","","false","","Marketing report - December 2023 | GMBCU","9","HOLD per Jim 2026-10-07 (directors area / file posts / filter archives) — see redirects.csv"
"https://www.gmbcreditunion.com/file/marketing-report-february-2024/","other","held","hold","false","","false","","Marketing report - February 2024 | GMBCU","9","HOLD per Jim 2026-10-07 (directors area / file posts / filter archives) — see redirects.csv"
"https://www.gmbcreditunion.com/file/marketing-report-january-2024/","other","held","hold","false","","false","","Marketing report - January 2024 | GMBCU","9","HOLD per Jim 2026-10-07 (directors area / file posts / filter archives) — see redirects.csv"
"https://www.gmbcreditunion.com/file/maternity-paternity-adoption/","other","held","hold","false","","false","","Maternity Paternity & Adoption | GMBCU","8","HOLD per Jim 2026-10-07 (directors area / file posts / filter archives) — see redirects.csv"
"https://www.gmbcreditunion.com/file/may-2023-marketing-overview/","other","held","hold","false","","false","","May 2023 - marketing overview | GMBCU","9","HOLD per Jim 2026-10-07 (directors area / file posts / filter archives) — see redirects.csv"
"https://www.gmbcreditunion.com/file/may-2023-monthly-loan-stats/","other","held","hold","false","","false","","May 2023 - monthly loan stats | GMBCU","10","HOLD per Jim 2026-10-07 (directors area / file posts / filter archives) — see redirects.csv"
"https://www.gmbcreditunion.com/file/may-2023-monthly-processing-stats/","other","held","hold","false","","false","","May 2023 - monthly processing stats | GMBCU","10","HOLD per Jim 2026-10-07 (directors area / file posts / filter archives) — see redirects.csv"
"https://www.gmbcreditunion.com/file/may-2023-monthly-report/","other","held","hold","false","","false","","May 2023 - monthly report | GMBCU","9","HOLD per Jim 2026-10-07 (directors area / file posts / filter archives) — see redirects.csv"
"https://www.gmbcreditunion.com/file/member-processing-statistics-october-2025/","other","held","hold","false","","false","","Member Processing Statistics - October 2025 | GMBCU","10","HOLD per Jim 2026-10-07 (directors area / file posts / filter archives) — see redirects.csv"
"https://www.gmbcreditunion.com/file/menopause/","other","held","hold","false","","false","","Menopause | GMBCU","5","HOLD per Jim 2026-10-07 (directors area / file posts / filter archives) — see redirects.csv"
"https://www.gmbcreditunion.com/file/minutes-of-the-2023-agm/","other","held","hold","false","","false","","Minutes of the 2023 AGM | GMBCU","9","HOLD per Jim 2026-10-07 (directors area / file posts / filter archives) — see redirects.csv"
"https://www.gmbcreditunion.com/file/money-laundering-officers-report/","other","held","hold","false","","false","","Money Laundering Officer's Report | GMBCU","8","HOLD per Jim 2026-10-07 (directors area / file posts / filter archives) — see redirects.csv"
"https://www.gmbcreditunion.com/file/monthly-loan-stats-april-2024/","other","held","hold","false","","false","","Monthly Loan Stats - April 2024 | GMBCU","10","HOLD per Jim 2026-10-07 (directors area / file posts / filter archives) — see redirects.csv"
"https://www.gmbcreditunion.com/file/monthly-loan-stats-april-2026/","other","held","hold","false","","false","","Monthly Loan Stats – April 2026 | GMBCU","10","HOLD per Jim 2026-10-07 (directors area / file posts / filter archives) — see redirects.csv"
"https://www.gmbcreditunion.com/file/monthly-loan-stats-august-2024/","other","held","hold","false","","false","","Monthly Loan Stats - August 2024 | GMBCU","10","HOLD per Jim 2026-10-07 (directors area / file posts / filter archives) — see redirects.csv"
"https://www.gmbcreditunion.com/file/monthly-loan-stats-august-2025/","other","held","hold","false","","false","","Monthly Loan Stats - August 2025 | GMBCU","10","HOLD per Jim 2026-10-07 (directors area / file posts / filter archives) — see redirects.csv"
"https://www.gmbcreditunion.com/file/monthly-loan-stats-august-2026/","other","held","hold","false","","false","","Monthly Loan Stats – August 2026 | GMBCU","10","HOLD per Jim 2026-10-07 (directors area / file posts / filter archives) — see redirects.csv"
"https://www.gmbcreditunion.com/file/monthly-loan-stats-dec-2024/","other","held","hold","false","","false","","Monthly Loan Stats - Dec 2024 | GMBCU","10","HOLD per Jim 2026-10-07 (directors area / file posts / filter archives) — see redirects.csv"
"https://www.gmbcreditunion.com/file/monthly-loan-stats-december-2023/","other","held","hold","false","","false","","Monthly Loan Stats - December 2023 | GMBCU","10","HOLD per Jim 2026-10-07 (directors area / file posts / filter archives) — see redirects.csv"
"https://www.gmbcreditunion.com/file/monthly-loan-stats-december-2025/","other","held","hold","false","","false","","Monthly Loan Stats - December 2025 | GMBCU","10","HOLD per Jim 2026-10-07 (directors area / file posts / filter archives) — see redirects.csv"
"https://www.gmbcreditunion.com/file/monthly-loan-stats-feb-2024/","other","held","hold","false","","false","","Monthly Loan Stats - Feb 2024 | GMBCU","10","HOLD per Jim 2026-10-07 (directors area / file posts / filter archives) — see redirects.csv"
"https://www.gmbcreditunion.com/file/monthly-loan-stats-february-2026/","other","held","hold","false","","false","","Monthly Loan Stats - February 2026 | GMBCU","10","HOLD per Jim 2026-10-07 (directors area / file posts / filter archives) — see redirects.csv"
"https://www.gmbcreditunion.com/file/monthly-loan-stats-jan-2024/","other","held","hold","false","","false","","Monthly Loan Stats - Jan 2024 | GMBCU","10","HOLD per Jim 2026-10-07 (directors area / file posts / filter archives) — see redirects.csv"
"https://www.gmbcreditunion.com/file/monthly-loan-stats-january-2026/","other","held","hold","false","","false","","Monthly Loan Stats - January 2026 | GMBCU","10","HOLD per Jim 2026-10-07 (directors area / file posts / filter archives) — see redirects.csv"
"https://www.gmbcreditunion.com/file/monthly-loan-stats-july-2025/","other","held","hold","false","","false","","Monthly Loan Stats - July 2025 | GMBCU","10","HOLD per Jim 2026-10-07 (directors area / file posts / filter archives) — see redirects.csv"
"https://www.gmbcreditunion.com/file/monthly-loan-stats-july-2026/","other","held","hold","false","","false","","Monthly Loan Stats – July 2026 | GMBCU","10","HOLD per Jim 2026-10-07 (directors area / file posts / filter archives) — see redirects.csv"
"https://www.gmbcreditunion.com/file/monthly-loan-stats-june-2024/","other","held","hold","false","","false","","Monthly Loan Stats - June 2024 | GMBCU","10","HOLD per Jim 2026-10-07 (directors area / file posts / filter archives) — see redirects.csv"
"https://www.gmbcreditunion.com/file/monthly-loan-stats-june-2025/","other","held","hold","false","","false","","Monthly Loan Stats - June 2025 | GMBCU","10","HOLD per Jim 2026-10-07 (directors area / file posts / filter archives) — see redirects.csv"
"https://www.gmbcreditunion.com/file/monthly-loan-stats-june-2026/","other","held","hold","false","","false","","Monthly Loan Stats – June 2026 | GMBCU","10","HOLD per Jim 2026-10-07 (directors area / file posts / filter archives) — see redirects.csv"
"https://www.gmbcreditunion.com/file/monthly-loan-stats-march-2026/","other","held","hold","false","","false","","Monthly Loan Stats – March 2026 | GMBCU","10","HOLD per Jim 2026-10-07 (directors area / file posts / filter archives) — see redirects.csv"
"https://www.gmbcreditunion.com/file/monthly-loan-stats-may-2024/","other","held","hold","false","","false","","Monthly Loan Stats - May 2024 | GMBCU","10","HOLD per Jim 2026-10-07 (directors area / file posts / filter archives) — see redirects.csv"
"https://www.gmbcreditunion.com/file/monthly-loan-stats-may-2025/","other","held","hold","false","","false","","Monthly Loan Stats - May 2025 | GMBCU","10","HOLD per Jim 2026-10-07 (directors area / file posts / filter archives) — see redirects.csv"
"https://www.gmbcreditunion.com/file/monthly-loan-stats-may-2026/","other","held","hold","false","","false","","Monthly Loan Stats – May 2026 | GMBCU","10","HOLD per Jim 2026-10-07 (directors area / file posts / filter archives) — see redirects.csv"
"https://www.gmbcreditunion.com/file/monthly-loan-stats-nov-2023/","other","held","hold","false","","false","","Monthly Loan Stats - Nov 2023 | GMBCU","10","HOLD per Jim 2026-10-07 (directors area / file posts / filter archives) — see redirects.csv"
"https://www.gmbcreditunion.com/file/monthly-loan-stats-nov-2024/","other","held","hold","false","","false","","Monthly Loan Stats - Nov 2024 | GMBCU","10","HOLD per Jim 2026-10-07 (directors area / file posts / filter archives) — see redirects.csv"
"https://www.gmbcreditunion.com/file/monthly-loan-stats-november-2025/","other","held","hold","false","","false","","Monthly Loan Stats – November 2025 | GMBCU","10","HOLD per Jim 2026-10-07 (directors area / file posts / filter archives) — see redirects.csv"
"https://www.gmbcreditunion.com/file/monthly-loan-stats-october-2024/","other","held","hold","false","","false","","Monthly Loan Stats - October 2024 | GMBCU","10","HOLD per Jim 2026-10-07 (directors area / file posts / filter archives) — see redirects.csv"
"https://www.gmbcreditunion.com/file/monthly-loan-stats-october-2025/","other","held","hold","false","","false","","Monthly Loan Stats – October 2025 | GMBCU","10","HOLD per Jim 2026-10-07 (directors area / file posts / filter archives) — see redirects.csv"
"https://www.gmbcreditunion.com/file/monthly-loan-stats-sep-2024/","other","held","hold","false","","false","","Monthly Loan Stats - Sep 2024 | GMBCU","10","HOLD per Jim 2026-10-07 (directors area / file posts / filter archives) — see redirects.csv"
"https://www.gmbcreditunion.com/file/monthly-loan-stats-september-2025/","other","held","hold","false","","false","","Monthly Loan Stats - September 2025 | GMBCU","10","HOLD per Jim 2026-10-07 (directors area / file posts / filter archives) — see redirects.csv"
"https://www.gmbcreditunion.com/file/monthly-loan-stats-september-2026/","other","held","hold","false","","false","","Monthly Loan Stats – September 2026 | GMBCU","10","HOLD per Jim 2026-10-07 (directors area / file posts / filter archives) — see redirects.csv"
"https://www.gmbcreditunion.com/file/monthly-loan-stats/","other","held","hold","false","","false","","Monthly Loan Stats | GMBCU","7","HOLD per Jim 2026-10-07 (directors area / file posts / filter archives) — see redirects.csv"
"https://www.gmbcreditunion.com/file/monthly-processing-stats-april-2024/","other","held","hold","false","","false","","Monthly Processing Stats - April 2024 | GMBCU","10","HOLD per Jim 2026-10-07 (directors area / file posts / filter archives) — see redirects.csv"
"https://www.gmbcreditunion.com/file/monthly-processing-stats-april-2026/","other","held","hold","false","","false","","Monthly Processing Stats – April 2026 | GMBCU","10","HOLD per Jim 2026-10-07 (directors area / file posts / filter archives) — see redirects.csv"
"https://www.gmbcreditunion.com/file/monthly-processing-stats-august-2024/","other","held","hold","false","","false","","Monthly Processing Stats - August 2024 | GMBCU","10","HOLD per Jim 2026-10-07 (directors area / file posts / filter archives) — see redirects.csv"
"https://www.gmbcreditunion.com/file/monthly-processing-stats-august-2025/","other","held","hold","false","","false","","Monthly Processing Stats - August 2025 | GMBCU","10","HOLD per Jim 2026-10-07 (directors area / file posts / filter archives) — see redirects.csv"
"https://www.gmbcreditunion.com/file/monthly-processing-stats-december-2024/","other","held","hold","false","","false","","Monthly processing stats - December 2024 | GMBCU","10","HOLD per Jim 2026-10-07 (directors area / file posts / filter archives) — see redirects.csv"
"https://www.gmbcreditunion.com/file/monthly-processing-stats-december-2025/","other","held","hold","false","","false","","Monthly Processing Stats - December 2025 | GMBCU","10","HOLD per Jim 2026-10-07 (directors area / file posts / filter archives) — see redirects.csv"
"https://www.gmbcreditunion.com/file/monthly-processing-stats-feb-2024/","other","held","hold","false","","false","","Monthly Processing Stats - Feb 2024 | GMBCU","10","HOLD per Jim 2026-10-07 (directors area / file posts / filter archives) — see redirects.csv"
"https://www.gmbcreditunion.com/file/monthly-processing-stats-february-2026/","other","held","hold","false","","false","","Monthly Processing Stats - February 2026 | GMBCU","10","HOLD per Jim 2026-10-07 (directors area / file posts / filter archives) — see redirects.csv"
"https://www.gmbcreditunion.com/file/monthly-processing-stats-jan-2024/","other","held","hold","false","","false","","Monthly Processing Stats - Jan 2024 | GMBCU","10","HOLD per Jim 2026-10-07 (directors area / file posts / filter archives) — see redirects.csv"
"https://www.gmbcreditunion.com/file/monthly-processing-stats-january/","other","held","hold","false","","false","","Monthly Processing Stats - January 2026 | GMBCU","10","HOLD per Jim 2026-10-07 (directors area / file posts / filter archives) — see redirects.csv"
"https://www.gmbcreditunion.com/file/monthly-processing-stats-july-2024/","other","held","hold","false","","false","","Monthly Processing Stats - July 2024 | GMBCU","10","HOLD per Jim 2026-10-07 (directors area / file posts / filter archives) — see redirects.csv"
"https://www.gmbcreditunion.com/file/monthly-processing-stats-july-2025/","other","held","hold","false","","false","","Monthly Processing Stats - July 2025 | GMBCU","10","HOLD per Jim 2026-10-07 (directors area / file posts / filter archives) — see redirects.csv"
"https://www.gmbcreditunion.com/file/monthly-processing-stats-july-2026/","other","held","hold","false","","false","","Monthly Processing Stats – July 2026 | GMBCU","10","HOLD per Jim 2026-10-07 (directors area / file posts / filter archives) — see redirects.csv"
"https://www.gmbcreditunion.com/file/monthly-processing-stats-june-2024/","other","held","hold","false","","false","","Monthly Processing Stats - June 2024 | GMBCU","10","HOLD per Jim 2026-10-07 (directors area / file posts / filter archives) — see redirects.csv"
"https://www.gmbcreditunion.com/file/monthly-processing-stats-june-2025/","other","held","hold","false","","false","","Monthly Processing Stats - June 2025 | GMBCU","10","HOLD per Jim 2026-10-07 (directors area / file posts / filter archives) — see redirects.csv"
"https://www.gmbcreditunion.com/file/monthly-processing-stats-june-2026/","other","held","hold","false","","false","","Monthly Processing Stats - June 2026 | GMBCU","10","HOLD per Jim 2026-10-07 (directors area / file posts / filter archives) — see redirects.csv"
"https://www.gmbcreditunion.com/file/monthly-processing-stats-march-2026/","other","held","hold","false","","false","","Monthly Processing Stats - March 2026 | GMBCU","10","HOLD per Jim 2026-10-07 (directors area / file posts / filter archives) — see redirects.csv"
"https://www.gmbcreditunion.com/file/monthly-processing-stats-may-2024/","other","held","hold","false","","false","","Monthly Processing Stats - May 2024 | GMBCU","10","HOLD per Jim 2026-10-07 (directors area / file posts / filter archives) — see redirects.csv"
"https://www.gmbcreditunion.com/file/monthly-processing-stats-may-2025/","other","held","hold","false","","false","","Monthly Processing Stats - May 2025 | GMBCU","10","HOLD per Jim 2026-10-07 (directors area / file posts / filter archives) — see redirects.csv"
"https://www.gmbcreditunion.com/file/monthly-processing-stats-may-2026/","other","held","hold","false","","false","","Monthly Processing Stats - May 2026 | GMBCU","10","HOLD per Jim 2026-10-07 (directors area / file posts / filter archives) — see redirects.csv"
"https://www.gmbcreditunion.com/file/monthly-processing-stats-nov-2023/","other","held","hold","false","","false","","Monthly Processing Stats - Nov 2023 | GMBCU","10","HOLD per Jim 2026-10-07 (directors area / file posts / filter archives) — see redirects.csv"
"https://www.gmbcreditunion.com/file/monthly-processing-stats-nov-2024/","other","held","hold","false","","false","","Monthly processing Stats - Nov 2024 | GMBCU","10","HOLD per Jim 2026-10-07 (directors area / file posts / filter archives) — see redirects.csv"
"https://www.gmbcreditunion.com/file/monthly-processing-stats-november-2025/","other","held","hold","false","","false","","Monthly Processing Stats – November 2025 | GMBCU","10","HOLD per Jim 2026-10-07 (directors area / file posts / filter archives) — see redirects.csv"
"https://www.gmbcreditunion.com/file/monthly-processing-stats-october-2024/","other","held","hold","false","","false","","Monthly Processing Stats - October 2024 | GMBCU","10","HOLD per Jim 2026-10-07 (directors area / file posts / filter archives) — see redirects.csv"
"https://www.gmbcreditunion.com/file/monthly-processing-stats-october-2025/","other","held","hold","false","","false","","Monthly Processing Stats - October 2025 | GMBCU","10","HOLD per Jim 2026-10-07 (directors area / file posts / filter archives) — see redirects.csv"
"https://www.gmbcreditunion.com/file/monthly-processing-stats-sep-2024/","other","held","hold","false","","false","","Monthly Processing Stats - Sep 2024 | GMBCU","10","HOLD per Jim 2026-10-07 (directors area / file posts / filter archives) — see redirects.csv"
"https://www.gmbcreditunion.com/file/monthly-processing-stats-september-2025/","other","held","hold","false","","false","","Monthly Processing Stats - September 2025 | GMBCU","10","HOLD per Jim 2026-10-07 (directors area / file posts / filter archives) — see redirects.csv"
"https://www.gmbcreditunion.com/file/monthly-processing-stats-september-2026/","other","held","hold","false","","false","","Monthly Processing Stats – September 2026 | GMBCU","10","HOLD per Jim 2026-10-07 (directors area / file posts / filter archives) — see redirects.csv"
"https://www.gmbcreditunion.com/file/monthly-processing-stats/","other","held","hold","false","","false","","Monthly Processing Stats | GMBCU","7","HOLD per Jim 2026-10-07 (directors area / file posts / filter archives) — see redirects.csv"
"https://www.gmbcreditunion.com/file/monthly-report-2/","other","held","hold","false","","false","","Monthly Report | GMBCU","6","HOLD per Jim 2026-10-07 (directors area / file posts / filter archives) — see redirects.csv"
"https://www.gmbcreditunion.com/file/monthly-report-april-2025/","other","held","hold","false","","false","","Monthly Report - April 2025 | GMBCU","9","HOLD per Jim 2026-10-07 (directors area / file posts / filter archives) — see redirects.csv"
"https://www.gmbcreditunion.com/file/monthly-report-april-2026/","other","held","hold","false","","false","","Monthly Report - April 2026 | GMBCU","9","HOLD per Jim 2026-10-07 (directors area / file posts / filter archives) — see redirects.csv"
"https://www.gmbcreditunion.com/file/monthly-report-august-2024/","other","held","hold","false","","false","","Monthly Report - August 2024 | GMBCU","9","HOLD per Jim 2026-10-07 (directors area / file posts / filter archives) — see redirects.csv"
"https://www.gmbcreditunion.com/file/monthly-report-august-2025/","other","held","hold","false","","false","","Monthly Report - August 2025 | GMBCU","9","HOLD per Jim 2026-10-07 (directors area / file posts / filter archives) — see redirects.csv"
"https://www.gmbcreditunion.com/file/monthly-report-august-2026-2/","other","held","hold","false","","false","","Monthly Report – August 2026 | GMBCU","9","HOLD per Jim 2026-10-07 (directors area / file posts / filter archives) — see redirects.csv"
"https://www.gmbcreditunion.com/file/monthly-report-august-2026/","other","held","hold","false","","false","","Monthly Report – August 2026 | GMBCU","9","HOLD per Jim 2026-10-07 (directors area / file posts / filter archives) — see redirects.csv"
"https://www.gmbcreditunion.com/file/monthly-report-dec-2023-2/","other","held","hold","false","","false","","Monthly Report - Dec 2023 | GMBCU","9","HOLD per Jim 2026-10-07 (directors area / file posts / filter archives) — see redirects.csv"
"https://www.gmbcreditunion.com/file/monthly-report-dec-2023/","other","held","hold","false","","false","","Monthly Processing Stats - Dec 2023 | GMBCU","10","HOLD per Jim 2026-10-07 (directors area / file posts / filter archives) — see redirects.csv"
"https://www.gmbcreditunion.com/file/monthly-report-dec-2024/","other","held","hold","false","","false","","Monthly Report - Dec 2024 | GMBCU","9","HOLD per Jim 2026-10-07 (directors area / file posts / filter archives) — see redirects.csv"
"https://www.gmbcreditunion.com/file/monthly-report-december-2025/","other","held","hold","false","","false","","Monthly Report - December 2025 | GMBCU","9","HOLD per Jim 2026-10-07 (directors area / file posts / filter archives) — see redirects.csv"
"https://www.gmbcreditunion.com/file/monthly-report-feb-2024/","other","held","hold","false","","false","","Monthly Report - Feb 2024 | GMBCU","9","HOLD per Jim 2026-10-07 (directors area / file posts / filter archives) — see redirects.csv"
"https://www.gmbcreditunion.com/file/monthly-report-february-2026/","other","held","hold","false","","false","","Monthly Report - February 2026 | GMBCU","9","HOLD per Jim 2026-10-07 (directors area / file posts / filter archives) — see redirects.csv"
"https://www.gmbcreditunion.com/file/monthly-report-jan-2024/","other","held","hold","false","","false","","Monthly Report - Jan 2024 | GMBCU","9","HOLD per Jim 2026-10-07 (directors area / file posts / filter archives) — see redirects.csv"
"https://www.gmbcreditunion.com/file/monthly-report-jan-2025/","other","held","hold","false","","false","","Monthly Report - Jan 2025 | GMBCU","9","HOLD per Jim 2026-10-07 (directors area / file posts / filter archives) — see redirects.csv"
"https://www.gmbcreditunion.com/file/monthly-report-january-2026/","other","held","hold","false","","false","","Monthly Report - January 2026 | GMBCU","9","HOLD per Jim 2026-10-07 (directors area / file posts / filter archives) — see redirects.csv"
"https://www.gmbcreditunion.com/file/monthly-report-july-2024/","other","held","hold","false","","false","","Monthly Report - July 2024 | GMBCU","9","HOLD per Jim 2026-10-07 (directors area / file posts / filter archives) — see redirects.csv"
"https://www.gmbcreditunion.com/file/monthly-report-july-2025/","other","held","hold","false","","false","","Monthly Report - July 2025 | GMBCU","9","HOLD per Jim 2026-10-07 (directors area / file posts / filter archives) — see redirects.csv"
"https://www.gmbcreditunion.com/file/monthly-report-july-2026/","other","held","hold","false","","false","","Monthly Report – July 2026 | GMBCU","9","HOLD per Jim 2026-10-07 (directors area / file posts / filter archives) — see redirects.csv"
"https://www.gmbcreditunion.com/file/monthly-report-june-2024/","other","held","hold","false","","false","","Monthly Report - June 2024 | GMBCU","9","HOLD per Jim 2026-10-07 (directors area / file posts / filter archives) — see redirects.csv"
"https://www.gmbcreditunion.com/file/monthly-report-june-2025/","other","held","hold","false","","false","","Monthly Report - June 2025 | GMBCU","9","HOLD per Jim 2026-10-07 (directors area / file posts / filter archives) — see redirects.csv"
"https://www.gmbcreditunion.com/file/monthly-report-june-2026/","other","held","hold","false","","false","","Monthly Report - June 2026 | GMBCU","9","HOLD per Jim 2026-10-07 (directors area / file posts / filter archives) — see redirects.csv"
"https://www.gmbcreditunion.com/file/monthly-report-march-2024-2/","other","held","hold","false","","false","","Monthly Report - March 2024 | GMBCU","9","HOLD per Jim 2026-10-07 (directors area / file posts / filter archives) — see redirects.csv"
"https://www.gmbcreditunion.com/file/monthly-report-march-2024/","other","held","hold","false","","false","","Monthly Processing Stats - March 2024 | GMBCU","10","HOLD per Jim 2026-10-07 (directors area / file posts / filter archives) — see redirects.csv"
"https://www.gmbcreditunion.com/file/monthly-report-march-2025/","other","held","hold","false","","false","","Monthly Report - March 2025 | GMBCU","9","HOLD per Jim 2026-10-07 (directors area / file posts / filter archives) — see redirects.csv"
"https://www.gmbcreditunion.com/file/monthly-report-march-2026/","other","held","hold","false","","false","","Monthly Report - March 2026 | GMBCU","9","HOLD per Jim 2026-10-07 (directors area / file posts / filter archives) — see redirects.csv"
"https://www.gmbcreditunion.com/file/monthly-report-may-2024/","other","held","hold","false","","false","","Monthly Report - May 2024 | GMBCU","9","HOLD per Jim 2026-10-07 (directors area / file posts / filter archives) — see redirects.csv"
"https://www.gmbcreditunion.com/file/monthly-report-may-2025/","other","held","hold","false","","false","","Monthly Report - May 2025 | GMBCU","9","HOLD per Jim 2026-10-07 (directors area / file posts / filter archives) — see redirects.csv"
"https://www.gmbcreditunion.com/file/monthly-report-may-2026/","other","held","hold","false","","false","","Monthly Report - May 2026 | GMBCU","9","HOLD per Jim 2026-10-07 (directors area / file posts / filter archives) — see redirects.csv"
"https://www.gmbcreditunion.com/file/monthly-report-nov-2023/","other","held","hold","false","","false","","Monthly Report - Nov 2023 | GMBCU","9","HOLD per Jim 2026-10-07 (directors area / file posts / filter archives) — see redirects.csv"
"https://www.gmbcreditunion.com/file/monthly-report-nov-2024/","other","held","hold","false","","false","","Monthly Report - Nov 2024 | GMBCU","9","HOLD per Jim 2026-10-07 (directors area / file posts / filter archives) — see redirects.csv"
"https://www.gmbcreditunion.com/file/monthly-report-november-2025/","other","held","hold","false","","false","","Monthly Report - November 2025 | GMBCU","9","HOLD per Jim 2026-10-07 (directors area / file posts / filter archives) — see redirects.csv"
"https://www.gmbcreditunion.com/file/monthly-report-october-2023/","other","held","hold","false","","false","","Monthly Report October 2023 | GMBCU","8","HOLD per Jim 2026-10-07 (directors area / file posts / filter archives) — see redirects.csv"
"https://www.gmbcreditunion.com/file/monthly-report-october-2024/","other","held","hold","false","","false","","Monthly Report - October 2024 | GMBCU","9","HOLD per Jim 2026-10-07 (directors area / file posts / filter archives) — see redirects.csv"
"https://www.gmbcreditunion.com/file/monthly-report-sep-2024/","other","held","hold","false","","false","","Monthly Report - Sep 2024 | GMBCU","9","HOLD per Jim 2026-10-07 (directors area / file posts / filter archives) — see redirects.csv"
"https://www.gmbcreditunion.com/file/monthly-report-september-2023/","other","held","hold","false","","false","","Monthly Report - September 2023 | GMBCU","9","HOLD per Jim 2026-10-07 (directors area / file posts / filter archives) — see redirects.csv"
"https://www.gmbcreditunion.com/file/monthly-report-september-2025/","other","held","hold","false","","false","","Monthly Report - September 2025 | GMBCU","9","HOLD per Jim 2026-10-07 (directors area / file posts / filter archives) — see redirects.csv"
"https://www.gmbcreditunion.com/file/monthly-report/","other","held","hold","false","","false","","Monthly Report April 2024 | GMBCU","8","HOLD per Jim 2026-10-07 (directors area / file posts / filter archives) — see redirects.csv"
"https://www.gmbcreditunion.com/file/organisational-chart/","other","held","hold","false","","false","","Organisational Chart | GMBCU","6","HOLD per Jim 2026-10-07 (directors area / file posts / filter archives) — see redirects.csv"
"https://www.gmbcreditunion.com/file/privacy-policy/","other","held","hold","false","","false","","Privacy Policy | GMBCU","6","HOLD per Jim 2026-10-07 (directors area / file posts / filter archives) — see redirects.csv"
"https://www.gmbcreditunion.com/file/prizesaver-termsandconditions/","other","held","hold","false","","false","","PrizeSaver - terms and conditions | GMBCU","9","HOLD per Jim 2026-10-07 (directors area / file posts / filter archives) — see redirects.csv"
"https://www.gmbcreditunion.com/file/processing-stats-april-2025/","other","held","hold","false","","false","","Processing Stats - April 2025 | GMBCU","9","HOLD per Jim 2026-10-07 (directors area / file posts / filter archives) — see redirects.csv"
"https://www.gmbcreditunion.com/file/processing-stats-jan-2025/","other","held","hold","false","","false","","Processing Stats - Jan 2025 | GMBCU","9","HOLD per Jim 2026-10-07 (directors area / file posts / filter archives) — see redirects.csv"
"https://www.gmbcreditunion.com/file/processing-stats-march-2025/","other","held","hold","false","","false","","Processing Stats - March 2025 | GMBCU","9","HOLD per Jim 2026-10-07 (directors area / file posts / filter archives) — see redirects.csv"
"https://www.gmbcreditunion.com/file/processing-stats-october-2023/","other","held","hold","false","","false","","Processing Stats October 2023 | GMBCU","8","HOLD per Jim 2026-10-07 (directors area / file posts / filter archives) — see redirects.csv"
"https://www.gmbcreditunion.com/file/redundancy/","other","held","hold","false","","false","","Redundancy | GMBCU","5","HOLD per Jim 2026-10-07 (directors area / file posts / filter archives) — see redirects.csv"
"https://www.gmbcreditunion.com/file/responsibility-of-directors/","other","held","hold","false","","false","","Responsibility of Directors | GMBCU","7","HOLD per Jim 2026-10-07 (directors area / file posts / filter archives) — see redirects.csv"
"https://www.gmbcreditunion.com/file/retaining-archiving-records/","other","held","hold","false","","false","","Retaining & Archiving Records | GMBCU","8","HOLD per Jim 2026-10-07 (directors area / file posts / filter archives) — see redirects.csv"
"https://www.gmbcreditunion.com/file/risk-appetite-statements-2025/","other","held","hold","false","","false","","Risk Appetite Statements 2025 | GMBCU","8","HOLD per Jim 2026-10-07 (directors area / file posts / filter archives) — see redirects.csv"
"https://www.gmbcreditunion.com/file/risk-key-area-summary/","other","held","hold","false","","false","","Risk Key Area Summary | GMBCU","8","HOLD per Jim 2026-10-07 (directors area / file posts / filter archives) — see redirects.csv"
"https://www.gmbcreditunion.com/file/risk-management-framework/","other","held","hold","false","","false","","Risk Management Framework | GMBCU","7","HOLD per Jim 2026-10-07 (directors area / file posts / filter archives) — see redirects.csv"
"https://www.gmbcreditunion.com/file/scv-procedure/","other","held","hold","false","","false","","SCV Procedure | GMBCU","6","HOLD per Jim 2026-10-07 (directors area / file posts / filter archives) — see redirects.csv"
"https://www.gmbcreditunion.com/file/senior-manager-handover-policy/","other","held","hold","false","","false","","Senior Manager Handover Policy | GMBCU","8","HOLD per Jim 2026-10-07 (directors area / file posts / filter archives) — see redirects.csv"
"https://www.gmbcreditunion.com/file/september-2023-marketing-overview/","other","held","hold","false","","false","","Marketing Overview | GMBCU","6","HOLD per Jim 2026-10-07 (directors area / file posts / filter archives) — see redirects.csv"
"https://www.gmbcreditunion.com/file/smcr-policy/","other","held","hold","false","","false","","SMCR Policy | GMBCU","6","HOLD per Jim 2026-10-07 (directors area / file posts / filter archives) — see redirects.csv"
"https://www.gmbcreditunion.com/file/supervisor-report/","other","held","hold","false","","false","","Supervisor Report | GMBCU","6","HOLD per Jim 2026-10-07 (directors area / file posts / filter archives) — see redirects.csv"
"https://www.gmbcreditunion.com/file/supervisory-internal-audit/","other","held","hold","false","","false","","Supervisory (Internal Audit) | GMBCU","7","HOLD per Jim 2026-10-07 (directors area / file posts / filter archives) — see redirects.csv"
"https://www.gmbcreditunion.com/file/tcu-rule-book-final-fsa-approved/","other","held","hold","false","","false","","TCU Rule Book Final FSA Approved | GMBCU","10","HOLD per Jim 2026-10-07 (directors area / file posts / filter archives) — see redirects.csv"
"https://www.gmbcreditunion.com/file/the-role-of-the-board/","other","held","hold","false","","false","","The Role of the Board | GMBCU","9","HOLD per Jim 2026-10-07 (directors area / file posts / filter archives) — see redirects.csv"
"https://www.gmbcreditunion.com/file/the-role-of-the-ceo/","other","held","hold","false","","false","","The Role of the CEO | GMBCU","9","HOLD per Jim 2026-10-07 (directors area / file posts / filter archives) — see redirects.csv"
"https://www.gmbcreditunion.com/file/the-role-of-the-chair-of-the-board-2/","other","held","hold","false","","false","","The Role of the Chair of the Board | GMBCU","12","HOLD per Jim 2026-10-07 (directors area / file posts / filter archives) — see redirects.csv"
"https://www.gmbcreditunion.com/file/the-role-of-the-treasurer/","other","held","hold","false","","false","","The Role of the Treasurer | GMBCU","9","HOLD per Jim 2026-10-07 (directors area / file posts / filter archives) — see redirects.csv"
"https://www.gmbcreditunion.com/file/third-party-due-diligence-policy/","other","held","hold","false","","false","","Third Party Due Diligence Policy | GMBCU","9","HOLD per Jim 2026-10-07 (directors area / file posts / filter archives) — see redirects.csv"
"https://www.gmbcreditunion.com/file/training-competence-framework/","other","held","hold","false","","false","","Training & Competence Framework | GMBCU","8","HOLD per Jim 2026-10-07 (directors area / file posts / filter archives) — see redirects.csv"
"https://www.gmbcreditunion.com/file/treasurers-report/","other","held","hold","false","","false","","Treasurer's Report | GMBCU","6","HOLD per Jim 2026-10-07 (directors area / file posts / filter archives) — see redirects.csv"
"https://www.gmbcreditunion.com/file/treasury-management-policy/","other","held","hold","false","","false","","Treasury Management Policy | GMBCU","7","HOLD per Jim 2026-10-07 (directors area / file posts / filter archives) — see redirects.csv"
"https://www.gmbcreditunion.com/file/treating-members-fairly/","other","held","hold","false","","false","","Treating Members Fairly | GMBCU","7","HOLD per Jim 2026-10-07 (directors area / file posts / filter archives) — see redirects.csv"
"https://www.gmbcreditunion.com/file/vulnerable-customers-policy/","other","held","hold","false","","false","","Vulnerable Customers Policy | GMBCU","7","HOLD per Jim 2026-10-07 (directors area / file posts / filter archives) — see redirects.csv"
"https://www.gmbcreditunion.com/file/vulnerable-members/","other","held","hold","false","","false","","Vulnerable Members | GMBCU","6","HOLD per Jim 2026-10-07 (directors area / file posts / filter archives) — see redirects.csv"
"https://www.gmbcreditunion.com/file/whistleblowing-policy/","other","held","hold","false","","false","","Whistleblowing Policy | GMBCU","6","HOLD per Jim 2026-10-07 (directors area / file posts / filter archives) — see redirects.csv"
"https://www.gmbcreditunion.com/filter/annual-audited-accounts/","other","held","hold","false","","false","","Annual Audited Accounts Archives | GMBCU","69","HOLD per Jim 2026-10-07 (directors area / file posts / filter archives) — see redirects.csv"
"https://www.gmbcreditunion.com/filter/annual-report/","other","held","hold","false","","false","","Annual Report Archives | GMBCU","67","HOLD per Jim 2026-10-07 (directors area / file posts / filter archives) — see redirects.csv"
"https://www.gmbcreditunion.com/filter/april-2023/","other","held","hold","false","","false","","April 2023 Archives | GMBCU","89","HOLD per Jim 2026-10-07 (directors area / file posts / filter archives) — see redirects.csv"
"https://www.gmbcreditunion.com/filter/april-2024/","other","held","hold","false","","false","","April 2024 Archives | GMBCU","85","HOLD per Jim 2026-10-07 (directors area / file posts / filter archives) — see redirects.csv"
"https://www.gmbcreditunion.com/filter/april-2025/","other","held","hold","false","","false","","April 2025 Archives | GMBCU","84","HOLD per Jim 2026-10-07 (directors area / file posts / filter archives) — see redirects.csv"
"https://www.gmbcreditunion.com/filter/april-2026/","other","held","hold","false","","false","","April 2026 Archives | GMBCU","86","HOLD per Jim 2026-10-07 (directors area / file posts / filter archives) — see redirects.csv"
"https://www.gmbcreditunion.com/filter/august-2023/","other","held","hold","false","","false","","August 2023 Archives | GMBCU","88","HOLD per Jim 2026-10-07 (directors area / file posts / filter archives) — see redirects.csv"
"https://www.gmbcreditunion.com/filter/august-2024/","other","held","hold","false","","false","","August 2024 Archives | GMBCU","86","HOLD per Jim 2026-10-07 (directors area / file posts / filter archives) — see redirects.csv"
"https://www.gmbcreditunion.com/filter/august-2025/","other","held","hold","false","","false","","August 2025 Archives | GMBCU","86","HOLD per Jim 2026-10-07 (directors area / file posts / filter archives) — see redirects.csv"
"https://www.gmbcreditunion.com/filter/august-2026/","other","held","hold","false","","false","","August 2026 Archives | GMBCU","77","HOLD per Jim 2026-10-07 (directors area / file posts / filter archives) — see redirects.csv"
"https://www.gmbcreditunion.com/filter/board-minutes/","other","held","hold","false","","false","","Board Minutes Archives | GMBCU","127","HOLD per Jim 2026-10-07 (directors area / file posts / filter archives) — see redirects.csv"
"https://www.gmbcreditunion.com/filter/board-minutes/page/2/","other","held","hold","false","","true","","Board Minutes Archives | Page 2 of 2 | GMBCU","118","HOLD per Jim 2026-10-07 (directors area / file posts / filter archives) — see redirects.csv"
"https://www.gmbcreditunion.com/filter/budget/","other","held","hold","false","","false","","Budget Archives | GMBCU","60","HOLD per Jim 2026-10-07 (directors area / file posts / filter archives) — see redirects.csv"
"https://www.gmbcreditunion.com/filter/business-plan/","other","held","hold","false","","false","","Business Plan Archives | GMBCU","73","HOLD per Jim 2026-10-07 (directors area / file posts / filter archives) — see redirects.csv"
"https://www.gmbcreditunion.com/filter/business-policies/","other","held","hold","false","","false","","Business policies Archives | GMBCU","69","HOLD per Jim 2026-10-07 (directors area / file posts / filter archives) — see redirects.csv"
"https://www.gmbcreditunion.com/filter/december-2023/","other","held","hold","false","","false","","December 2023 Archives | GMBCU","89","HOLD per Jim 2026-10-07 (directors area / file posts / filter archives) — see redirects.csv"
"https://www.gmbcreditunion.com/filter/december-2024/","other","held","hold","false","","false","","December 2024 Archives | GMBCU","86","HOLD per Jim 2026-10-07 (directors area / file posts / filter archives) — see redirects.csv"
"https://www.gmbcreditunion.com/filter/december-2025-monthly-reports/","other","held","hold","false","","false","","December 2025 Archives | GMBCU","86","HOLD per Jim 2026-10-07 (directors area / file posts / filter archives) — see redirects.csv"
"https://www.gmbcreditunion.com/filter/employee-policies/","other","held","hold","false","","false","","Employee policies Archives | GMBCU","66","HOLD per Jim 2026-10-07 (directors area / file posts / filter archives) — see redirects.csv"
"https://www.gmbcreditunion.com/filter/february-2023/","other","held","hold","false","","false","","February 2023 Archives | GMBCU","89","HOLD per Jim 2026-10-07 (directors area / file posts / filter archives) — see redirects.csv"
"https://www.gmbcreditunion.com/filter/february-2024/","other","held","hold","false","","false","","February 2024 Archives | GMBCU","89","HOLD per Jim 2026-10-07 (directors area / file posts / filter archives) — see redirects.csv"
"https://www.gmbcreditunion.com/filter/february-2025/","other","held","hold","false","","false","","February 2025 Archives | GMBCU","77","HOLD per Jim 2026-10-07 (directors area / file posts / filter archives) — see redirects.csv"
"https://www.gmbcreditunion.com/filter/february-2026/","other","held","hold","false","","false","","February 2026 Archives | GMBCU","86","HOLD per Jim 2026-10-07 (directors area / file posts / filter archives) — see redirects.csv"
"https://www.gmbcreditunion.com/filter/governance/","other","held","hold","false","","false","","Governance Archives | GMBCU","121","HOLD per Jim 2026-10-07 (directors area / file posts / filter archives) — see redirects.csv"
"https://www.gmbcreditunion.com/filter/governance/page/2/","other","held","hold","false","","true","","Governance Archives | Page 2 of 2 | GMBCU","105","HOLD per Jim 2026-10-07 (directors area / file posts / filter archives) — see redirects.csv"
"https://www.gmbcreditunion.com/filter/january-2023/","other","held","hold","false","","false","","January 2023 Archives | GMBCU","89","HOLD per Jim 2026-10-07 (directors area / file posts / filter archives) — see redirects.csv"
"https://www.gmbcreditunion.com/filter/january-2024/","other","held","hold","false","","false","","January 2024 Archives | GMBCU","89","HOLD per Jim 2026-10-07 (directors area / file posts / filter archives) — see redirects.csv"
"https://www.gmbcreditunion.com/filter/january-2025/","other","held","hold","false","","false","","January 2025 Archives | GMBCU","84","HOLD per Jim 2026-10-07 (directors area / file posts / filter archives) — see redirects.csv"
"https://www.gmbcreditunion.com/filter/january-2026-monthly-reports/","other","held","hold","false","","false","","January 2026 Archives | GMBCU","86","HOLD per Jim 2026-10-07 (directors area / file posts / filter archives) — see redirects.csv"
"https://www.gmbcreditunion.com/filter/july-2023/","other","held","hold","false","","false","","July 2023 Archives | GMBCU","89","HOLD per Jim 2026-10-07 (directors area / file posts / filter archives) — see redirects.csv"
"https://www.gmbcreditunion.com/filter/july-2024/","other","held","hold","false","","false","","July 2024 Archives | GMBCU","85","HOLD per Jim 2026-10-07 (directors area / file posts / filter archives) — see redirects.csv"
"https://www.gmbcreditunion.com/filter/july-2025/","other","held","hold","false","","false","","July 2025 Archives | GMBCU","86","HOLD per Jim 2026-10-07 (directors area / file posts / filter archives) — see redirects.csv"
"https://www.gmbcreditunion.com/filter/july2026-monthly-reports/","other","held","hold","false","","false","","July2026 Archives | GMBCU","86","HOLD per Jim 2026-10-07 (directors area / file posts / filter archives) — see redirects.csv"
"https://www.gmbcreditunion.com/filter/june-2023/","other","held","hold","false","","false","","June 2023 Archives | GMBCU","89","HOLD per Jim 2026-10-07 (directors area / file posts / filter archives) — see redirects.csv"
"https://www.gmbcreditunion.com/filter/june-2024/","other","held","hold","false","","false","","June 2024 Archives | GMBCU","86","HOLD per Jim 2026-10-07 (directors area / file posts / filter archives) — see redirects.csv"
"https://www.gmbcreditunion.com/filter/june-2025/","other","held","hold","false","","false","","June 2025 Archives | GMBCU","86","HOLD per Jim 2026-10-07 (directors area / file posts / filter archives) — see redirects.csv"
"https://www.gmbcreditunion.com/filter/june-2026/","other","held","hold","false","","false","","June 2026 Archives | GMBCU","86","HOLD per Jim 2026-10-07 (directors area / file posts / filter archives) — see redirects.csv"
"https://www.gmbcreditunion.com/filter/march-2023/","other","held","hold","false","","false","","March 2023 Archives | GMBCU","89","HOLD per Jim 2026-10-07 (directors area / file posts / filter archives) — see redirects.csv"
"https://www.gmbcreditunion.com/filter/march-2024/","other","held","hold","false","","false","","March 2024 Archives | GMBCU","85","HOLD per Jim 2026-10-07 (directors area / file posts / filter archives) — see redirects.csv"
"https://www.gmbcreditunion.com/filter/march-2025/","other","held","hold","false","","false","","March 2025 Archives | GMBCU","84","HOLD per Jim 2026-10-07 (directors area / file posts / filter archives) — see redirects.csv"
"https://www.gmbcreditunion.com/filter/march-2026/","other","held","hold","false","","false","","March 2026 Archives | GMBCU","86","HOLD per Jim 2026-10-07 (directors area / file posts / filter archives) — see redirects.csv"
"https://www.gmbcreditunion.com/filter/may-2023/","other","held","hold","false","","false","","May 2023 Archives | GMBCU","89","HOLD per Jim 2026-10-07 (directors area / file posts / filter archives) — see redirects.csv"
"https://www.gmbcreditunion.com/filter/may-2024/","other","held","hold","false","","false","","May 2024 Archives | GMBCU","86","HOLD per Jim 2026-10-07 (directors area / file posts / filter archives) — see redirects.csv"
"https://www.gmbcreditunion.com/filter/may-2025/","other","held","hold","false","","false","","May 2025 Archives | GMBCU","86","HOLD per Jim 2026-10-07 (directors area / file posts / filter archives) — see redirects.csv"
"https://www.gmbcreditunion.com/filter/may-2026/","other","held","hold","false","","false","","May 2026 Archives | GMBCU","86","HOLD per Jim 2026-10-07 (directors area / file posts / filter archives) — see redirects.csv"
"https://www.gmbcreditunion.com/filter/monthly-reports/","other","held","hold","false","","false","","Monthly Reports Archives | GMBCU","116","HOLD per Jim 2026-10-07 (directors area / file posts / filter archives) — see redirects.csv"
"https://www.gmbcreditunion.com/filter/monthly-reports/page/2/","other","held","hold","false","","true","","Monthly Reports Archives | Page 2 of 23 | GMBCU","117","HOLD per Jim 2026-10-07 (directors area / file posts / filter archives) — see redirects.csv"
"https://www.gmbcreditunion.com/filter/monthly-reports/page/23/","other","held","hold","false","","true","","Monthly Reports Archives | Page 23 of 23 | GMBCU","63","HOLD per Jim 2026-10-07 (directors area / file posts / filter archives) — see redirects.csv"
"https://www.gmbcreditunion.com/filter/monthly-reports/page/3/","other","held","hold","false","","true","","Monthly Reports Archives | Page 3 of 23 | GMBCU","121","HOLD per Jim 2026-10-07 (directors area / file posts / filter archives) — see redirects.csv"
"https://www.gmbcreditunion.com/filter/monthly-reports/page/4/","other","held","hold","false","","true","","Monthly Reports Archives | Page 4 of 23 | GMBCU","113","HOLD per Jim 2026-10-07 (directors area / file posts / filter archives) — see redirects.csv"
"https://www.gmbcreditunion.com/filter/monthly-reports/page/5/","other","held","hold","false","","true","","Monthly Reports Archives | Page 5 of 23 | GMBCU","117","HOLD per Jim 2026-10-07 (directors area / file posts / filter archives) — see redirects.csv"
"https://www.gmbcreditunion.com/filter/monthly-reports/page/6/","other","held","hold","false","","true","","Monthly Reports Archives | Page 6 of 23 | GMBCU","122","HOLD per Jim 2026-10-07 (directors area / file posts / filter archives) — see redirects.csv"
"https://www.gmbcreditunion.com/filter/november-2023/","other","held","hold","false","","false","","November 2023 Archives | GMBCU","86","HOLD per Jim 2026-10-07 (directors area / file posts / filter archives) — see redirects.csv"
"https://www.gmbcreditunion.com/filter/november-2024/","other","held","hold","false","","false","","November 2024 Archives | GMBCU","86","HOLD per Jim 2026-10-07 (directors area / file posts / filter archives) — see redirects.csv"
"https://www.gmbcreditunion.com/filter/november-2025/","other","held","hold","false","","false","","November 2025 Archives | GMBCU","86","HOLD per Jim 2026-10-07 (directors area / file posts / filter archives) — see redirects.csv"
"https://www.gmbcreditunion.com/filter/october-2023/","other","held","hold","false","","false","","October 2023 Archives | GMBCU","81","HOLD per Jim 2026-10-07 (directors area / file posts / filter archives) — see redirects.csv"
"https://www.gmbcreditunion.com/filter/october-2024/","other","held","hold","false","","false","","October 2024 Archives | GMBCU","86","HOLD per Jim 2026-10-07 (directors area / file posts / filter archives) — see redirects.csv"
"https://www.gmbcreditunion.com/filter/october-2025/","other","held","hold","false","","false","","October 2025 Archives | GMBCU","87","HOLD per Jim 2026-10-07 (directors area / file posts / filter archives) — see redirects.csv"
"https://www.gmbcreditunion.com/filter/policies/","other","held","hold","false","","false","","Policies Archives | GMBCU","109","HOLD per Jim 2026-10-07 (directors area / file posts / filter archives) — see redirects.csv"
"https://www.gmbcreditunion.com/filter/policies/page/2/","other","held","hold","false","","true","","Policies Archives | Page 2 of 7 | GMBCU","109","HOLD per Jim 2026-10-07 (directors area / file posts / filter archives) — see redirects.csv"
"https://www.gmbcreditunion.com/filter/policies/page/3/","other","held","hold","false","","true","","Policies Archives | Page 3 of 7 | GMBCU","100","HOLD per Jim 2026-10-07 (directors area / file posts / filter archives) — see redirects.csv"
"https://www.gmbcreditunion.com/filter/policies/page/4/","other","held","hold","false","","true","","Policies Archives | Page 4 of 7 | GMBCU","102","HOLD per Jim 2026-10-07 (directors area / file posts / filter archives) — see redirects.csv"
"https://www.gmbcreditunion.com/filter/policies/page/5/","other","held","hold","false","","true","","Policies Archives | Page 5 of 7 | GMBCU","106","HOLD per Jim 2026-10-07 (directors area / file posts / filter archives) — see redirects.csv"
"https://www.gmbcreditunion.com/filter/policies/page/6/","other","held","hold","false","","true","","Policies Archives | Page 6 of 7 | GMBCU","110","HOLD per Jim 2026-10-07 (directors area / file posts / filter archives) — see redirects.csv"
"https://www.gmbcreditunion.com/filter/policies/page/7/","other","held","hold","false","","true","","Policies Archives | Page 7 of 7 | GMBCU","60","HOLD per Jim 2026-10-07 (directors area / file posts / filter archives) — see redirects.csv"
"https://www.gmbcreditunion.com/filter/september-2023/","other","held","hold","false","","false","","September 2023 Archives | GMBCU","84","HOLD per Jim 2026-10-07 (directors area / file posts / filter archives) — see redirects.csv"
"https://www.gmbcreditunion.com/filter/september-2024/","other","held","hold","false","","false","","September 2024 Archives | GMBCU","86","HOLD per Jim 2026-10-07 (directors area / file posts / filter archives) — see redirects.csv"
"https://www.gmbcreditunion.com/filter/september-2025/","other","held","hold","false","","false","","September 2025 Archives | GMBCU","81","HOLD per Jim 2026-10-07 (directors area / file posts / filter archives) — see redirects.csv"
"https://www.gmbcreditunion.com/filter/september-2026/","other","held","hold","false","","false","","September 2026 Archives | GMBCU","81","HOLD per Jim 2026-10-07 (directors area / file posts / filter archives) — see redirects.csv"
"https://www.gmbcreditunion.com/five-financial-goals-next-financial-year/","blog-post","post","build","true","APR|Interest_rate","false","content/blog-post/five-financial-goals-next-financial-year.mdx","Five Financial Goals For The Next Financial Year | GMBCU","874",""
"https://www.gmbcreditunion.com/gmb-credit-union-prize-draw/","other","campaign","build","true","Terms","false","content/other/gmb-credit-union-prize-draw.mdx","Prize Draw | GMB Credit Union","773",""
"https://www.gmbcreditunion.com/help-your-children-form-good-money-habits/","blog-post","post","build","false","","false","content/blog-post/help-your-children-form-good-money-habits.mdx","How (And Why) To Help Your Children Form Good Money Habits","687",""
"https://www.gmbcreditunion.com/heres-why-you-should-teach-your-children-how-to-manage-their-money-this-summer/","blog-post","post","build","true","FSCS","false","content/blog-post/heres-why-you-should-teach-your-children-how-to-manage-their-money-this-summer.mdx","Confidence, responsibility and rewards | GMBCU","889",""
"https://www.gmbcreditunion.com/how-build-or-improve-your-credit-score/","blog-post","post","build","true","Credit_warning|Interest_rate","false","content/blog-post/how-build-or-improve-your-credit-score.mdx","How To Build Or Improve Your Credit Score | GMBCU","1350",""
"https://www.gmbcreditunion.com/how-check-your-credit-score-free/","blog-post","post","build","false","","false","content/blog-post/how-check-your-credit-score-free.mdx","How To Check Your Credit Score For Free | GMBCU","539",""
"https://www.gmbcreditunion.com/how-did-our-members-get-involved-us/","blog-post","post","build","false","","false","content/blog-post/how-did-our-members-get-involved-us.mdx","How Did Our Members Get Involved With Us? | GMBCU","89",""
"https://www.gmbcreditunion.com/how-financial-problems-affect-your-mental-health/","blog-post","post","build","true","APR|Interest_rate","false","content/blog-post/how-financial-problems-affect-your-mental-health.mdx","How Financial Problems Affect Your Mental Health | GMBCU","1261",""
"https://www.gmbcreditunion.com/how-recognise-and-avoid-most-common-finance-scams/","blog-post","post","build","true","FCA_PRA","false","content/blog-post/how-recognise-and-avoid-most-common-finance-scams.mdx","How To Recognise And Avoid The Most Common Finance Scams","1248",""
"https://www.gmbcreditunion.com/how-to-get-involved-in-the-gmb-credit-union/","blog-post","post","build","true","FSCS|FCA_PRA|Interest_rate","false","content/blog-post/how-to-get-involved-in-the-gmb-credit-union.mdx","How To Get Involved In The GMB Credit Union | GMBCU","749",""
"https://www.gmbcreditunion.com/importance-understanding-ivas/","blog-post","post","build","true","Interest_rate","false","content/blog-post/importance-understanding-ivas.mdx","The Importance Of Understanding IVAs | GMBCU","1326",""
"https://www.gmbcreditunion.com/join-gmbcu-get-25-and-a-chance-to-win-big/","other","campaign","build","true","FSCS|Terms","false","content/other/join-gmbcu-get-25-and-a-chance-to-win-big.mdx","Join GMBCU, get £25, and a chance to win big | GMBCU","482",""
"https://www.gmbcreditunion.com/join-us-at-congress-2025/","other","campaign","build","false","","false","content/other/join-us-at-congress-2025.mdx","Join us at Congress 2025 | GMBCU","183",""
"https://www.gmbcreditunion.com/join-us-congress-2023/","other","campaign","build","false","","false","content/other/join-us-congress-2023.mdx","Welcome to GMB Credit Union | GMBCU","116",""
"https://www.gmbcreditunion.com/join-us-congress-2024/","other","campaign","build","false","","false","content/other/join-us-congress-2024.mdx","Join us at Congress 2024 | GMBCU","270",""
"https://www.gmbcreditunion.com/lets-get-transparent-loan-interest-rates/","blog-post","post","build","true","APR|FCA_PRA|Interest_rate","false","content/blog-post/lets-get-transparent-loan-interest-rates.mdx","Let’s Get Transparent On Loan Interest Rates | GMBCU","808",""
"https://www.gmbcreditunion.com/loan-application-rejected-what-now/","blog-post","post","build","true","Interest_rate","false","content/blog-post/loan-application-rejected-what-now.mdx","Loan Application Rejected - What now? | GMBCU","1348",""
"https://www.gmbcreditunion.com/loans/","hub","hub","build","true","APR|Interest_rate","false","content/hub/loans.mdx","Credit Union Loans | GMB Credit Union","1253",""
"https://www.gmbcreditunion.com/loans/?conesso_link_tag=ebd837df0&utm_campaign=Jan%2B26%2BNewsletter&utm_medium=email&utm_source=Conesso","other","duplicate-variant","exclude-duplicate","false","","false","","Credit Union Loans | GMB Credit Union","1253","synthetic/duplicate variant of a canonical page; handled by redirect/query rules"
"https://www.gmbcreditunion.com/loans/consolidation-loan/","product-loan","product","build","true","APR|Terms|Interest_rate","false","content/product-loan/consolidation-loan.mdx","Consolidation Loan | GMB Credit Union Loans","469",""
"https://www.gmbcreditunion.com/loans/family-loan/","product-loan","product","build","true","APR|Terms|Interest_rate","false","content/product-loan/family-loan.mdx","Family Loan | GMB Credit Union Loans","449",""
"https://www.gmbcreditunion.com/loans/handy-loan/","product-loan","product","build","true","APR|Terms|Interest_rate","false","content/product-loan/handy-loan.mdx","Handy Loan | GMB Credit Union Loans","391",""
"https://www.gmbcreditunion.com/loans/member-loan/","product-loan","product","build","true","APR|Terms|Interest_rate","false","content/product-loan/member-loan.mdx","Member Loan | GMB Credit Union Loans","358",""
"https://www.gmbcreditunion.com/loans/save-borrow-loan/","product-loan","product","build","true","APR|Terms|Interest_rate","false","content/product-loan/save-borrow-loan.mdx","Save & Borrow Loan | GMB Credit Union Loans","459",""
"https://www.gmbcreditunion.com/loans/savings-secured-loan/","product-loan","product","build","true","APR|Terms|Interest_rate","false","content/product-loan/savings-secured-loan.mdx","Savings Secured Loan | GMB Credit Union Loans","438",""
"https://www.gmbcreditunion.com/loans/starter-loan/","product-loan","product","build","true","APR|Terms|Interest_rate","false","content/product-loan/starter-loan.mdx","Starter Loan | GMB Credit Union Loans","348",""
"https://www.gmbcreditunion.com/loans/top-up-loan/","product-loan","product","build","true","Terms","false","content/product-loan/top-up-loan.mdx","Top Up Loan | GMB Credit Union Loans","355",""
"https://www.gmbcreditunion.com/managing-your-money-with-your-credit-union/","blog-post","post","build","false","","false","content/blog-post/managing-your-money-with-your-credit-union.mdx","Managing Your Money With Your Credit Union | GMBCU","818",""
"https://www.gmbcreditunion.com/meet-dennis-member-case-study/","blog-post","post","build","true","Interest_rate","false","content/blog-post/meet-dennis-member-case-study.mdx","Meet Dennis: A Member Case Study | GMBCU","1056",""
"https://www.gmbcreditunion.com/meet-gary-member-case-study/","blog-post","post","build","false","","false","content/blog-post/meet-gary-member-case-study.mdx","Meet Gary: A Member Case Study | GMBCU","753",""
"https://www.gmbcreditunion.com/member-hub-faqs/","utility","faq","build","true","FSCS|FCA_PRA","false","content/utility/member-hub-faqs.mdx","GMBCU Member Hub FAQs| GMB Credit Union","373","accordion FAQ → FAQPage schema; locked (rates/regulatory statements inside)"
"https://www.gmbcreditunion.com/members-saver-accounts/","blog-post","post","build","true","FSCS","false","content/blog-post/members-saver-accounts.mdx","Now's The Time To Save With Member Saver Accounts | GMBCU","832",""
"https://www.gmbcreditunion.com/navigating-financial-storm-how-we-can-help/","blog-post","post","build","true","Interest_rate","false","content/blog-post/navigating-financial-storm-how-we-can-help.mdx","Navigating The Financial Storm – How We Can Help | GMBCU","875",""
"https://www.gmbcreditunion.com/one-year-members-prize-draw/","blog-post","post","build","true","Terms","false","content/blog-post/one-year-members-prize-draw.mdx","One Year Of The Member’s Prize Draw | GMB Credit Union","1346",""
"https://www.gmbcreditunion.com/options-dealing-debt/","blog-post","post","build","true","Credit_warning","false","content/blog-post/options-dealing-debt.mdx","Options For Dealing With Debt | GMB Credit Union","1411",""
"https://www.gmbcreditunion.com/our-blog/","blog-index","archive","build","false","","false","(generated)","Our Blog | GMB Credit Union","284","generated from content tree"
"https://www.gmbcreditunion.com/our-blog/?conesso_link_tag=ebd837df0&utm_campaign=Jan%2B26%2BNewsletter&utm_medium=email&utm_source=Conesso","other","duplicate-variant","exclude-duplicate","false","","false","","Our Blog | GMB Credit Union","284","synthetic/duplicate variant of a canonical page; handled by redirect/query rules"
"https://www.gmbcreditunion.com/our-blog/page/2/","blog-index","archive (paginated, noindex)","build","false","","true","(generated)","Our Blog | GMB Credit Union","302","generated from content tree"
"https://www.gmbcreditunion.com/our-blog/page/3/","blog-index","archive (paginated, noindex)","build","false","","true","(generated)","Our Blog | GMB Credit Union","299","generated from content tree"
"https://www.gmbcreditunion.com/our-blog/page/4/","blog-index","archive (paginated, noindex)","build","false","","true","(generated)","Our Blog | GMB Credit Union","292","generated from content tree"
"https://www.gmbcreditunion.com/our-blog/page/5/","blog-index","archive (paginated, noindex)","build","false","","true","(generated)","Our Blog | GMB Credit Union","292","generated from content tree"
"https://www.gmbcreditunion.com/our-blog/page/6/","blog-index","archive (paginated, noindex)","build","false","","true","(generated)","Our Blog | GMB Credit Union","306","generated from content tree"
"https://www.gmbcreditunion.com/our-blog/page/7/","blog-index","archive (paginated, noindex)","build","true","Credit_warning|Interest_rate","true","(generated)","Our Blog | GMB Credit Union","302","generated from content tree"
"https://www.gmbcreditunion.com/our-blog/page/8/","blog-index","archive (paginated, noindex)","build","true","Credit_warning","true","(generated)","Our Blog | GMB Credit Union","288","generated from content tree"
"https://www.gmbcreditunion.com/our-enhanced-member-loans-explained/","blog-post","post","build","true","APR|Interest_rate","false","content/blog-post/our-enhanced-member-loans-explained.mdx","Our Enhanced Member Loans Explained | GMB Credit Union","1576",""
"https://www.gmbcreditunion.com/overdraft-fees-are-changing/","blog-post","post","build","true","APR|Interest_rate","false","content/blog-post/overdraft-fees-are-changing.mdx","Overdraft Fees Are Changing | GMB Credit Union","696",""
"https://www.gmbcreditunion.com/page/2/","home","home","redirect","false","","true","","GMB Credit Union | Your money, your future, Your Credit Union","601","noindex duplicate of / — 301 to /"
"https://www.gmbcreditunion.com/privacy-policy/","legal-regulatory","legal","build","true","Privacy_GDPR|Terms","false","content/legal-regulatory/privacy-policy.mdx","Privacy Policy | GMB Credit Union","1865","locked"
"https://www.gmbcreditunion.com/resources/","hub","hub","build","false","","false","content/hub/resources.mdx","Financial Resources | GMB Credit Union","279",""
"https://www.gmbcreditunion.com/resources/?conesso_link_tag=ebd837df0&utm_campaign=Jan%2B26%2BNewsletter&utm_medium=email&utm_source=Conesso","other","duplicate-variant","exclude-duplicate","false","","false","","Financial Resources | GMB Credit Union","279","synthetic/duplicate variant of a canonical page; handled by redirect/query rules"
"https://www.gmbcreditunion.com/resources/member-helper/","hub","hub","build","false","","false","content/hub/member-helper.mdx","Member Helper | GMB Credit Union","301",""
"https://www.gmbcreditunion.com/resources/member-helper/?conesso_link_tag=ebd837df0&utm_campaign=Jan%2B26%2BNewsletter&utm_medium=email&utm_source=Conesso","other","duplicate-variant","exclude-duplicate","false","","false","","Member Helper | GMB Credit Union","301","synthetic/duplicate variant of a canonical page; handled by redirect/query rules"
"https://www.gmbcreditunion.com/resources/member-helper/benefit-calculator/","utility","embed","build","false","","false","content/utility/benefit-calculator.mdx","Budget Planner | GMB Credit Union","3","third-party iframe tool (MoneyHelper / Inbest) — lazy-load, reserve height to kill CLS 1.1"
"https://www.gmbcreditunion.com/resources/member-helper/budget-planner/","utility","embed","build","false","","false","content/utility/budget-planner.mdx","Budget Planner | GMB Credit Union","3","third-party iframe tool (MoneyHelper / Inbest) — lazy-load, reserve height to kill CLS 1.1"
"https://www.gmbcreditunion.com/resources/member-helper/budget-planner/?conesso_link_tag=ebd837df0&utm_campaign=Jan%2B26%2BNewsletter&utm_medium=email&utm_source=Conesso","other","duplicate-variant","exclude-duplicate","false","","false","","Budget Planner | GMB Credit Union","3","synthetic/duplicate variant of a canonical page; handled by redirect/query rules"
"https://www.gmbcreditunion.com/resources/member-helper/debt-advice-locator/","utility","embed","build","false","","false","content/utility/debt-advice-locator.mdx","Debt Advice Locator | GMB Credit Union","4","third-party iframe tool (MoneyHelper / Inbest) — lazy-load, reserve height to kill CLS 1.1"
"https://www.gmbcreditunion.com/resources/member-helper/debt-advice-locator/?conesso_link_tag=ebd837df0&utm_campaign=Jan%2B26%2BNewsletter&utm_medium=email&utm_source=Conesso","other","duplicate-variant","exclude-duplicate","false","","false","","Debt Advice Locator | GMB Credit Union","4","synthetic/duplicate variant of a canonical page; handled by redirect/query rules"
"https://www.gmbcreditunion.com/retail-therapy-or-financial-trap-the-real-reason-we-overspend/","blog-post","post","build","false","","false","content/blog-post/retail-therapy-or-financial-trap-the-real-reason-we-overspend.mdx","Retail therapy or financial trap? The real reason we overspend.   | GMBCU","1119",""
"https://www.gmbcreditunion.com/save-now-spend-later/","blog-post","post","build","true","Complaints_FOS|Interest_rate","false","content/blog-post/save-now-spend-later.mdx","Save Now, Spend Later | GMB Credit Union","794",""
"https://www.gmbcreditunion.com/saving-money-for-life-events/","blog-post","post","build","true","FSCS|Interest_rate","false","content/blog-post/saving-money-for-life-events.mdx","Saving money for life events | GMBCU","1080",""
"https://www.gmbcreditunion.com/savings/","hub","hub","build","true","FSCS","false","content/hub/savings.mdx","Savings | GMB Credit Union","1312",""
"https://www.gmbcreditunion.com/savings/365-saver/","product-savings","product","build","true","FSCS|Terms","false","content/product-savings/365-saver.mdx","365 Saver | GMB Credit Union Savings","397",""
"https://www.gmbcreditunion.com/savings/christmas-saver/","product-savings","product","build","true","FSCS|Terms","false","content/product-savings/christmas-saver.mdx","Christmas Saver | GMB Credit Union Savings","419",""
"https://www.gmbcreditunion.com/savings/life-savings-insurance-protection/","product-savings","product","build","true","category","false","content/product-savings/life-savings-insurance-protection.mdx","Life Savings Insurance | GMB Credit Union Loans","372","insurance benefit page; uses product template"
"https://www.gmbcreditunion.com/savings/member-saver/","product-savings","product","build","true","FSCS|Terms","false","content/product-savings/member-saver.mdx","Member Saver | GMB Credit Union Savings","362",""
"https://www.gmbcreditunion.com/savings/premium-saver/","product-savings","product","build","true","FSCS|Terms","false","content/product-savings/premium-saver.mdx","Premium Saver | GMBCU","376",""
"https://www.gmbcreditunion.com/savings/prizesaver/","product-savings","product","build","true","FSCS|Terms","false","content/product-savings/prizesaver.mdx","PrizeSaver | GMB Credit Union Savings","374",""
"https://www.gmbcreditunion.com/savings/young-saver/","product-savings","product","build","true","FSCS|Terms","false","content/product-savings/young-saver.mdx","Young Saver | GMB Credit Union Savings","451",""
"https://www.gmbcreditunion.com/shocking-truth-about-short-term-credit/","blog-post","post","build","true","Credit_warning","false","content/blog-post/shocking-truth-about-short-term-credit.mdx","The Shocking Truth About Short Term Credit | GMBCU","675",""
"https://www.gmbcreditunion.com/simple-money-management-tips/","blog-post","post","build","true","Interest_rate","false","content/blog-post/simple-money-management-tips.mdx","Simple Money Management Tips For Better Finances | GMBCU","986",""
"https://www.gmbcreditunion.com/simplify-your-personal-finance-options/","blog-post","post","build","true","APR|Interest_rate","false","content/blog-post/simplify-your-personal-finance-options.mdx","Simplify Your Personal Finance Options | GMB Credit Union","773",""
"https://www.gmbcreditunion.com/summer-fun-on-a-budget/","blog-post","post","build","true","Interest_rate","false","content/blog-post/summer-fun-on-a-budget.mdx","Summer Fun On A Budget | GMBCU","1240",""
"https://www.gmbcreditunion.com/supporting-our-members-through-covid-19/","blog-post","post","build","true","FCA_PRA","false","content/blog-post/supporting-our-members-through-covid-19.mdx","Supporting Our Members Through COVID-19 | GMBCU","1390",""
"https://www.gmbcreditunion.com/tag/budget/","blog-index","archive","build","false","","false","(generated)","Budget Archives | GMBCU","116","taxonomy archive, generated from post frontmatter"
"https://www.gmbcreditunion.com/tag/summer/","blog-index","archive","build","false","","false","(generated)","Summer Archives | GMBCU","116","taxonomy archive, generated from post frontmatter"
"https://www.gmbcreditunion.com/test/","other","generic","build","false","","false","content/other/test.mdx","test | GMBCU","1","FLAG: 1-word page in sitemap; default = preserve verbatim, noindex recommended"
"https://www.gmbcreditunion.com/thank-you-for-your-interest-agm-2024/","other","campaign","build","false","","false","content/other/thank-you-for-your-interest-agm-2024.mdx","Thank you for your interest - AGM 2024 | GMB Credit Union","152","CF7 thank-you page (keep, noindex recommended)"
"https://www.gmbcreditunion.com/thank-you-for-your-interest-agm-2025/","other","campaign","build","false","","false","content/other/thank-you-for-your-interest-agm-2025.mdx","Thank you for your interest - AGM 2025 | GMB Credit Union","152","CF7 thank-you page (keep, noindex recommended)"
"https://www.gmbcreditunion.com/thank-you-for-your-interest-agm-2026/","other","campaign","build","false","","false","content/other/thank-you-for-your-interest-agm-2026.mdx","Thank you for your interest - AGM 2026 | GMB Credit Union","148","CF7 thank-you page (keep, noindex recommended)"
"https://www.gmbcreditunion.com/the-gmbcu-member-hub-is-coming-in-june-2026/","other","campaign","build","true","FSCS|FCA_PRA","false","content/other/the-gmbcu-member-hub-is-coming-in-june-2026.mdx","GMBCU Member Hub 2026 | GMB Credit Union","437",""
"https://www.gmbcreditunion.com/ultimate-guide-open-banking/","blog-post","post","build","true","FCA_PRA|Privacy_GDPR","false","content/blog-post/ultimate-guide-open-banking.mdx","The Ultimate Guide To Open Banking | GMB Credit Union","1550",""
"https://www.gmbcreditunion.com/virtuous-circle/","blog-post","post","build","true","FSCS|FCA_PRA|Interest_rate","false","content/blog-post/virtuous-circle.mdx","The Virtuous Circle | GMB Credit Union","872",""
"https://www.gmbcreditunion.com/we-are-delivering-how-were-responding-our-members-needs/","blog-post","post","build","false","","false","content/blog-post/we-are-delivering-how-were-responding-our-members-needs.mdx","How We’re Responding To Our Members’ Needs | GMBCU","672",""
"https://www.gmbcreditunion.com/we-asked-our-members-describe-us-3-words/","blog-post","post","build","false","","false","content/blog-post/we-asked-our-members-describe-us-3-words.mdx","We Asked Our Members To Describe Us In 3 Words... | GMBCU","68",""
"https://www.gmbcreditunion.com/what-a-change-of-government-means-for-your-wallet/","blog-post","post","build","false","","false","content/blog-post/what-a-change-of-government-means-for-your-wallet.mdx","What a change of government means for your wallet | GMBCU","995",""
"https://www.gmbcreditunion.com/what-credit-and-why-does-it-matter/","blog-post","post","build","true","FCA_PRA|Credit_warning|Interest_rate","false","content/blog-post/what-credit-and-why-does-it-matter.mdx","What Is Credit And Why Does It Matter? | GMB Credit Union","852",""
"https://www.gmbcreditunion.com/what-do-members-need-know-applying-loan/","blog-post","post","build","true","APR|Credit_warning","false","content/blog-post/what-do-members-need-know-applying-loan.mdx","What Do Members Need to Know Before Applying for a Loan?","895",""
"https://www.gmbcreditunion.com/what-do-our-members-most-about-us/","blog-post","post","build","false","","false","content/blog-post/what-do-our-members-most-about-us.mdx","What Do Our Members Like Most About Us? | GMB Credit Union","71",""
"https://www.gmbcreditunion.com/what-is-a-credit-union-and-how-does-it-work/","blog-post","post","build","true","FSCS|FCA_PRA|Credit_warning|Interest_rate","false","content/blog-post/what-is-a-credit-union-and-how-does-it-work.mdx","What Is A Credit Union And How Does It Work? | GMBCU","732",""
"https://www.gmbcreditunion.com/where-go-if-youre-feeling-stressed-about-money/","blog-post","post","build","false","","false","content/blog-post/where-go-if-youre-feeling-stressed-about-money.mdx","Where To Go If You're Feeling Stressed About Money | GMBCU","1074",""
"https://www.gmbcreditunion.com/which-loan-best-you/","blog-post","post","build","true","APR|Interest_rate","false","content/blog-post/which-loan-best-you.mdx","Which Loan Is The Best For You? | GMB Credit Union","1513",""
"https://www.gmbcreditunion.com/why-credit-unions-are-now-more-important-ever/","blog-post","post","build","true","FSCS|FCA_PRA|Credit_warning","false","content/blog-post/why-credit-unions-are-now-more-important-ever.mdx","Why Credit Unions Are Now More Important Than Ever | GMBCU","900",""
"https://www.gmbcreditunion.com/why-is-saving-money-important/","blog-post","post","build","true","FSCS|FCA_PRA|Interest_rate","false","content/blog-post/why-is-saving-money-important.mdx","Why Is Saving Money Important? | GMB Credit Union","1134",""
"https://www.gmbcreditunion.com/why-our-members-choose-us/","blog-post","post","build","false","","false","content/blog-post/why-our-members-choose-us.mdx","Why Our Members Choose Us | GMB Credit Union","61",""
"https://www.gmbcreditunion.com/working-towards-brighter-financial-future/","blog-post","post","build","true","APR|Interest_rate","false","content/blog-post/working-towards-brighter-financial-future.mdx","Working Towards A Brighter Financial Future | GMBCU","860",""
"https://www.gmbcreditunion.com/your-money-now-and-whats-next/","blog-post","post","build","false","","false","content/blog-post/your-money-now-and-whats-next.mdx","Your Money Now: And What’s Next? | GMB Credit Union","883",""
"https://www.gmbcreditunion.com/your-phone-may-be-giving-fraudsters-a-way-into-your-finances/","blog-post","post","build","false","","false","content/blog-post/your-phone-may-be-giving-fraudsters-a-way-into-your-finances.mdx","How To Check Your Credit Score For Free | GMBCU","979",""
