"url","status","content_type","bytes","width","height","referenced_in_site","derived_from","largest_in_group","file"
"https://www.gmbcreditunion.com/annual-general-meeting-2026/","200","text/html","","","","true","","yes",""
"https://www.gmbcreditunion.com/apple-touch-icon.png","404","text/html","","","","true","","",""
"https://www.gmbcreditunion.com/favicon.ico","200","image/x-icon","1150","","","true","","yes","source/media/favicon.ico"
"https://www.gmbcreditunion.com/media/10-1200x675.png","200","","560074","1200","675","true","","","source/media/media/10-1200x675.png"
"https://www.gmbcreditunion.com/media/10-1536x864.png","200","image/png","841231","1536","864","true","","","source/media/media/10-1536x864.png"
"https://www.gmbcreditunion.com/media/10-1600x900.png","200","image/png","901280","1600","900","true","","","source/media/media/10-1600x900.png"
"https://www.gmbcreditunion.com/media/10-300x169.png","200","image/png","29411","300","169","true","","","source/media/media/10-300x169.png"
"https://www.gmbcreditunion.com/media/10-600x338.png","200","image/png","175521","600","338","true","","","source/media/media/10-600x338.png"
"https://www.gmbcreditunion.com/media/10-768x432.png","200","image/png","265236","768","432","true","","","source/media/media/10-768x432.png"
"https://www.gmbcreditunion.com/media/10.png","200","image/png","1841141","1680","945","true","https://www.gmbcreditunion.com/media/10-1200x675.png https://www.gmbcreditunion.com/media/10-600x338.png https://www.gmbcreditunion.com/media/10-768x432.png https://www.gmbcreditunion.com/media/10-1536x864.png https://www.gmbcreditunion.com/media/10-300x169.png https://www.gmbcreditunion.com/media/10-1600x900.png","yes","source/media/media/10.png"
"https://www.gmbcreditunion.com/media/106687880-1599052381377-gettyimages-1172101452-dscf4217-min-1200x675.jpeg","200","image/jpeg","82358","1200","675","true","","","source/media/media/106687880-1599052381377-gettyimages-1172101452-dscf4217-min-1200x675.jpeg"
"https://www.gmbcreditunion.com/media/106687880-1599052381377-gettyimages-1172101452-dscf4217-min-1536x864.jpeg","200","image/jpeg","116189","1536","864","true","","","source/media/media/106687880-1599052381377-gettyimages-1172101452-dscf4217-min-1536x864.jpeg"
"https://www.gmbcreditunion.com/media/106687880-1599052381377-gettyimages-1172101452-dscf4217-min-1600x900.jpeg","200","image/jpeg","123507","1600","900","true","","","source/media/media/106687880-1599052381377-gettyimages-1172101452-dscf4217-min-1600x900.jpeg"
"https://www.gmbcreditunion.com/media/106687880-1599052381377-gettyimages-1172101452-dscf4217-min-300x169.jpeg","200","image/jpeg","11396","300","169","true","","","source/media/media/106687880-1599052381377-gettyimages-1172101452-dscf4217-min-300x169.jpeg"
"https://www.gmbcreditunion.com/media/106687880-1599052381377-gettyimages-1172101452-dscf4217-min-600x338.jpeg","200","","30567","600","338","true","","","source/media/media/106687880-1599052381377-gettyimages-1172101452-dscf4217-min-600x338.jpeg"
"https://www.gmbcreditunion.com/media/106687880-1599052381377-gettyimages-1172101452-dscf4217-min-768x432.jpeg","200","image/jpeg","42654","768","432","true","","","source/media/media/106687880-1599052381377-gettyimages-1172101452-dscf4217-min-768x432.jpeg"
"https://www.gmbcreditunion.com/media/106687880-1599052381377-gettyimages-1172101452-dscf4217-min.jpeg","200","image/jpeg","110467","1920","1080","true","https://www.gmbcreditunion.com/media/106687880-1599052381377-gettyimages-1172101452-dscf4217-min-600x338.jpeg https://www.gmbcreditunion.com/media/106687880-1599052381377-gettyimages-1172101452-dscf4217-min-1200x675.jpeg https://www.gmbcreditunion.com/media/106687880-1599052381377-gettyimages-1172101452-dscf4217-min-768x432.jpeg https://www.gmbcreditunion.com/media/106687880-1599052381377-gettyimages-1172101452-dscf4217-min-1536x864.jpeg https://www.gmbcreditunion.com/media/106687880-1599052381377-gettyimages-1172101452-dscf4217-min-300x169.jpeg https://www.gmbcreditunion.com/media/106687880-1599052381377-gettyimages-1172101452-dscf4217-min-1600x900.jpeg","yes","source/media/media/106687880-1599052381377-gettyimages-1172101452-dscf4217-min.jpeg"
"https://www.gmbcreditunion.com/media/647ef0c267d614836a976f29_loan-shark-150x150.jpg","200","image/jpeg","8693","150","150","true","","","source/media/media/647ef0c267d614836a976f29_loan-shark-150x150.jpg"
"https://www.gmbcreditunion.com/media/647ef0c267d614836a976f29_loan-shark-200x200.jpg","200","image/jpeg","10056","200","200","true","","","source/media/media/647ef0c267d614836a976f29_loan-shark-200x200.jpg"
"https://www.gmbcreditunion.com/media/647ef0c267d614836a976f29_loan-shark-600x600.jpg","200","","23789","600","600","true","","","source/media/media/647ef0c267d614836a976f29_loan-shark-600x600.jpg"
"https://www.gmbcreditunion.com/media/647ef0c267d614836a976f29_loan-shark-768x768.jpg","200","image/jpeg","30204","768","768","true","","","source/media/media/647ef0c267d614836a976f29_loan-shark-768x768.jpg"
"https://www.gmbcreditunion.com/media/647ef0c267d614836a976f29_loan-shark.jpg","200","image/jpeg","53660","1000","1000","true","https://www.gmbcreditunion.com/media/647ef0c267d614836a976f29_loan-shark-600x600.jpg https://www.gmbcreditunion.com/media/647ef0c267d614836a976f29_loan-shark-150x150.jpg https://www.gmbcreditunion.com/media/647ef0c267d614836a976f29_loan-shark-768x768.jpg https://www.gmbcreditunion.com/media/647ef0c267d614836a976f29_loan-shark-200x200.jpg","yes","source/media/media/647ef0c267d614836a976f29_loan-shark.jpg"
"https://www.gmbcreditunion.com/media/AGM-Agenda-2024-2.pdf","200","application/pdf","58882","","","true","","yes","source/media/media/AGM-Agenda-2024-2.pdf"
"https://www.gmbcreditunion.com/media/AGM-Agenda-2025.pdf","200","application/pdf","59140","","","true","","yes","source/media/media/AGM-Agenda-2025.pdf"
"https://www.gmbcreditunion.com/media/AGM-Agenda-2026-1.pdf","200","application/pdf","64991","","","true","","yes","source/media/media/AGM-Agenda-2026-1.pdf"
"https://www.gmbcreditunion.com/media/AdobeStock_135319877-min-1200x801.jpeg","200","image/jpeg","80207","1200","801","true","","","source/media/media/AdobeStock_135319877-min-1200x801.jpeg"
"https://www.gmbcreditunion.com/media/AdobeStock_135319877-min-1536x1025.jpeg","200","image/jpeg","120637","1536","1025","true","","","source/media/media/AdobeStock_135319877-min-1536x1025.jpeg"
"https://www.gmbcreditunion.com/media/AdobeStock_135319877-min-1600x1068.jpeg","200","image/jpeg","128698","1600","1068","true","","","source/media/media/AdobeStock_135319877-min-1600x1068.jpeg"
"https://www.gmbcreditunion.com/media/AdobeStock_135319877-min-2048x1367.jpeg","200","image/jpeg","196798","2048","1367","true","","","source/media/media/AdobeStock_135319877-min-2048x1367.jpeg"
"https://www.gmbcreditunion.com/media/AdobeStock_135319877-min-300x200.jpeg","200","image/jpeg","9158","300","200","true","","","source/media/media/AdobeStock_135319877-min-300x200.jpeg"
"https://www.gmbcreditunion.com/media/AdobeStock_135319877-min-600x401.jpeg","200","","26700","600","401","true","","","source/media/media/AdobeStock_135319877-min-600x401.jpeg"
"https://www.gmbcreditunion.com/media/AdobeStock_135319877-min-768x513.jpeg","200","image/jpeg","39365","768","513","true","","","source/media/media/AdobeStock_135319877-min-768x513.jpeg"
"https://www.gmbcreditunion.com/media/AdobeStock_135319877-min.jpeg","200","image/jpeg","948046","5000","3338","true","https://www.gmbcreditunion.com/media/AdobeStock_135319877-min-600x401.jpeg https://www.gmbcreditunion.com/media/AdobeStock_135319877-min-1200x801.jpeg https://www.gmbcreditunion.com/media/AdobeStock_135319877-min-768x513.jpeg https://www.gmbcreditunion.com/media/AdobeStock_135319877-min-1536x1025.jpeg https://www.gmbcreditunion.com/media/AdobeStock_135319877-min-2048x1367.jpeg https://www.gmbcreditunion.com/media/AdobeStock_135319877-min-300x200.jpeg https://www.gmbcreditunion.com/media/AdobeStock_135319877-min-1600x1068.jpeg","yes","source/media/media/AdobeStock_135319877-min.jpeg"
"https://www.gmbcreditunion.com/media/AdobeStock_302028165-1200x800.jpeg","200","image/jpeg","92327","1200","800","true","","","source/media/media/AdobeStock_302028165-1200x800.jpeg"
"https://www.gmbcreditunion.com/media/AdobeStock_302028165-1536x1024.jpeg","200","image/jpeg","136260","1536","1024","true","","","source/media/media/AdobeStock_302028165-1536x1024.jpeg"
"https://www.gmbcreditunion.com/media/AdobeStock_302028165-1600x1067.jpeg","200","image/jpeg","145947","1600","1067","true","","","source/media/media/AdobeStock_302028165-1600x1067.jpeg"
"https://www.gmbcreditunion.com/media/AdobeStock_302028165-2048x1365.jpeg","200","image/jpeg","218045","2048","1365","true","","","source/media/media/AdobeStock_302028165-2048x1365.jpeg"
"https://www.gmbcreditunion.com/media/AdobeStock_302028165-300x200.jpeg","200","image/jpeg","11521","300","200","true","","","source/media/media/AdobeStock_302028165-300x200.jpeg"
"https://www.gmbcreditunion.com/media/AdobeStock_302028165-600x400.jpeg","200","","31611","600","400","true","","","source/media/media/AdobeStock_302028165-600x400.jpeg"
"https://www.gmbcreditunion.com/media/AdobeStock_302028165-768x512.jpeg","200","image/jpeg","46152","768","512","true","","","source/media/media/AdobeStock_302028165-768x512.jpeg"
"https://www.gmbcreditunion.com/media/AdobeStock_302028165.jpeg","200","image/jpeg","4535772","5472","3648","true","https://www.gmbcreditunion.com/media/AdobeStock_302028165-600x400.jpeg https://www.gmbcreditunion.com/media/AdobeStock_302028165-1200x800.jpeg https://www.gmbcreditunion.com/media/AdobeStock_302028165-768x512.jpeg https://www.gmbcreditunion.com/media/AdobeStock_302028165-1536x1024.jpeg https://www.gmbcreditunion.com/media/AdobeStock_302028165-2048x1365.jpeg https://www.gmbcreditunion.com/media/AdobeStock_302028165-300x200.jpeg https://www.gmbcreditunion.com/media/AdobeStock_302028165-1600x1067.jpeg","yes","source/media/media/AdobeStock_302028165.jpeg"
"https://www.gmbcreditunion.com/media/AdobeStock_466908529-1.png","200","","385415","598","370","true","","yes","source/media/media/AdobeStock_466908529-1.png"
"https://www.gmbcreditunion.com/media/Anti-Money-Laundering-Reporting-Officer-2023-AGM-2024.pdf","200","application/pdf","47932","","","true","","yes","source/media/media/Anti-Money-Laundering-Reporting-Officer-2023-AGM-2024.pdf"
"https://www.gmbcreditunion.com/media/Anti-Money-Laundering-Reporting-Officer-2024-AGM-2025.pdf","200","application/pdf","111074","","","true","","yes","source/media/media/Anti-Money-Laundering-Reporting-Officer-2024-AGM-2025.pdf"
"https://www.gmbcreditunion.com/media/Blog-featured-image-20-1200x675.png","200","image/png","773918","1200","675","true","","","source/media/media/Blog-featured-image-20-1200x675.png"
"https://www.gmbcreditunion.com/media/Blog-featured-image-20-1536x864.png","200","image/png","1228196","1536","864","true","","","source/media/media/Blog-featured-image-20-1536x864.png"
"https://www.gmbcreditunion.com/media/Blog-featured-image-20-1600x900.png","200","image/png","1327008","1600","900","true","","","source/media/media/Blog-featured-image-20-1600x900.png"
"https://www.gmbcreditunion.com/media/Blog-featured-image-20-300x169.png","200","image/png","67860","300","169","true","","","source/media/media/Blog-featured-image-20-300x169.png"
"https://www.gmbcreditunion.com/media/Blog-featured-image-20-600x338.png","200","","219801","600","338","true","","","source/media/media/Blog-featured-image-20-600x338.png"
"https://www.gmbcreditunion.com/media/Blog-featured-image-20-768x432.png","200","image/png","338828","768","432","true","","","source/media/media/Blog-featured-image-20-768x432.png"
"https://www.gmbcreditunion.com/media/Blog-featured-image-20.png","200","image/png","1744018","1680","945","true","https://www.gmbcreditunion.com/media/Blog-featured-image-20-600x338.png https://www.gmbcreditunion.com/media/Blog-featured-image-20-1200x675.png https://www.gmbcreditunion.com/media/Blog-featured-image-20-768x432.png https://www.gmbcreditunion.com/media/Blog-featured-image-20-1536x864.png https://www.gmbcreditunion.com/media/Blog-featured-image-20-300x169.png https://www.gmbcreditunion.com/media/Blog-featured-image-20-1600x900.png","yes","source/media/media/Blog-featured-image-20.png"
"https://www.gmbcreditunion.com/media/Blog-featured-images-300x200.png","200","image/png","115971","300","200","true","","","source/media/media/Blog-featured-images-300x200.png"
"https://www.gmbcreditunion.com/media/Blog-featured-images-600x402.png","200","","398203","600","402","true","","","source/media/media/Blog-featured-images-600x402.png"
"https://www.gmbcreditunion.com/media/Blog-featured-images-768x514.png","200","image/png","622059","768","514","true","","","source/media/media/Blog-featured-images-768x514.png"
"https://www.gmbcreditunion.com/media/Blog-featured-images.png","200","image/png","1021910","938","628","true","https://www.gmbcreditunion.com/media/Blog-featured-images-600x402.png https://www.gmbcreditunion.com/media/Blog-featured-images-768x514.png https://www.gmbcreditunion.com/media/Blog-featured-images-300x200.png","yes","source/media/media/Blog-featured-images.png"
"https://www.gmbcreditunion.com/media/Blog-header-1200x720.png","200","image/png","544777","1200","720","true","","","source/media/media/Blog-header-1200x720.png"
"https://www.gmbcreditunion.com/media/Blog-header-300x180.png","200","image/png","60717","300","180","true","","","source/media/media/Blog-header-300x180.png"
"https://www.gmbcreditunion.com/media/Blog-header-600x360.png","200","","176528","600","360","true","","","source/media/media/Blog-header-600x360.png"
"https://www.gmbcreditunion.com/media/Blog-header-768x461.png","200","image/png","262663","768","461","true","","","source/media/media/Blog-header-768x461.png"
"https://www.gmbcreditunion.com/media/Blog-header.png","200","image/png","1662740","1500","900","true","https://www.gmbcreditunion.com/media/Blog-header-600x360.png https://www.gmbcreditunion.com/media/Blog-header-1200x720.png https://www.gmbcreditunion.com/media/Blog-header-768x461.png https://www.gmbcreditunion.com/media/Blog-header-300x180.png","yes","source/media/media/Blog-header.png"
"https://www.gmbcreditunion.com/media/Blog-images-11-e1750860743946-1200x799.png","200","image/png","491629","1200","799","true","","","source/media/media/Blog-images-11-e1750860743946-1200x799.png"
"https://www.gmbcreditunion.com/media/Blog-images-11-e1750860743946-1536x1023.png","200","image/png","769603","1536","1023","true","","","source/media/media/Blog-images-11-e1750860743946-1536x1023.png"
"https://www.gmbcreditunion.com/media/Blog-images-11-e1750860743946-1600x1065.png","200","image/png","815860","1600","1065","true","","","source/media/media/Blog-images-11-e1750860743946-1600x1065.png"
"https://www.gmbcreditunion.com/media/Blog-images-11-e1750860743946-300x200.png","200","image/png","48245","300","200","true","","","source/media/media/Blog-images-11-e1750860743946-300x200.png"
"https://www.gmbcreditunion.com/media/Blog-images-11-e1750860743946-600x400.png","200","","150631","600","400","true","","","source/media/media/Blog-images-11-e1750860743946-600x400.png"
"https://www.gmbcreditunion.com/media/Blog-images-11-e1750860743946-768x511.png","200","image/png","228350","768","511","true","","","source/media/media/Blog-images-11-e1750860743946-768x511.png"
"https://www.gmbcreditunion.com/media/Blog-images-11-e1750860743946.png","200","image/png","1046647","1622","1080","true","https://www.gmbcreditunion.com/media/Blog-images-11-e1750860743946-600x400.png https://www.gmbcreditunion.com/media/Blog-images-11-e1750860743946-1200x799.png https://www.gmbcreditunion.com/media/Blog-images-11-e1750860743946-768x511.png https://www.gmbcreditunion.com/media/Blog-images-11-e1750860743946-1536x1023.png https://www.gmbcreditunion.com/media/Blog-images-11-e1750860743946-300x200.png https://www.gmbcreditunion.com/media/Blog-images-11-e1750860743946-1600x1065.png","","source/media/media/Blog-images-11-e1750860743946.png"
"https://www.gmbcreditunion.com/media/Blog-images-11.png","200","image/png","930041","1920","1080","false","https://www.gmbcreditunion.com/media/Blog-images-11-e1750860743946-600x400.png https://www.gmbcreditunion.com/media/Blog-images-11-e1750860743946-1200x799.png https://www.gmbcreditunion.com/media/Blog-images-11-e1750860743946-768x511.png https://www.gmbcreditunion.com/media/Blog-images-11-e1750860743946-1536x1023.png https://www.gmbcreditunion.com/media/Blog-images-11-e1750860743946-300x200.png https://www.gmbcreditunion.com/media/Blog-images-11-e1750860743946-1600x1065.png https://www.gmbcreditunion.com/media/Blog-images-11-e1750860743946.png","yes","source/media/media/Blog-images-11.png"
"https://www.gmbcreditunion.com/media/Blog-images-14-1200x675.png","200","","444750","1200","675","true","","","source/media/media/Blog-images-14-1200x675.png"
"https://www.gmbcreditunion.com/media/Blog-images-14-1536x864.png","200","image/png","714179","1536","864","true","","","source/media/media/Blog-images-14-1536x864.png"
"https://www.gmbcreditunion.com/media/Blog-images-14-1600x900.png","200","image/png","775358","1600","900","true","","","source/media/media/Blog-images-14-1600x900.png"
"https://www.gmbcreditunion.com/media/Blog-images-14-300x169.png","200","image/png","39774","300","169","true","","","source/media/media/Blog-images-14-300x169.png"
"https://www.gmbcreditunion.com/media/Blog-images-14-600x338.png","200","image/png","129733","600","338","true","","","source/media/media/Blog-images-14-600x338.png"
"https://www.gmbcreditunion.com/media/Blog-images-14-768x432.png","200","image/png","197952","768","432","true","","","source/media/media/Blog-images-14-768x432.png"
"https://www.gmbcreditunion.com/media/Blog-images-14.png","200","image/png","1093049","1920","1080","true","https://www.gmbcreditunion.com/media/Blog-images-14-1200x675.png https://www.gmbcreditunion.com/media/Blog-images-14-600x338.png https://www.gmbcreditunion.com/media/Blog-images-14-768x432.png https://www.gmbcreditunion.com/media/Blog-images-14-1536x864.png https://www.gmbcreditunion.com/media/Blog-images-14-300x169.png https://www.gmbcreditunion.com/media/Blog-images-14-1600x900.png","yes","source/media/media/Blog-images-14.png"
"https://www.gmbcreditunion.com/media/Blog-images-17-1200x675.png","200","image/png","290989","1200","675","true","","","source/media/media/Blog-images-17-1200x675.png"
"https://www.gmbcreditunion.com/media/Blog-images-17-1536x864.png","200","image/png","475561","1536","864","true","","","source/media/media/Blog-images-17-1536x864.png"
"https://www.gmbcreditunion.com/media/Blog-images-17-1600x900.png","200","image/png","514644","1600","900","true","","","source/media/media/Blog-images-17-1600x900.png"
"https://www.gmbcreditunion.com/media/Blog-images-17-300x169.png","200","image/png","26469","300","169","true","","","source/media/media/Blog-images-17-300x169.png"
"https://www.gmbcreditunion.com/media/Blog-images-17-600x338.png","200","image/png","83886","600","338","true","","","source/media/media/Blog-images-17-600x338.png"
"https://www.gmbcreditunion.com/media/Blog-images-17-768x432.png","200","image/png","128278","768","432","true","","","source/media/media/Blog-images-17-768x432.png"
"https://www.gmbcreditunion.com/media/Blog-images-17.png","200","image/png","770302","1920","1080","true","https://www.gmbcreditunion.com/media/Blog-images-17-1200x675.png https://www.gmbcreditunion.com/media/Blog-images-17-600x338.png https://www.gmbcreditunion.com/media/Blog-images-17-768x432.png https://www.gmbcreditunion.com/media/Blog-images-17-1536x864.png https://www.gmbcreditunion.com/media/Blog-images-17-300x169.png https://www.gmbcreditunion.com/media/Blog-images-17-1600x900.png","yes","source/media/media/Blog-images-17.png"
"https://www.gmbcreditunion.com/media/Blog-images-18-1200x675.png","200","image/png","389199","1200","675","true","","","source/media/media/Blog-images-18-1200x675.png"
"https://www.gmbcreditunion.com/media/Blog-images-18-1536x864.png","200","image/png","636118","1536","864","true","","","source/media/media/Blog-images-18-1536x864.png"
"https://www.gmbcreditunion.com/media/Blog-images-18-1600x900.png","200","image/png","695781","1600","900","true","","","source/media/media/Blog-images-18-1600x900.png"
"https://www.gmbcreditunion.com/media/Blog-images-18-300x169.png","200","image/png","41830","300","169","true","","","source/media/media/Blog-images-18-300x169.png"
"https://www.gmbcreditunion.com/media/Blog-images-18-600x338.png","200","image/png","125737","600","338","true","","","source/media/media/Blog-images-18-600x338.png"
"https://www.gmbcreditunion.com/media/Blog-images-18-768x432.png","200","image/png","182338","768","432","true","","","source/media/media/Blog-images-18-768x432.png"
"https://www.gmbcreditunion.com/media/Blog-images-18.png","200","image/png","942440","1920","1080","true","https://www.gmbcreditunion.com/media/Blog-images-18-1200x675.png https://www.gmbcreditunion.com/media/Blog-images-18-600x338.png https://www.gmbcreditunion.com/media/Blog-images-18-768x432.png https://www.gmbcreditunion.com/media/Blog-images-18-1536x864.png https://www.gmbcreditunion.com/media/Blog-images-18-300x169.png https://www.gmbcreditunion.com/media/Blog-images-18-1600x900.png","yes","source/media/media/Blog-images-18.png"
"https://www.gmbcreditunion.com/media/Blog-images-24-1200x675.png","200","","373191","1200","675","true","","","source/media/media/Blog-images-24-1200x675.png"
"https://www.gmbcreditunion.com/media/Blog-images-24-1536x864.png","200","image/png","1327877","1536","864","true","","","source/media/media/Blog-images-24-1536x864.png"
"https://www.gmbcreditunion.com/media/Blog-images-24-1600x900.png","200","image/png","1471227","1600","900","true","","","source/media/media/Blog-images-24-1600x900.png"
"https://www.gmbcreditunion.com/media/Blog-images-24-300x169.png","200","image/png","71136","300","169","true","","","source/media/media/Blog-images-24-300x169.png"
"https://www.gmbcreditunion.com/media/Blog-images-24-600x338.png","200","image/png","220692","600","338","true","","","source/media/media/Blog-images-24-600x338.png"
"https://www.gmbcreditunion.com/media/Blog-images-24-768x432.png","200","image/png","329391","768","432","true","","","source/media/media/Blog-images-24-768x432.png"
"https://www.gmbcreditunion.com/media/Blog-images-24.png","200","image/png","1025650","1920","1080","true","https://www.gmbcreditunion.com/media/Blog-images-24-1200x675.png https://www.gmbcreditunion.com/media/Blog-images-24-600x338.png https://www.gmbcreditunion.com/media/Blog-images-24-768x432.png https://www.gmbcreditunion.com/media/Blog-images-24-1536x864.png https://www.gmbcreditunion.com/media/Blog-images-24-300x169.png https://www.gmbcreditunion.com/media/Blog-images-24-1600x900.png","yes","source/media/media/Blog-images-24.png"
"https://www.gmbcreditunion.com/media/Blog-images-26-1200x675.png","200","","405872","1200","675","true","","","source/media/media/Blog-images-26-1200x675.png"
"https://www.gmbcreditunion.com/media/Blog-images-26-1536x864.png","200","image/png","665786","1536","864","true","","","source/media/media/Blog-images-26-1536x864.png"
"https://www.gmbcreditunion.com/media/Blog-images-26-1600x900.png","200","image/png","727012","1600","900","true","","","source/media/media/Blog-images-26-1600x900.png"
"https://www.gmbcreditunion.com/media/Blog-images-26-300x169.png","200","image/png","39948","300","169","true","","","source/media/media/Blog-images-26-300x169.png"
"https://www.gmbcreditunion.com/media/Blog-images-26-600x338.png","200","image/png","122581","600","338","true","","","source/media/media/Blog-images-26-600x338.png"
"https://www.gmbcreditunion.com/media/Blog-images-26-768x432.png","200","image/png","182802","768","432","true","","","source/media/media/Blog-images-26-768x432.png"
"https://www.gmbcreditunion.com/media/Blog-images-26.png","200","image/png","1049479","1920","1080","true","https://www.gmbcreditunion.com/media/Blog-images-26-1200x675.png https://www.gmbcreditunion.com/media/Blog-images-26-600x338.png https://www.gmbcreditunion.com/media/Blog-images-26-768x432.png https://www.gmbcreditunion.com/media/Blog-images-26-1536x864.png https://www.gmbcreditunion.com/media/Blog-images-26-300x169.png https://www.gmbcreditunion.com/media/Blog-images-26-1600x900.png","yes","source/media/media/Blog-images-26.png"
"https://www.gmbcreditunion.com/media/Blog_paytm_Group-Term-Life-Insurance_-What-You-Need-to-Know-e1706812393667-1200x992.jpg","200","image/jpeg","97450","1200","992","true","","","source/media/media/Blog_paytm_Group-Term-Life-Insurance_-What-You-Need-to-Know-e1706812393667-1200x992.jpg"
"https://www.gmbcreditunion.com/media/Blog_paytm_Group-Term-Life-Insurance_-What-You-Need-to-Know-e1706812393667-242x200.jpg","200","image/jpeg","12973","242","200","true","","","source/media/media/Blog_paytm_Group-Term-Life-Insurance_-What-You-Need-to-Know-e1706812393667-242x200.jpg"
"https://www.gmbcreditunion.com/media/Blog_paytm_Group-Term-Life-Insurance_-What-You-Need-to-Know-e1706812393667-600x496.jpg","200","","38204","600","496","true","","","source/media/media/Blog_paytm_Group-Term-Life-Insurance_-What-You-Need-to-Know-e1706812393667-600x496.jpg"
"https://www.gmbcreditunion.com/media/Blog_paytm_Group-Term-Life-Insurance_-What-You-Need-to-Know-e1706812393667-768x635.jpg","200","image/jpeg","52848","768","635","true","","","source/media/media/Blog_paytm_Group-Term-Life-Insurance_-What-You-Need-to-Know-e1706812393667-768x635.jpg"
"https://www.gmbcreditunion.com/media/Blog_paytm_Group-Term-Life-Insurance_-What-You-Need-to-Know-e1706812393667.jpg","200","image/jpeg","100929","1210","1000","true","https://www.gmbcreditunion.com/media/Blog_paytm_Group-Term-Life-Insurance_-What-You-Need-to-Know-e1706812393667-600x496.jpg https://www.gmbcreditunion.com/media/Blog_paytm_Group-Term-Life-Insurance_-What-You-Need-to-Know-e1706812393667-1200x992.jpg https://www.gmbcreditunion.com/media/Blog_paytm_Group-Term-Life-Insurance_-What-You-Need-to-Know-e1706812393667-768x635.jpg https://www.gmbcreditunion.com/media/Blog_paytm_Group-Term-Life-Insurance_-What-You-Need-to-Know-e1706812393667-242x200.jpg","","source/media/media/Blog_paytm_Group-Term-Life-Insurance_-What-You-Need-to-Know-e1706812393667.jpg"
"https://www.gmbcreditunion.com/media/Blog_paytm_Group-Term-Life-Insurance_-What-You-Need-to-Know.jpg","200","image/jpeg","98263","1600","1000","false","https://www.gmbcreditunion.com/media/Blog_paytm_Group-Term-Life-Insurance_-What-You-Need-to-Know-e1706812393667-600x496.jpg https://www.gmbcreditunion.com/media/Blog_paytm_Group-Term-Life-Insurance_-What-You-Need-to-Know-e1706812393667-1200x992.jpg https://www.gmbcreditunion.com/media/Blog_paytm_Group-Term-Life-Insurance_-What-You-Need-to-Know-e1706812393667-768x635.jpg https://www.gmbcreditunion.com/media/Blog_paytm_Group-Term-Life-Insurance_-What-You-Need-to-Know-e1706812393667-242x200.jpg https://www.gmbcreditunion.com/media/Blog_paytm_Group-Term-Life-Insurance_-What-You-Need-to-Know-e1706812393667.jpg","yes","source/media/media/Blog_paytm_Group-Term-Life-Insurance_-What-You-Need-to-Know.jpg"
"https://www.gmbcreditunion.com/media/Board-of-Directors-Report-AGM-2024.pdf","200","application/pdf","60261","","","true","","yes","source/media/media/Board-of-Directors-Report-AGM-2024.pdf"
"https://www.gmbcreditunion.com/media/Budget-planning-300x200.png","200","image/png","100516","300","200","true","","","source/media/media/Budget-planning-300x200.png"
"https://www.gmbcreditunion.com/media/Budget-planning.png","200","","243235","466","310","true","https://www.gmbcreditunion.com/media/Budget-planning-300x200.png","yes","source/media/media/Budget-planning.png"
"https://www.gmbcreditunion.com/media/CU-Loan-Consolidation-RGB-LOTTIE2.json","200","","81315","","","true","","yes","source/media/media/CU-Loan-Consolidation-RGB-LOTTIE2.json"
"https://www.gmbcreditunion.com/media/CU-Loan-Consolidation-RGB.svg","200","","21735","","","true","","yes","source/media/media/CU-Loan-Consolidation-RGB.svg"
"https://www.gmbcreditunion.com/media/CU-Loan-FamilyCredit-RGB-LOTTIE1.json","200","","221910","","","true","","yes","source/media/media/CU-Loan-FamilyCredit-RGB-LOTTIE1.json"
"https://www.gmbcreditunion.com/media/CU-Loan-FamilyCredit-RGB.svg","200","","44047","","","true","","yes","source/media/media/CU-Loan-FamilyCredit-RGB.svg"
"https://www.gmbcreditunion.com/media/CU-Loan-Handy-RGB-LOTTIE2.json","200","","50243","","","true","","yes","source/media/media/CU-Loan-Handy-RGB-LOTTIE2.json"
"https://www.gmbcreditunion.com/media/CU-Loan-Handy-RGB.svg","200","","19802","","","true","","yes","source/media/media/CU-Loan-Handy-RGB.svg"
"https://www.gmbcreditunion.com/media/CU-Loan-Header-RGB-1200x620.png","200","image/png","155570","1200","620","true","","","source/media/media/CU-Loan-Header-RGB-1200x620.png"
"https://www.gmbcreditunion.com/media/CU-Loan-Header-RGB-1536x794.png","200","image/png","195554","1536","794","true","","","source/media/media/CU-Loan-Header-RGB-1536x794.png"
"https://www.gmbcreditunion.com/media/CU-Loan-Header-RGB-1600x827.png","200","image/png","209574","1600","827","true","","","source/media/media/CU-Loan-Header-RGB-1600x827.png"
"https://www.gmbcreditunion.com/media/CU-Loan-Header-RGB-2048x1058.png","200","image/png","289684","2048","1058","true","","","source/media/media/CU-Loan-Header-RGB-2048x1058.png"
"https://www.gmbcreditunion.com/media/CU-Loan-Header-RGB-300x155.png","200","image/png","31205","300","155","true","","","source/media/media/CU-Loan-Header-RGB-300x155.png"
"https://www.gmbcreditunion.com/media/CU-Loan-Header-RGB-600x310.png","200","image/png","70342","600","310","true","","","source/media/media/CU-Loan-Header-RGB-600x310.png"
"https://www.gmbcreditunion.com/media/CU-Loan-Header-RGB-768x397.png","200","image/png","86141","768","397","true","","","source/media/media/CU-Loan-Header-RGB-768x397.png"
"https://www.gmbcreditunion.com/media/CU-Loan-Header-RGB-LOTTIE.lottie","200","","38365","","","true","","yes","source/media/media/CU-Loan-Header-RGB-LOTTIE.lottie"
"https://www.gmbcreditunion.com/media/CU-Loan-Header-RGB.png","200","image/png","331023","3833","1981","true","https://www.gmbcreditunion.com/media/CU-Loan-Header-RGB-600x310.png https://www.gmbcreditunion.com/media/CU-Loan-Header-RGB-1200x620.png https://www.gmbcreditunion.com/media/CU-Loan-Header-RGB-768x397.png https://www.gmbcreditunion.com/media/CU-Loan-Header-RGB-1536x794.png https://www.gmbcreditunion.com/media/CU-Loan-Header-RGB-2048x1058.png https://www.gmbcreditunion.com/media/CU-Loan-Header-RGB-300x155.png https://www.gmbcreditunion.com/media/CU-Loan-Header-RGB-1600x827.png","yes","source/media/media/CU-Loan-Header-RGB.png"
"https://www.gmbcreditunion.com/media/CU-Loan-Header-RGB.svg","200","","58223","","","true","","yes","source/media/media/CU-Loan-Header-RGB.svg"
"https://www.gmbcreditunion.com/media/CU-Loan-Member-RGB-LOTTIE.lottie","200","","20582","","","true","","yes","source/media/media/CU-Loan-Member-RGB-LOTTIE.lottie"
"https://www.gmbcreditunion.com/media/CU-Loan-Member-RGB.svg","200","","37369","","","true","","yes","source/media/media/CU-Loan-Member-RGB.svg"
"https://www.gmbcreditunion.com/media/CU-Loan-SaveBorrow-RGB-LOTTIE.lottie","200","","12514","","","true","","yes","source/media/media/CU-Loan-SaveBorrow-RGB-LOTTIE.lottie"
"https://www.gmbcreditunion.com/media/CU-Loan-SaveBorrow-RGB.svg","200","","24209","","","true","","yes","source/media/media/CU-Loan-SaveBorrow-RGB.svg"
"https://www.gmbcreditunion.com/media/CU-Loan-SaveSecure-RGB-LOTTIE-1.lottie","200","","5946","","","true","","yes","source/media/media/CU-Loan-SaveSecure-RGB-LOTTIE-1.lottie"
"https://www.gmbcreditunion.com/media/CU-Loan-SaveSecure-RGB-LOTTIE2.json","200","","32423","","","true","","yes","source/media/media/CU-Loan-SaveSecure-RGB-LOTTIE2.json"
"https://www.gmbcreditunion.com/media/CU-Loan-SaveSecure-RGB.svg","200","","7539","","","true","","yes","source/media/media/CU-Loan-SaveSecure-RGB.svg"
"https://www.gmbcreditunion.com/media/CU-Loan-SaveSecure-RGB2.svg","200","","7783","","","true","","yes","source/media/media/CU-Loan-SaveSecure-RGB2.svg"
"https://www.gmbcreditunion.com/media/CU-Loan-StarterLoan-RGB-LOTTIE.lottie","200","","13457","","","true","","yes","source/media/media/CU-Loan-StarterLoan-RGB-LOTTIE.lottie"
"https://www.gmbcreditunion.com/media/CU-Loan-StarterLoan-RGB.svg","200","","25367","","","true","","yes","source/media/media/CU-Loan-StarterLoan-RGB.svg"
"https://www.gmbcreditunion.com/media/CU-Loan-Topup-RGB-LOTTIE2.json","200","","106882","","","true","","yes","source/media/media/CU-Loan-Topup-RGB-LOTTIE2.json"
"https://www.gmbcreditunion.com/media/CU-Loan-Topup-RGB.svg","200","","27028","","","true","","yes","source/media/media/CU-Loan-Topup-RGB.svg"
"https://www.gmbcreditunion.com/media/CU-Other-Contact-RGB-2-1.svg","200","","7900","","","true","","yes","source/media/media/CU-Other-Contact-RGB-2-1.svg"
"https://www.gmbcreditunion.com/media/CU-Other-Representation-RGB-2.svg","200","","36603","","","true","","yes","source/media/media/CU-Other-Representation-RGB-2.svg"
"https://www.gmbcreditunion.com/media/CU-Other-X-RGB.svg","200","","4891","","","true","","yes","source/media/media/CU-Other-X-RGB.svg"
"https://www.gmbcreditunion.com/media/CU-Save-365-RGB-1.svg","200","","22199","","","true","","yes","source/media/media/CU-Save-365-RGB-1.svg"
"https://www.gmbcreditunion.com/media/CU-Save-365-RGB-Layers-2.json","200","","67592","","","true","","yes","source/media/media/CU-Save-365-RGB-Layers-2.json"
"https://www.gmbcreditunion.com/media/CU-Save-Christmas-RGB-LOTTIE.lottie","200","","58270","","","true","","yes","source/media/media/CU-Save-Christmas-RGB-LOTTIE.lottie"
"https://www.gmbcreditunion.com/media/CU-Save-Christmas-RGB.svg","200","","361595","","","true","","yes","source/media/media/CU-Save-Christmas-RGB.svg"
"https://www.gmbcreditunion.com/media/CU-Save-Header-RGB-LOTTIE2.json","200","","531011","","","true","","yes","source/media/media/CU-Save-Header-RGB-LOTTIE2.json"
"https://www.gmbcreditunion.com/media/CU-Save-Junior-RGB-LOTTIE1.json","200","","61799","","","true","","yes","source/media/media/CU-Save-Junior-RGB-LOTTIE1.json"
"https://www.gmbcreditunion.com/media/CU-Save-Junior-RGB.svg","200","","18674","","","true","","yes","source/media/media/CU-Save-Junior-RGB.svg"
"https://www.gmbcreditunion.com/media/CU-Save-Member-RGB-LOTTIE2.json","200","","589935","","","true","","yes","source/media/media/CU-Save-Member-RGB-LOTTIE2.json"
"https://www.gmbcreditunion.com/media/CU-Save-Member-RGB.svg","200","","161385","","","true","","yes","source/media/media/CU-Save-Member-RGB.svg"
"https://www.gmbcreditunion.com/media/CU-Save-Other-Prize-RGB-LOTTIE1.json","200","","169277","","","true","","yes","source/media/media/CU-Save-Other-Prize-RGB-LOTTIE1.json"
"https://www.gmbcreditunion.com/media/CU-Save-Premium-RGB-Layers.json","200","","88627","","","true","","yes","source/media/media/CU-Save-Premium-RGB-Layers.json"
"https://www.gmbcreditunion.com/media/CU-Save-Premium-RGB.png","200","","43665","738","490","true","","yes","source/media/media/CU-Save-Premium-RGB.png"
"https://www.gmbcreditunion.com/media/Clean-Simple-Logo-12.png","200","","53421","875","875","true","","yes","source/media/media/Clean-Simple-Logo-12.png"
"https://www.gmbcreditunion.com/media/Clean-Simple-Logo-14.png","200","","37089","500","500","true","","yes","source/media/media/Clean-Simple-Logo-14.png"
"https://www.gmbcreditunion.com/media/Clean-Simple-Logo-16.png","200","","84775","875","875","true","","yes","source/media/media/Clean-Simple-Logo-16.png"
"https://www.gmbcreditunion.com/media/Clean-Simple-Logo-7-150x150.png","200","image/png","15723","150","150","true","","","source/media/media/Clean-Simple-Logo-7-150x150.png"
"https://www.gmbcreditunion.com/media/Clean-Simple-Logo-7-200x200.png","200","image/png","23151","200","200","true","","","source/media/media/Clean-Simple-Logo-7-200x200.png"
"https://www.gmbcreditunion.com/media/Clean-Simple-Logo-7-600x600.png","200","image/png","124156","600","600","true","","","source/media/media/Clean-Simple-Logo-7-600x600.png"
"https://www.gmbcreditunion.com/media/Clean-Simple-Logo-7-768x768.png","200","image/png","188160","768","768","true","","","source/media/media/Clean-Simple-Logo-7-768x768.png"
"https://www.gmbcreditunion.com/media/Clean-Simple-Logo-7.png","200","image/png","289362","875","875","true","https://www.gmbcreditunion.com/media/Clean-Simple-Logo-7-150x150.png https://www.gmbcreditunion.com/media/Clean-Simple-Logo-7-200x200.png https://www.gmbcreditunion.com/media/Clean-Simple-Logo-7-600x600.png https://www.gmbcreditunion.com/media/Clean-Simple-Logo-7-768x768.png","yes","source/media/media/Clean-Simple-Logo-7.png"
"https://www.gmbcreditunion.com/media/Complaints-Director-Report-AGM-2024.pdf","200","application/pdf","61286","","","true","","yes","source/media/media/Complaints-Director-Report-AGM-2024.pdf"
"https://www.gmbcreditunion.com/media/Congress-Social-2.png","200","","41496","600","600","true","","yes","source/media/media/Congress-Social-2.png"
"https://www.gmbcreditunion.com/media/Congress-Social-5.png","200","","95230","600","500","true","","yes","source/media/media/Congress-Social-5.png"
"https://www.gmbcreditunion.com/media/Coronavirus-267x200.jpg","200","image/jpeg","12753","267","200","true","","","source/media/media/Coronavirus-267x200.jpg"
"https://www.gmbcreditunion.com/media/Coronavirus.jpg","200","","16084","480","360","true","https://www.gmbcreditunion.com/media/Coronavirus-267x200.jpg","yes","source/media/media/Coronavirus.jpg"
"https://www.gmbcreditunion.com/media/Credit-score-blog-1200x675.png","200","image/png","832725","1200","675","true","","","source/media/media/Credit-score-blog-1200x675.png"
"https://www.gmbcreditunion.com/media/Credit-score-blog-1536x864.png","200","image/png","1284028","1536","864","true","","","source/media/media/Credit-score-blog-1536x864.png"
"https://www.gmbcreditunion.com/media/Credit-score-blog-1600x900.png","200","image/png","1384599","1600","900","true","","","source/media/media/Credit-score-blog-1600x900.png"
"https://www.gmbcreditunion.com/media/Credit-score-blog-2048x1152.png","200","image/png","2084437","2048","1152","true","","","source/media/media/Credit-score-blog-2048x1152.png"
"https://www.gmbcreditunion.com/media/Credit-score-blog-300x169.png","200","image/png","67836","300","169","true","","","source/media/media/Credit-score-blog-300x169.png"
"https://www.gmbcreditunion.com/media/Credit-score-blog-600x338.png","200","","235754","600","338","true","","","source/media/media/Credit-score-blog-600x338.png"
"https://www.gmbcreditunion.com/media/Credit-score-blog-768x432.png","200","image/png","370233","768","432","true","","","source/media/media/Credit-score-blog-768x432.png"
"https://www.gmbcreditunion.com/media/Credit-score-blog.png","200","image/png","2603877","2240","1260","true","https://www.gmbcreditunion.com/media/Credit-score-blog-600x338.png https://www.gmbcreditunion.com/media/Credit-score-blog-1200x675.png https://www.gmbcreditunion.com/media/Credit-score-blog-768x432.png https://www.gmbcreditunion.com/media/Credit-score-blog-1536x864.png https://www.gmbcreditunion.com/media/Credit-score-blog-2048x1152.png https://www.gmbcreditunion.com/media/Credit-score-blog-300x169.png https://www.gmbcreditunion.com/media/Credit-score-blog-1600x900.png","yes","source/media/media/Credit-score-blog.png"
"https://www.gmbcreditunion.com/media/CyS3SSEf4Gjy7HBgpzEAQ5-1200x800.jpg","200","image/jpeg","121773","1200","800","true","","","source/media/media/CyS3SSEf4Gjy7HBgpzEAQ5-1200x800.jpg"
"https://www.gmbcreditunion.com/media/CyS3SSEf4Gjy7HBgpzEAQ5-1536x1024.jpg","200","image/jpeg","166963","1536","1024","true","","","source/media/media/CyS3SSEf4Gjy7HBgpzEAQ5-1536x1024.jpg"
"https://www.gmbcreditunion.com/media/CyS3SSEf4Gjy7HBgpzEAQ5-1600x1067.jpg","200","image/jpeg","176616","1600","1067","true","","","source/media/media/CyS3SSEf4Gjy7HBgpzEAQ5-1600x1067.jpg"
"https://www.gmbcreditunion.com/media/CyS3SSEf4Gjy7HBgpzEAQ5-2048x1365.jpg","200","image/jpeg","247784","2048","1365","true","","","source/media/media/CyS3SSEf4Gjy7HBgpzEAQ5-2048x1365.jpg"
"https://www.gmbcreditunion.com/media/CyS3SSEf4Gjy7HBgpzEAQ5-300x200.jpg","200","image/jpeg","32047","300","200","true","","","source/media/media/CyS3SSEf4Gjy7HBgpzEAQ5-300x200.jpg"
"https://www.gmbcreditunion.com/media/CyS3SSEf4Gjy7HBgpzEAQ5-600x400.jpg","200","","55773","600","400","true","","","source/media/media/CyS3SSEf4Gjy7HBgpzEAQ5-600x400.jpg"
"https://www.gmbcreditunion.com/media/CyS3SSEf4Gjy7HBgpzEAQ5-768x512.jpg","200","image/jpeg","72103","768","512","true","","","source/media/media/CyS3SSEf4Gjy7HBgpzEAQ5-768x512.jpg"
"https://www.gmbcreditunion.com/media/CyS3SSEf4Gjy7HBgpzEAQ5.jpg","200","image/jpeg","1091370","2121","1414","true","https://www.gmbcreditunion.com/media/CyS3SSEf4Gjy7HBgpzEAQ5-600x400.jpg https://www.gmbcreditunion.com/media/CyS3SSEf4Gjy7HBgpzEAQ5-1200x800.jpg https://www.gmbcreditunion.com/media/CyS3SSEf4Gjy7HBgpzEAQ5-768x512.jpg https://www.gmbcreditunion.com/media/CyS3SSEf4Gjy7HBgpzEAQ5-1536x1024.jpg https://www.gmbcreditunion.com/media/CyS3SSEf4Gjy7HBgpzEAQ5-2048x1365.jpg https://www.gmbcreditunion.com/media/CyS3SSEf4Gjy7HBgpzEAQ5-300x200.jpg https://www.gmbcreditunion.com/media/CyS3SSEf4Gjy7HBgpzEAQ5-1600x1067.jpg","yes","source/media/media/CyS3SSEf4Gjy7HBgpzEAQ5.jpg"
"https://www.gmbcreditunion.com/media/Dennis-GMB-Member-1200x622.png","200","image/png","911034","1200","622","true","","","source/media/media/Dennis-GMB-Member-1200x622.png"
"https://www.gmbcreditunion.com/media/Dennis-GMB-Member-1536x796.png","200","image/png","1356575","1536","796","true","","","source/media/media/Dennis-GMB-Member-1536x796.png"
"https://www.gmbcreditunion.com/media/Dennis-GMB-Member-1600x829.png","200","image/png","1446545","1600","829","true","","","source/media/media/Dennis-GMB-Member-1600x829.png"
"https://www.gmbcreditunion.com/media/Dennis-GMB-Member-300x155.png","200","image/png","82149","300","155","true","","","source/media/media/Dennis-GMB-Member-300x155.png"
"https://www.gmbcreditunion.com/media/Dennis-GMB-Member-600x311.png","200","","279992","600","311","true","","","source/media/media/Dennis-GMB-Member-600x311.png"
"https://www.gmbcreditunion.com/media/Dennis-GMB-Member-768x398.png","200","image/png","429530","768","398","true","","","source/media/media/Dennis-GMB-Member-768x398.png"
"https://www.gmbcreditunion.com/media/Dennis-GMB-Member.png","200","image/png","3109341","1922","996","true","https://www.gmbcreditunion.com/media/Dennis-GMB-Member-600x311.png https://www.gmbcreditunion.com/media/Dennis-GMB-Member-1200x622.png https://www.gmbcreditunion.com/media/Dennis-GMB-Member-768x398.png https://www.gmbcreditunion.com/media/Dennis-GMB-Member-1536x796.png https://www.gmbcreditunion.com/media/Dennis-GMB-Member-300x155.png https://www.gmbcreditunion.com/media/Dennis-GMB-Member-1600x829.png","yes","source/media/media/Dennis-GMB-Member.png"
"https://www.gmbcreditunion.com/media/Friends-of-GMBCU-Prize-Draw-Report-2024.pdf","200","application/pdf","103930","","","true","","yes","source/media/media/Friends-of-GMBCU-Prize-Draw-Report-2024.pdf"
"https://www.gmbcreditunion.com/media/GMB-Credit-Union-Annual-Report-2025.pdf","200","application/pdf","1121162","","","true","","yes","source/media/media/GMB-Credit-Union-Annual-Report-2025.pdf"
"https://www.gmbcreditunion.com/media/GMBCU-AGM-2024-3.png","200","","137588","1231","924","true","","yes","source/media/media/GMBCU-AGM-2024-3.png"
"https://www.gmbcreditunion.com/media/GMBCU-AGM-2024.png","200","","163892","1183","874","true","","yes","source/media/media/GMBCU-AGM-2024.png"
"https://www.gmbcreditunion.com/media/GMBCU-Annual-Report-2023-1.pdf","200","application/pdf","5538058","","","true","","yes","source/media/media/GMBCU-Annual-Report-2023-1.pdf"
"https://www.gmbcreditunion.com/media/GMBCU-Annual-Report-2024-4-compressed.pdf","200","application/pdf","595115","","","true","","yes","source/media/media/GMBCU-Annual-Report-2024-4-compressed.pdf"
"https://www.gmbcreditunion.com/media/GMBCU-Annual-Report-2025-AGM-2026-3.pdf","200","application/pdf","2765860","","","true","","yes","source/media/media/GMBCU-Annual-Report-2025-AGM-2026-3.pdf"
"https://www.gmbcreditunion.com/media/GMBCU-Annual-Report-2025-compressed.pdf","200","application/pdf","451440","","","true","","yes","source/media/media/GMBCU-Annual-Report-2025-compressed.pdf"
"https://www.gmbcreditunion.com/media/GMBCU-Blog-assets_0-300x200.png","200","image/png","88542","300","200","true","","","source/media/media/GMBCU-Blog-assets_0-300x200.png"
"https://www.gmbcreditunion.com/media/GMBCU-Blog-assets_0-600x400.png","200","","294207","600","400","true","","","source/media/media/GMBCU-Blog-assets_0-600x400.png"
"https://www.gmbcreditunion.com/media/GMBCU-Blog-assets_0.png","200","image/png","330821","612","408","true","https://www.gmbcreditunion.com/media/GMBCU-Blog-assets_0-600x400.png https://www.gmbcreditunion.com/media/GMBCU-Blog-assets_0-300x200.png","yes","source/media/media/GMBCU-Blog-assets_0.png"
"https://www.gmbcreditunion.com/media/GMBCU-Board-of-Directors-Report-2025-AGM-2026.pdf","200","application/pdf","123787","","","true","","yes","source/media/media/GMBCU-Board-of-Directors-Report-2025-AGM-2026.pdf"
"https://www.gmbcreditunion.com/media/GMBCU-Board-of-Directors-Report-AGM-2025.pdf","200","application/pdf","111401","","","true","","yes","source/media/media/GMBCU-Board-of-Directors-Report-AGM-2025.pdf"
"https://www.gmbcreditunion.com/media/GMBCU-Complaints-Officer-Report-2024-AGM-2025.pdf","200","application/pdf","95178","","","true","","yes","source/media/media/GMBCU-Complaints-Officer-Report-2024-AGM-2025.pdf"
"https://www.gmbcreditunion.com/media/GMBCU-Complaints-Officer-Report-2025-AGM-2026.pdf","200","application/pdf","105224","","","true","","yes","source/media/media/GMBCU-Complaints-Officer-Report-2025-AGM-2026.pdf"
"https://www.gmbcreditunion.com/media/GMBCU-Friends-of-GMBCU-Prize-Draw-2025.pdf","200","application/pdf","139487","","","true","","yes","source/media/media/GMBCU-Friends-of-GMBCU-Prize-Draw-2025.pdf"
"https://www.gmbcreditunion.com/media/GMBCU-Friends-of-GMBCU-Prize-Draw-2026.pdf","200","application/pdf","162697","","","true","","yes","source/media/media/GMBCU-Friends-of-GMBCU-Prize-Draw-2026.pdf"
"https://www.gmbcreditunion.com/media/GMBCU-Loan-TCs-1.pdf","200","application/pdf","234889","","","true","","yes","source/media/media/GMBCU-Loan-TCs-1.pdf"
"https://www.gmbcreditunion.com/media/GMBCU-Loan-TCs.pdf","200","application/pdf","129624","","","true","","yes","source/media/media/GMBCU-Loan-TCs.pdf"
"https://www.gmbcreditunion.com/media/GMBCU-Member-Hub-Guide.pdf","200","application/pdf","4967093","","","true","","yes","source/media/media/GMBCU-Member-Hub-Guide.pdf"
"https://www.gmbcreditunion.com/media/GMBCU-PRODUCT-STATIC-1-1.png","200","","349020","1978","1195","true","","yes","source/media/media/GMBCU-PRODUCT-STATIC-1-1.png"
"https://www.gmbcreditunion.com/media/GMBCU-PRODUCT-STATIC-2.png","200","","86945","1980","1523","true","","yes","source/media/media/GMBCU-PRODUCT-STATIC-2.png"
"https://www.gmbcreditunion.com/media/GMBCU-Social-Templates-1-1200x1200.jpg","200","image/jpeg","168301","1200","1200","true","","","source/media/media/GMBCU-Social-Templates-1-1200x1200.jpg"
"https://www.gmbcreditunion.com/media/GMBCU-Social-Templates-1-150x150.jpg","200","image/jpeg","7638","150","150","true","","","source/media/media/GMBCU-Social-Templates-1-150x150.jpg"
"https://www.gmbcreditunion.com/media/GMBCU-Social-Templates-1-200x200.jpg","200","image/jpeg","10987","200","200","true","","","source/media/media/GMBCU-Social-Templates-1-200x200.jpg"
"https://www.gmbcreditunion.com/media/GMBCU-Social-Templates-1-600x600.jpg","200","","55271","600","600","true","","","source/media/media/GMBCU-Social-Templates-1-600x600.jpg"
"https://www.gmbcreditunion.com/media/GMBCU-Social-Templates-1-768x768.jpg","200","image/jpeg","80919","768","768","true","","","source/media/media/GMBCU-Social-Templates-1-768x768.jpg"
"https://www.gmbcreditunion.com/media/GMBCU-Social-Templates-1.jpg","200","image/jpeg","236191","1440","1440","true","https://www.gmbcreditunion.com/media/GMBCU-Social-Templates-1-600x600.jpg https://www.gmbcreditunion.com/media/GMBCU-Social-Templates-1-1200x1200.jpg https://www.gmbcreditunion.com/media/GMBCU-Social-Templates-1-150x150.jpg https://www.gmbcreditunion.com/media/GMBCU-Social-Templates-1-768x768.jpg https://www.gmbcreditunion.com/media/GMBCU-Social-Templates-1-200x200.jpg","yes","source/media/media/GMBCU-Social-Templates-1.jpg"
"https://www.gmbcreditunion.com/media/GMBCU-Social-Templates-1200x1200.jpg","200","image/jpeg","115065","1200","1200","true","","","source/media/media/GMBCU-Social-Templates-1200x1200.jpg"
"https://www.gmbcreditunion.com/media/GMBCU-Social-Templates-150x150.jpg","200","image/jpeg","7494","150","150","true","","","source/media/media/GMBCU-Social-Templates-150x150.jpg"
"https://www.gmbcreditunion.com/media/GMBCU-Social-Templates-2-1200x1200.jpg","200","image/jpeg","169003","1200","1200","true","","","source/media/media/GMBCU-Social-Templates-2-1200x1200.jpg"
"https://www.gmbcreditunion.com/media/GMBCU-Social-Templates-2-150x150.jpg","200","image/jpeg","7644","150","150","true","","","source/media/media/GMBCU-Social-Templates-2-150x150.jpg"
"https://www.gmbcreditunion.com/media/GMBCU-Social-Templates-2-200x200.jpg","200","image/jpeg","11030","200","200","true","","","source/media/media/GMBCU-Social-Templates-2-200x200.jpg"
"https://www.gmbcreditunion.com/media/GMBCU-Social-Templates-2-600x600.jpg","200","","56933","600","600","true","","","source/media/media/GMBCU-Social-Templates-2-600x600.jpg"
"https://www.gmbcreditunion.com/media/GMBCU-Social-Templates-2-768x768.jpg","200","image/jpeg","83238","768","768","true","","","source/media/media/GMBCU-Social-Templates-2-768x768.jpg"
"https://www.gmbcreditunion.com/media/GMBCU-Social-Templates-2.jpg","200","image/jpeg","231260","1440","1440","true","https://www.gmbcreditunion.com/media/GMBCU-Social-Templates-2-600x600.jpg https://www.gmbcreditunion.com/media/GMBCU-Social-Templates-2-1200x1200.jpg https://www.gmbcreditunion.com/media/GMBCU-Social-Templates-2-150x150.jpg https://www.gmbcreditunion.com/media/GMBCU-Social-Templates-2-768x768.jpg https://www.gmbcreditunion.com/media/GMBCU-Social-Templates-2-200x200.jpg","yes","source/media/media/GMBCU-Social-Templates-2.jpg"
"https://www.gmbcreditunion.com/media/GMBCU-Social-Templates-200x200.jpg","200","image/jpeg","10311","200","200","true","","","source/media/media/GMBCU-Social-Templates-200x200.jpg"
"https://www.gmbcreditunion.com/media/GMBCU-Social-Templates-600x600.jpg","200","","44048","600","600","true","","","source/media/media/GMBCU-Social-Templates-600x600.jpg"
"https://www.gmbcreditunion.com/media/GMBCU-Social-Templates-768x768.jpg","200","image/jpeg","61424","768","768","true","","","source/media/media/GMBCU-Social-Templates-768x768.jpg"
"https://www.gmbcreditunion.com/media/GMBCU-Social-Templates.jpg","200","image/jpeg","145300","1440","1440","true","https://www.gmbcreditunion.com/media/GMBCU-Social-Templates-600x600.jpg https://www.gmbcreditunion.com/media/GMBCU-Social-Templates-1200x1200.jpg https://www.gmbcreditunion.com/media/GMBCU-Social-Templates-150x150.jpg https://www.gmbcreditunion.com/media/GMBCU-Social-Templates-768x768.jpg https://www.gmbcreditunion.com/media/GMBCU-Social-Templates-200x200.jpg","yes","source/media/media/GMBCU-Social-Templates.jpg"
"https://www.gmbcreditunion.com/media/GMBCU-Supervisory-Report-2025-AGM-2026.pdf","200","application/pdf","71149","","","true","","yes","source/media/media/GMBCU-Supervisory-Report-2025-AGM-2026.pdf"
"https://www.gmbcreditunion.com/media/GMBCU-Supervisory-Report-AGM-2024-1.pdf","200","application/pdf","85614","","","true","","yes","source/media/media/GMBCU-Supervisory-Report-AGM-2024-1.pdf"
"https://www.gmbcreditunion.com/media/GMBCU-Supervisory-Report-AGM-2025.pdf","200","application/pdf","84720","","","true","","yes","source/media/media/GMBCU-Supervisory-Report-AGM-2025.pdf"
"https://www.gmbcreditunion.com/media/GettyImages-1185256894-1-min-1200x745.jpg","200","image/jpeg","51575","1200","745","true","","","source/media/media/GettyImages-1185256894-1-min-1200x745.jpg"
"https://www.gmbcreditunion.com/media/GettyImages-1185256894-1-min-1536x954.jpg","200","image/jpeg","73344","1536","954","true","","","source/media/media/GettyImages-1185256894-1-min-1536x954.jpg"
"https://www.gmbcreditunion.com/media/GettyImages-1185256894-1-min-1600x994.jpg","200","image/jpeg","77963","1600","994","true","","","source/media/media/GettyImages-1185256894-1-min-1600x994.jpg"
"https://www.gmbcreditunion.com/media/GettyImages-1185256894-1-min-2048x1272.jpg","200","image/jpeg","111841","2048","1272","true","","","source/media/media/GettyImages-1185256894-1-min-2048x1272.jpg"
"https://www.gmbcreditunion.com/media/GettyImages-1185256894-1-min-300x186.jpg","200","image/jpeg","7559","300","186","true","","","source/media/media/GettyImages-1185256894-1-min-300x186.jpg"
"https://www.gmbcreditunion.com/media/GettyImages-1185256894-1-min-600x373.jpg","200","","19574","600","373","true","","","source/media/media/GettyImages-1185256894-1-min-600x373.jpg"
"https://www.gmbcreditunion.com/media/GettyImages-1185256894-1-min-768x477.jpg","200","image/jpeg","27411","768","477","true","","","source/media/media/GettyImages-1185256894-1-min-768x477.jpg"
"https://www.gmbcreditunion.com/media/GettyImages-1185256894-1-min.jpg","200","image/jpeg","538167","6440","4000","true","https://www.gmbcreditunion.com/media/GettyImages-1185256894-1-min-600x373.jpg https://www.gmbcreditunion.com/media/GettyImages-1185256894-1-min-1200x745.jpg https://www.gmbcreditunion.com/media/GettyImages-1185256894-1-min-768x477.jpg https://www.gmbcreditunion.com/media/GettyImages-1185256894-1-min-1536x954.jpg https://www.gmbcreditunion.com/media/GettyImages-1185256894-1-min-2048x1272.jpg https://www.gmbcreditunion.com/media/GettyImages-1185256894-1-min-300x186.jpg https://www.gmbcreditunion.com/media/GettyImages-1185256894-1-min-1600x994.jpg","yes","source/media/media/GettyImages-1185256894-1-min.jpg"
"https://www.gmbcreditunion.com/media/Icon-1-Made-Members-48px.svg","200","","1295","","","true","","yes","source/media/media/Icon-1-Made-Members-48px.svg"
"https://www.gmbcreditunion.com/media/Icon-10-Save-Borrow-Afford-48px.svg","200","","1900","","","true","","yes","source/media/media/Icon-10-Save-Borrow-Afford-48px.svg"
"https://www.gmbcreditunion.com/media/Icon-11-Protect-48px.svg","200","","1297","","","true","","yes","source/media/media/Icon-11-Protect-48px.svg"
"https://www.gmbcreditunion.com/media/Icon-12-Life-Insurance-48px.svg","200","","2038","","","true","","yes","source/media/media/Icon-12-Life-Insurance-48px.svg"
"https://www.gmbcreditunion.com/media/Icon-13-Shape-Your-Credit-48px.svg","200","","654","","","true","","yes","source/media/media/Icon-13-Shape-Your-Credit-48px.svg"
"https://www.gmbcreditunion.com/media/Icon-14-Message-Us-48px.svg","200","","1170","","","true","","yes","source/media/media/Icon-14-Message-Us-48px.svg"
"https://www.gmbcreditunion.com/media/Icon-15-Apply-Loans-48px.svg","200","","2115","","","true","","yes","source/media/media/Icon-15-Apply-Loans-48px.svg"
"https://www.gmbcreditunion.com/media/Icon-16-View-Balance-48px.svg","200","","1556","","","true","","yes","source/media/media/Icon-16-View-Balance-48px.svg"
"https://www.gmbcreditunion.com/media/Icon-17-View-Transactions-48px.svg","200","","1457","","","true","","yes","source/media/media/Icon-17-View-Transactions-48px.svg"
"https://www.gmbcreditunion.com/media/Icon-18-Withdraw-48px.svg","200","","1572","","","true","","yes","source/media/media/Icon-18-Withdraw-48px.svg"
"https://www.gmbcreditunion.com/media/Icon-2-Dedicated-Serving-48px.svg","200","","2106","","","true","","yes","source/media/media/Icon-2-Dedicated-Serving-48px.svg"
"https://www.gmbcreditunion.com/media/Icon-3-Financial-Lit-48px.svg","200","","1940","","","true","","yes","source/media/media/Icon-3-Financial-Lit-48px.svg"
"https://www.gmbcreditunion.com/media/Icon-4-Straightforward-48px.svg","200","","1197","","","true","","yes","source/media/media/Icon-4-Straightforward-48px.svg"
"https://www.gmbcreditunion.com/media/Icon-5-Personal-loans-48px.svg","200","","2573","","","true","","yes","source/media/media/Icon-5-Personal-loans-48px.svg"
"https://www.gmbcreditunion.com/media/Icon-6-Money-Saving-Budget-Friendly-48px.svg","200","","1244","","","true","","yes","source/media/media/Icon-6-Money-Saving-Budget-Friendly-48px.svg"
"https://www.gmbcreditunion.com/media/Icon-7-Affordable-Repayments-48px.svg","200","","1658","","","true","","yes","source/media/media/Icon-7-Affordable-Repayments-48px.svg"
"https://www.gmbcreditunion.com/media/Icon-8-Flexible-Rates.svg","200","","1302","","","true","","yes","source/media/media/Icon-8-Flexible-Rates.svg"
"https://www.gmbcreditunion.com/media/Icon-9-Benefit-Annual-Returns-48px.svg","200","","1449","","","true","","yes","source/media/media/Icon-9-Benefit-Annual-Returns-48px.svg"
"https://www.gmbcreditunion.com/media/Kids-at-restaurant-300x200.png","200","image/png","110652","300","200","true","","","source/media/media/Kids-at-restaurant-300x200.png"
"https://www.gmbcreditunion.com/media/Kids-at-restaurant.png","200","","256614","466","310","true","https://www.gmbcreditunion.com/media/Kids-at-restaurant-300x200.png","yes","source/media/media/Kids-at-restaurant.png"
"https://www.gmbcreditunion.com/media/List-300x200.png","200","image/png","64518","300","200","true","","","source/media/media/List-300x200.png"
"https://www.gmbcreditunion.com/media/List.png","200","image/png","164122","466","310","true","https://www.gmbcreditunion.com/media/List-300x200.png","yes","source/media/media/List.png"
"https://www.gmbcreditunion.com/media/MARCH-LI-1.png","200","","314233","1212","651","true","","yes","source/media/media/MARCH-LI-1.png"
"https://www.gmbcreditunion.com/media/May-24-social.png","200","","452716","2333","1689","true","","yes","source/media/media/May-24-social.png"
"https://www.gmbcreditunion.com/media/Minutes-of-2023-AGM-2024.pdf","200","application/pdf","72613","","","true","","yes","source/media/media/Minutes-of-2023-AGM-2024.pdf"
"https://www.gmbcreditunion.com/media/Minutes-of-2024-AGM-2025.pdf","200","application/pdf","72219","","","true","","yes","source/media/media/Minutes-of-2024-AGM-2025.pdf"
"https://www.gmbcreditunion.com/media/Minutes-of-2025-AGM-2026.pdf","200","application/pdf","80967","","","true","","yes","source/media/media/Minutes-of-2025-AGM-2026.pdf"
"https://www.gmbcreditunion.com/media/November-Social-23-1.png","200","","529490","1440","1440","true","","yes","source/media/media/November-Social-23-1.png"
"https://www.gmbcreditunion.com/media/November-Social-23.png","200","","638055","1440","1440","true","","yes","source/media/media/November-Social-23.png"
"https://www.gmbcreditunion.com/media/Old-images-2-300x200.png","200","image/png","82277","300","200","true","","","source/media/media/Old-images-2-300x200.png"
"https://www.gmbcreditunion.com/media/Old-images-2-600x400.png","200","","248064","600","400","true","","","source/media/media/Old-images-2-600x400.png"
"https://www.gmbcreditunion.com/media/Old-images-2.png","200","image/png","530664","673","449","true","https://www.gmbcreditunion.com/media/Old-images-2-600x400.png https://www.gmbcreditunion.com/media/Old-images-2-300x200.png","yes","source/media/media/Old-images-2.png"
"https://www.gmbcreditunion.com/media/PrizeSaver-Terms-Conditions-Hans-info-1.pdf","200","application/pdf","264280","","","true","","yes","source/media/media/PrizeSaver-Terms-Conditions-Hans-info-1.pdf"
"https://www.gmbcreditunion.com/media/Save-money-over-the-summer-holidays-300x200.png","200","image/png","143691","300","200","true","","","source/media/media/Save-money-over-the-summer-holidays-300x200.png"
"https://www.gmbcreditunion.com/media/Save-money-over-the-summer-holidays-600x402.png","200","","510316","600","402","true","","","source/media/media/Save-money-over-the-summer-holidays-600x402.png"
"https://www.gmbcreditunion.com/media/Save-money-over-the-summer-holidays-768x514.png","200","image/png","790638","768","514","true","","","source/media/media/Save-money-over-the-summer-holidays-768x514.png"
"https://www.gmbcreditunion.com/media/Save-money-over-the-summer-holidays.png","200","image/png","1211145","938","628","true","https://www.gmbcreditunion.com/media/Save-money-over-the-summer-holidays-600x402.png https://www.gmbcreditunion.com/media/Save-money-over-the-summer-holidays-768x514.png https://www.gmbcreditunion.com/media/Save-money-over-the-summer-holidays-300x200.png","yes","source/media/media/Save-money-over-the-summer-holidays.png"
"https://www.gmbcreditunion.com/media/Taxes-300x200.png","200","image/png","86630","300","200","true","","","source/media/media/Taxes-300x200.png"
"https://www.gmbcreditunion.com/media/Taxes.png","200","","204463","466","310","true","https://www.gmbcreditunion.com/media/Taxes-300x200.png","yes","source/media/media/Taxes.png"
"https://www.gmbcreditunion.com/media/Transparency-1200x800.jpg","200","image/jpeg","69119","1200","800","true","","","source/media/media/Transparency-1200x800.jpg"
"https://www.gmbcreditunion.com/media/Transparency-1536x1024.jpg","200","image/jpeg","100143","1536","1024","true","","","source/media/media/Transparency-1536x1024.jpg"
"https://www.gmbcreditunion.com/media/Transparency-1600x1067.jpg","200","image/jpeg","106842","1600","1067","true","","","source/media/media/Transparency-1600x1067.jpg"
"https://www.gmbcreditunion.com/media/Transparency-300x200.jpg","200","image/jpeg","9834","300","200","true","","","source/media/media/Transparency-300x200.jpg"
"https://www.gmbcreditunion.com/media/Transparency-600x400.jpg","200","","25274","600","400","true","","","source/media/media/Transparency-600x400.jpg"
"https://www.gmbcreditunion.com/media/Transparency-768x512.jpg","200","image/jpeg","35997","768","512","true","","","source/media/media/Transparency-768x512.jpg"
"https://www.gmbcreditunion.com/media/Transparency.jpg","200","image/jpeg","133983","1651","1101","true","https://www.gmbcreditunion.com/media/Transparency-600x400.jpg https://www.gmbcreditunion.com/media/Transparency-1200x800.jpg https://www.gmbcreditunion.com/media/Transparency-768x512.jpg https://www.gmbcreditunion.com/media/Transparency-1536x1024.jpg https://www.gmbcreditunion.com/media/Transparency-300x200.jpg https://www.gmbcreditunion.com/media/Transparency-1600x1067.jpg","yes","source/media/media/Transparency.jpg"
"https://www.gmbcreditunion.com/media/Treasurers-Report-2023-AGM-2024.pdf","200","application/pdf","278533","","","true","","yes","source/media/media/Treasurers-Report-2023-AGM-2024.pdf"
"https://www.gmbcreditunion.com/media/Treasurers-Report-2024-AGM-2025.pdf","200","application/pdf","221717","","","true","","yes","source/media/media/Treasurers-Report-2024-AGM-2025.pdf"
"https://www.gmbcreditunion.com/media/Treasurers-Report-2025-AGM-2026.pdf","200","application/pdf","265376","","","true","","yes","source/media/media/Treasurers-Report-2025-AGM-2026.pdf"
"https://www.gmbcreditunion.com/media/Untitled-design-1-1200x675.png","200","image/png","1094127","1200","675","true","","","source/media/media/Untitled-design-1-1200x675.png"
"https://www.gmbcreditunion.com/media/Untitled-design-1-1536x864.png","200","image/png","1688807","1536","864","true","","","source/media/media/Untitled-design-1-1536x864.png"
"https://www.gmbcreditunion.com/media/Untitled-design-1-1600x900.png","200","image/png","1814599","1600","900","true","","","source/media/media/Untitled-design-1-1600x900.png"
"https://www.gmbcreditunion.com/media/Untitled-design-1-300x169.png","200","image/png","79419","300","169","true","","","source/media/media/Untitled-design-1-300x169.png"
"https://www.gmbcreditunion.com/media/Untitled-design-1-600x338.png","200","","302607","600","338","true","","","source/media/media/Untitled-design-1-600x338.png"
"https://www.gmbcreditunion.com/media/Untitled-design-1-768x432.png","200","image/png","485587","768","432","true","","","source/media/media/Untitled-design-1-768x432.png"
"https://www.gmbcreditunion.com/media/Untitled-design-1.png","200","image/png","2681591","1920","1080","true","https://www.gmbcreditunion.com/media/Untitled-design-1-600x338.png https://www.gmbcreditunion.com/media/Untitled-design-1-1200x675.png https://www.gmbcreditunion.com/media/Untitled-design-1-768x432.png https://www.gmbcreditunion.com/media/Untitled-design-1-1536x864.png https://www.gmbcreditunion.com/media/Untitled-design-1-300x169.png https://www.gmbcreditunion.com/media/Untitled-design-1-1600x900.png","yes","source/media/media/Untitled-design-1.png"
"https://www.gmbcreditunion.com/media/Untitled-design-12.png","200","","88304","1000","951","true","","yes","source/media/media/Untitled-design-12.png"
"https://www.gmbcreditunion.com/media/Untitled-design-1200x800.jpg","200","image/jpeg","92536","1200","800","true","","","source/media/media/Untitled-design-1200x800.jpg"
"https://www.gmbcreditunion.com/media/Untitled-design-1536x1024.jpg","200","image/jpeg","141389","1536","1024","true","","","source/media/media/Untitled-design-1536x1024.jpg"
"https://www.gmbcreditunion.com/media/Untitled-design-1600x1067.jpg","200","image/jpeg","152730","1600","1067","true","","","source/media/media/Untitled-design-1600x1067.jpg"
"https://www.gmbcreditunion.com/media/Untitled-design-2048x1365.jpg","200","image/jpeg","246219","2048","1365","true","","","source/media/media/Untitled-design-2048x1365.jpg"
"https://www.gmbcreditunion.com/media/Untitled-design-22.png","200","","252408","1500","1000","true","","yes","source/media/media/Untitled-design-22.png"
"https://www.gmbcreditunion.com/media/Untitled-design-25.png","200","","186833","3000","2000","true","","yes","source/media/media/Untitled-design-25.png"
"https://www.gmbcreditunion.com/media/Untitled-design-3-1200x675.png","200","image/png","944990","1200","675","true","","","source/media/media/Untitled-design-3-1200x675.png"
"https://www.gmbcreditunion.com/media/Untitled-design-3-1536x864.png","200","image/png","1341444","1536","864","true","","","source/media/media/Untitled-design-3-1536x864.png"
"https://www.gmbcreditunion.com/media/Untitled-design-3-300x169.png","200","image/png","93827","300","169","true","","","source/media/media/Untitled-design-3-300x169.png"
"https://www.gmbcreditunion.com/media/Untitled-design-3-600x338.png","200","","307936","600","338","true","","","source/media/media/Untitled-design-3-600x338.png"
"https://www.gmbcreditunion.com/media/Untitled-design-3-768x432-1-300x169.png","200","image/png","87614","300","169","true","","","source/media/media/Untitled-design-3-768x432-1-300x169.png"
"https://www.gmbcreditunion.com/media/Untitled-design-3-768x432-1-600x338.png","200","","283273","600","338","true","","","source/media/media/Untitled-design-3-768x432-1-600x338.png"
"https://www.gmbcreditunion.com/media/Untitled-design-3-768x432-1.png","200","image/png","460182","768","432","true","https://www.gmbcreditunion.com/media/Untitled-design-3-768x432-1-600x338.png https://www.gmbcreditunion.com/media/Untitled-design-3-768x432-1-300x169.png","yes","source/media/media/Untitled-design-3-768x432-1.png"
"https://www.gmbcreditunion.com/media/Untitled-design-3-768x432.png","200","image/png","460182","768","432","true","","","source/media/media/Untitled-design-3-768x432.png"
"https://www.gmbcreditunion.com/media/Untitled-design-3.png","200","image/png","1450091","1600","900","true","https://www.gmbcreditunion.com/media/Untitled-design-3-600x338.png https://www.gmbcreditunion.com/media/Untitled-design-3-1200x675.png https://www.gmbcreditunion.com/media/Untitled-design-3-768x432.png https://www.gmbcreditunion.com/media/Untitled-design-3-1536x864.png https://www.gmbcreditunion.com/media/Untitled-design-3-300x169.png","yes","source/media/media/Untitled-design-3.png"
"https://www.gmbcreditunion.com/media/Untitled-design-30-300x200.png","200","image/png","33865","300","200","true","","","source/media/media/Untitled-design-30-300x200.png"
"https://www.gmbcreditunion.com/media/Untitled-design-30.png","200","","57722","396","264","true","https://www.gmbcreditunion.com/media/Untitled-design-30-300x200.png","yes","source/media/media/Untitled-design-30.png"
"https://www.gmbcreditunion.com/media/Untitled-design-300x200.jpg","200","image/jpeg","12301","300","200","true","","","source/media/media/Untitled-design-300x200.jpg"
"https://www.gmbcreditunion.com/media/Untitled-design-33-150x150.png","200","image/png","9987","150","150","true","","","source/media/media/Untitled-design-33-150x150.png"
"https://www.gmbcreditunion.com/media/Untitled-design-33-200x200.png","200","image/png","14356","200","200","true","","","source/media/media/Untitled-design-33-200x200.png"
"https://www.gmbcreditunion.com/media/Untitled-design-33.png","200","","26192","450","450","true","https://www.gmbcreditunion.com/media/Untitled-design-33-150x150.png https://www.gmbcreditunion.com/media/Untitled-design-33-200x200.png","yes","source/media/media/Untitled-design-33.png"
"https://www.gmbcreditunion.com/media/Untitled-design-34-300x200.png","200","image/png","88342","300","200","true","","","source/media/media/Untitled-design-34-300x200.png"
"https://www.gmbcreditunion.com/media/Untitled-design-34-600x402.png","200","","308192","600","402","true","","","source/media/media/Untitled-design-34-600x402.png"
"https://www.gmbcreditunion.com/media/Untitled-design-34-768x514.png","200","image/png","481319","768","514","true","","","source/media/media/Untitled-design-34-768x514.png"
"https://www.gmbcreditunion.com/media/Untitled-design-34.png","200","image/png","883262","938","628","true","https://www.gmbcreditunion.com/media/Untitled-design-34-600x402.png https://www.gmbcreditunion.com/media/Untitled-design-34-768x514.png https://www.gmbcreditunion.com/media/Untitled-design-34-300x200.png","yes","source/media/media/Untitled-design-34.png"
"https://www.gmbcreditunion.com/media/Untitled-design-35-1-300x200.png","200","image/png","77936","300","200","true","","","source/media/media/Untitled-design-35-1-300x200.png"
"https://www.gmbcreditunion.com/media/Untitled-design-35-1-600x399.png","200","","238768","600","399","true","","","source/media/media/Untitled-design-35-1-600x399.png"
"https://www.gmbcreditunion.com/media/Untitled-design-35-1-768x511.png","200","image/png","356264","768","511","true","","","source/media/media/Untitled-design-35-1-768x511.png"
"https://www.gmbcreditunion.com/media/Untitled-design-35-1.png","200","image/png","646421","944","628","true","https://www.gmbcreditunion.com/media/Untitled-design-35-1-600x399.png https://www.gmbcreditunion.com/media/Untitled-design-35-1-768x511.png https://www.gmbcreditunion.com/media/Untitled-design-35-1-300x200.png","yes","source/media/media/Untitled-design-35-1.png"
"https://www.gmbcreditunion.com/media/Untitled-design-36-297x200.png","200","image/png","86612","297","200","true","","","source/media/media/Untitled-design-36-297x200.png"
"https://www.gmbcreditunion.com/media/Untitled-design-36-600x404.png","200","","290506","600","404","true","","","source/media/media/Untitled-design-36-600x404.png"
"https://www.gmbcreditunion.com/media/Untitled-design-36-768x517.png","200","image/png","438693","768","517","true","","","source/media/media/Untitled-design-36-768x517.png"
"https://www.gmbcreditunion.com/media/Untitled-design-36.png","200","image/png","762327","933","628","true","https://www.gmbcreditunion.com/media/Untitled-design-36-600x404.png https://www.gmbcreditunion.com/media/Untitled-design-36-768x517.png https://www.gmbcreditunion.com/media/Untitled-design-36-297x200.png","yes","source/media/media/Untitled-design-36.png"
"https://www.gmbcreditunion.com/media/Untitled-design-600x400.jpg","200","","31711","600","400","true","","","source/media/media/Untitled-design-600x400.jpg"
"https://www.gmbcreditunion.com/media/Untitled-design-7-e1701102025288-300x184.png","200","image/png","86852","300","184","true","","","source/media/media/Untitled-design-7-e1701102025288-300x184.png"
"https://www.gmbcreditunion.com/media/Untitled-design-7-e1701102025288-600x369.png","200","","314052","600","369","true","","","source/media/media/Untitled-design-7-e1701102025288-600x369.png"
"https://www.gmbcreditunion.com/media/Untitled-design-7-e1701102025288-768x472.png","200","image/png","502910","768","472","true","","","source/media/media/Untitled-design-7-e1701102025288-768x472.png"
"https://www.gmbcreditunion.com/media/Untitled-design-7-e1701102025288.png","200","image/png","991627","1022","628","true","https://www.gmbcreditunion.com/media/Untitled-design-7-e1701102025288-600x369.png https://www.gmbcreditunion.com/media/Untitled-design-7-e1701102025288-768x472.png https://www.gmbcreditunion.com/media/Untitled-design-7-e1701102025288-300x184.png","","source/media/media/Untitled-design-7-e1701102025288.png"
"https://www.gmbcreditunion.com/media/Untitled-design-7.png","200","image/png","1162342","1200","628","false","https://www.gmbcreditunion.com/media/Untitled-design-7-e1701102025288-600x369.png https://www.gmbcreditunion.com/media/Untitled-design-7-e1701102025288-768x472.png https://www.gmbcreditunion.com/media/Untitled-design-7-e1701102025288-300x184.png https://www.gmbcreditunion.com/media/Untitled-design-7-e1701102025288.png","yes","source/media/media/Untitled-design-7.png"
"https://www.gmbcreditunion.com/media/Untitled-design-768x512.jpg","200","image/jpeg","45852","768","512","true","","","source/media/media/Untitled-design-768x512.jpg"
"https://www.gmbcreditunion.com/media/Untitled-design.jpg","200","image/jpeg","1436401","4430","2953","true","https://www.gmbcreditunion.com/media/Untitled-design-600x400.jpg https://www.gmbcreditunion.com/media/Untitled-design-1200x800.jpg https://www.gmbcreditunion.com/media/Untitled-design-768x512.jpg https://www.gmbcreditunion.com/media/Untitled-design-1536x1024.jpg https://www.gmbcreditunion.com/media/Untitled-design-2048x1365.jpg https://www.gmbcreditunion.com/media/Untitled-design-300x200.jpg https://www.gmbcreditunion.com/media/Untitled-design-1600x1067.jpg","yes","source/media/media/Untitled-design.jpg"
"https://www.gmbcreditunion.com/media/Untitled-design_0-1200x800.png","200","image/png","867151","1200","800","true","","","source/media/media/Untitled-design_0-1200x800.png"
"https://www.gmbcreditunion.com/media/Untitled-design_0-1536x1024.png","200","image/png","1444418","1536","1024","true","","","source/media/media/Untitled-design_0-1536x1024.png"
"https://www.gmbcreditunion.com/media/Untitled-design_0-1600x1067.png","200","image/png","1572192","1600","1067","true","","","source/media/media/Untitled-design_0-1600x1067.png"
"https://www.gmbcreditunion.com/media/Untitled-design_0-2048x1365.png","200","image/png","2628950","2048","1365","true","","","source/media/media/Untitled-design_0-2048x1365.png"
"https://www.gmbcreditunion.com/media/Untitled-design_0-300x200.png","200","image/png","58185","300","200","true","","","source/media/media/Untitled-design_0-300x200.png"
"https://www.gmbcreditunion.com/media/Untitled-design_0-600x400.png","200","","214475","600","400","true","","","source/media/media/Untitled-design_0-600x400.png"
"https://www.gmbcreditunion.com/media/Untitled-design_0-768x512.png","200","image/png","346465","768","512","true","","","source/media/media/Untitled-design_0-768x512.png"
"https://www.gmbcreditunion.com/media/Untitled-design_0.png","200","image/png","18673531","5184","3456","true","https://www.gmbcreditunion.com/media/Untitled-design_0-600x400.png https://www.gmbcreditunion.com/media/Untitled-design_0-1200x800.png https://www.gmbcreditunion.com/media/Untitled-design_0-768x512.png https://www.gmbcreditunion.com/media/Untitled-design_0-1536x1024.png https://www.gmbcreditunion.com/media/Untitled-design_0-2048x1365.png https://www.gmbcreditunion.com/media/Untitled-design_0-300x200.png https://www.gmbcreditunion.com/media/Untitled-design_0-1600x1067.png","yes","source/media/media/Untitled-design_0.png"
"https://www.gmbcreditunion.com/media/Young-savers-ice-cream-1200x675.png","200","","421937","1200","675","true","","","source/media/media/Young-savers-ice-cream-1200x675.png"
"https://www.gmbcreditunion.com/media/Young-savers-ice-cream-1536x864.png","200","image/png","702588","1536","864","true","","","source/media/media/Young-savers-ice-cream-1536x864.png"
"https://www.gmbcreditunion.com/media/Young-savers-ice-cream-1600x900.png","200","image/png","767928","1600","900","true","","","source/media/media/Young-savers-ice-cream-1600x900.png"
"https://www.gmbcreditunion.com/media/Young-savers-ice-cream-300x169.png","200","image/png","41343","300","169","true","","","source/media/media/Young-savers-ice-cream-300x169.png"
"https://www.gmbcreditunion.com/media/Young-savers-ice-cream-600x338.png","200","image/png","127928","600","338","true","","","source/media/media/Young-savers-ice-cream-600x338.png"
"https://www.gmbcreditunion.com/media/Young-savers-ice-cream-768x432.png","200","image/png","191666","768","432","true","","","source/media/media/Young-savers-ice-cream-768x432.png"
"https://www.gmbcreditunion.com/media/Young-savers-ice-cream.png","200","image/png","1152307","1920","1080","true","https://www.gmbcreditunion.com/media/Young-savers-ice-cream-1200x675.png https://www.gmbcreditunion.com/media/Young-savers-ice-cream-600x338.png https://www.gmbcreditunion.com/media/Young-savers-ice-cream-768x432.png https://www.gmbcreditunion.com/media/Young-savers-ice-cream-1536x864.png https://www.gmbcreditunion.com/media/Young-savers-ice-cream-300x169.png https://www.gmbcreditunion.com/media/Young-savers-ice-cream-1600x900.png","yes","source/media/media/Young-savers-ice-cream.png"
"https://www.gmbcreditunion.com/media/Young-savers-laptop-1200x675.png","200","image/png","481488","1200","675","true","","","source/media/media/Young-savers-laptop-1200x675.png"
"https://www.gmbcreditunion.com/media/Young-savers-laptop-1536x864.png","200","image/png","781911","1536","864","true","","","source/media/media/Young-savers-laptop-1536x864.png"
"https://www.gmbcreditunion.com/media/Young-savers-laptop-1600x900.png","200","image/png","851619","1600","900","true","","","source/media/media/Young-savers-laptop-1600x900.png"
"https://www.gmbcreditunion.com/media/Young-savers-laptop-300x169.png","200","image/png","41995","300","169","true","","","source/media/media/Young-savers-laptop-300x169.png"
"https://www.gmbcreditunion.com/media/Young-savers-laptop-600x338.png","200","image/png","138133","600","338","true","","","source/media/media/Young-savers-laptop-600x338.png"
"https://www.gmbcreditunion.com/media/Young-savers-laptop-768x432.png","200","image/png","212125","768","432","true","","","source/media/media/Young-savers-laptop-768x432.png"
"https://www.gmbcreditunion.com/media/Young-savers-laptop.png","200","image/png","1199207","1920","1080","true","https://www.gmbcreditunion.com/media/Young-savers-laptop-1200x675.png https://www.gmbcreditunion.com/media/Young-savers-laptop-600x338.png https://www.gmbcreditunion.com/media/Young-savers-laptop-768x432.png https://www.gmbcreditunion.com/media/Young-savers-laptop-1536x864.png https://www.gmbcreditunion.com/media/Young-savers-laptop-300x169.png https://www.gmbcreditunion.com/media/Young-savers-laptop-1600x900.png","yes","source/media/media/Young-savers-laptop.png"
"https://www.gmbcreditunion.com/media/Young_savers_-_ipad_1_optimized_2000-1200x741.png","200","image/png","426118","1200","741","true","","","source/media/media/Young_savers_-_ipad_1_optimized_2000-1200x741.png"
"https://www.gmbcreditunion.com/media/Young_savers_-_ipad_1_optimized_2000-1536x949.png","200","image/png","692344","1536","949","true","","","source/media/media/Young_savers_-_ipad_1_optimized_2000-1536x949.png"
"https://www.gmbcreditunion.com/media/Young_savers_-_ipad_1_optimized_2000-1600x988.png","200","image/png","750867","1600","988","true","","","source/media/media/Young_savers_-_ipad_1_optimized_2000-1600x988.png"
"https://www.gmbcreditunion.com/media/Young_savers_-_ipad_1_optimized_2000-2048x1265.png","200","image/png","1291315","2048","1265","true","","","source/media/media/Young_savers_-_ipad_1_optimized_2000-2048x1265.png"
"https://www.gmbcreditunion.com/media/Young_savers_-_ipad_1_optimized_2000-300x185.png","200","image/png","40830","300","185","true","","","source/media/media/Young_savers_-_ipad_1_optimized_2000-300x185.png"
"https://www.gmbcreditunion.com/media/Young_savers_-_ipad_1_optimized_2000-600x371.png","200","","126072","600","371","true","","","source/media/media/Young_savers_-_ipad_1_optimized_2000-600x371.png"
"https://www.gmbcreditunion.com/media/Young_savers_-_ipad_1_optimized_2000-768x474.png","200","image/png","197349","768","474","true","","","source/media/media/Young_savers_-_ipad_1_optimized_2000-768x474.png"
"https://www.gmbcreditunion.com/media/Young_savers_-_ipad_1_optimized_2000.png","200","image/png","1310664","2763","1707","true","https://www.gmbcreditunion.com/media/Young_savers_-_ipad_1_optimized_2000-600x371.png https://www.gmbcreditunion.com/media/Young_savers_-_ipad_1_optimized_2000-1200x741.png https://www.gmbcreditunion.com/media/Young_savers_-_ipad_1_optimized_2000-768x474.png https://www.gmbcreditunion.com/media/Young_savers_-_ipad_1_optimized_2000-1536x949.png https://www.gmbcreditunion.com/media/Young_savers_-_ipad_1_optimized_2000-2048x1265.png https://www.gmbcreditunion.com/media/Young_savers_-_ipad_1_optimized_2000-300x185.png https://www.gmbcreditunion.com/media/Young_savers_-_ipad_1_optimized_2000-1600x988.png","yes","source/media/media/Young_savers_-_ipad_1_optimized_2000.png"
"https://www.gmbcreditunion.com/media/Zoomed-in-simple-calculator-278x200.jpg","200","image/jpeg","8222","278","200","true","","","source/media/media/Zoomed-in-simple-calculator-278x200.jpg"
"https://www.gmbcreditunion.com/media/Zoomed-in-simple-calculator-600x432.jpg","200","","23192","600","432","true","","","source/media/media/Zoomed-in-simple-calculator-600x432.jpg"
"https://www.gmbcreditunion.com/media/Zoomed-in-simple-calculator-768x552.jpg","200","image/jpeg","33366","768","552","true","","","source/media/media/Zoomed-in-simple-calculator-768x552.jpg"
"https://www.gmbcreditunion.com/media/Zoomed-in-simple-calculator.jpg","200","image/jpeg","91511","1186","853","true","https://www.gmbcreditunion.com/media/Zoomed-in-simple-calculator-600x432.jpg https://www.gmbcreditunion.com/media/Zoomed-in-simple-calculator-768x552.jpg https://www.gmbcreditunion.com/media/Zoomed-in-simple-calculator-278x200.jpg","yes","source/media/media/Zoomed-in-simple-calculator.jpg"
"https://www.gmbcreditunion.com/media/about.png","200","","139787","1564","1000","true","","yes","source/media/media/about.png"
"https://www.gmbcreditunion.com/media/andre-taissin-5OUMf1Mr5pU-unsplash-1200x800.jpg","200","image/jpeg","49134","1200","800","true","","","source/media/media/andre-taissin-5OUMf1Mr5pU-unsplash-1200x800.jpg"
"https://www.gmbcreditunion.com/media/andre-taissin-5OUMf1Mr5pU-unsplash-1536x1024.jpg","200","image/jpeg","71677","1536","1024","true","","","source/media/media/andre-taissin-5OUMf1Mr5pU-unsplash-1536x1024.jpg"
"https://www.gmbcreditunion.com/media/andre-taissin-5OUMf1Mr5pU-unsplash-1600x1067.jpg","200","image/jpeg","76696","1600","1067","true","","","source/media/media/andre-taissin-5OUMf1Mr5pU-unsplash-1600x1067.jpg"
"https://www.gmbcreditunion.com/media/andre-taissin-5OUMf1Mr5pU-unsplash-2048x1365.jpg","200","image/jpeg","115052","2048","1365","true","","","source/media/media/andre-taissin-5OUMf1Mr5pU-unsplash-2048x1365.jpg"
"https://www.gmbcreditunion.com/media/andre-taissin-5OUMf1Mr5pU-unsplash-300x200.jpg","200","image/jpeg","6881","300","200","true","","","source/media/media/andre-taissin-5OUMf1Mr5pU-unsplash-300x200.jpg"
"https://www.gmbcreditunion.com/media/andre-taissin-5OUMf1Mr5pU-unsplash-600x400.jpg","200","","17694","600","400","true","","","source/media/media/andre-taissin-5OUMf1Mr5pU-unsplash-600x400.jpg"
"https://www.gmbcreditunion.com/media/andre-taissin-5OUMf1Mr5pU-unsplash-768x512.jpg","200","image/jpeg","25202","768","512","true","","","source/media/media/andre-taissin-5OUMf1Mr5pU-unsplash-768x512.jpg"
"https://www.gmbcreditunion.com/media/andre-taissin-5OUMf1Mr5pU-unsplash.jpg","200","image/jpeg","1686598","6000","4000","true","https://www.gmbcreditunion.com/media/andre-taissin-5OUMf1Mr5pU-unsplash-600x400.jpg https://www.gmbcreditunion.com/media/andre-taissin-5OUMf1Mr5pU-unsplash-1200x800.jpg https://www.gmbcreditunion.com/media/andre-taissin-5OUMf1Mr5pU-unsplash-768x512.jpg https://www.gmbcreditunion.com/media/andre-taissin-5OUMf1Mr5pU-unsplash-1536x1024.jpg https://www.gmbcreditunion.com/media/andre-taissin-5OUMf1Mr5pU-unsplash-2048x1365.jpg https://www.gmbcreditunion.com/media/andre-taissin-5OUMf1Mr5pU-unsplash-300x200.jpg https://www.gmbcreditunion.com/media/andre-taissin-5OUMf1Mr5pU-unsplash-1600x1067.jpg","yes","source/media/media/andre-taissin-5OUMf1Mr5pU-unsplash.jpg"
"https://www.gmbcreditunion.com/media/bridging-finance-loan-vs-bank-loan-300x200.webp","200","image/webp","12874","300","200","true","","","source/media/media/bridging-finance-loan-vs-bank-loan-300x200.webp"
"https://www.gmbcreditunion.com/media/bridging-finance-loan-vs-bank-loan.webp","200","","26888","600","400","true","https://www.gmbcreditunion.com/media/bridging-finance-loan-vs-bank-loan-300x200.webp","yes","source/media/media/bridging-finance-loan-vs-bank-loan.webp"
"https://www.gmbcreditunion.com/media/brooke-cagle-WHWYBmtn3_0-unsplash-1200x800.jpg","200","image/jpeg","118744","1200","800","true","","","source/media/media/brooke-cagle-WHWYBmtn3_0-unsplash-1200x800.jpg"
"https://www.gmbcreditunion.com/media/brooke-cagle-WHWYBmtn3_0-unsplash-1536x1024.jpg","200","image/jpeg","180982","1536","1024","true","","","source/media/media/brooke-cagle-WHWYBmtn3_0-unsplash-1536x1024.jpg"
"https://www.gmbcreditunion.com/media/brooke-cagle-WHWYBmtn3_0-unsplash-1600x1067.jpg","200","image/jpeg","194880","1600","1067","true","","","source/media/media/brooke-cagle-WHWYBmtn3_0-unsplash-1600x1067.jpg"
"https://www.gmbcreditunion.com/media/brooke-cagle-WHWYBmtn3_0-unsplash-2048x1365.jpg","200","image/jpeg","306785","2048","1365","true","","","source/media/media/brooke-cagle-WHWYBmtn3_0-unsplash-2048x1365.jpg"
"https://www.gmbcreditunion.com/media/brooke-cagle-WHWYBmtn3_0-unsplash-300x200.jpg","200","image/jpeg","13654","300","200","true","","","source/media/media/brooke-cagle-WHWYBmtn3_0-unsplash-300x200.jpg"
"https://www.gmbcreditunion.com/media/brooke-cagle-WHWYBmtn3_0-unsplash-600x400.jpg","200","","38834","600","400","true","","","source/media/media/brooke-cagle-WHWYBmtn3_0-unsplash-600x400.jpg"
"https://www.gmbcreditunion.com/media/brooke-cagle-WHWYBmtn3_0-unsplash-768x512.jpg","200","image/jpeg","57351","768","512","true","","","source/media/media/brooke-cagle-WHWYBmtn3_0-unsplash-768x512.jpg"
"https://www.gmbcreditunion.com/media/brooke-cagle-WHWYBmtn3_0-unsplash.jpg","200","image/jpeg","1733663","5128","3419","true","https://www.gmbcreditunion.com/media/brooke-cagle-WHWYBmtn3_0-unsplash-600x400.jpg https://www.gmbcreditunion.com/media/brooke-cagle-WHWYBmtn3_0-unsplash-1200x800.jpg https://www.gmbcreditunion.com/media/brooke-cagle-WHWYBmtn3_0-unsplash-768x512.jpg https://www.gmbcreditunion.com/media/brooke-cagle-WHWYBmtn3_0-unsplash-1536x1024.jpg https://www.gmbcreditunion.com/media/brooke-cagle-WHWYBmtn3_0-unsplash-2048x1365.jpg https://www.gmbcreditunion.com/media/brooke-cagle-WHWYBmtn3_0-unsplash-300x200.jpg https://www.gmbcreditunion.com/media/brooke-cagle-WHWYBmtn3_0-unsplash-1600x1067.jpg","yes","source/media/media/brooke-cagle-WHWYBmtn3_0-unsplash.jpg"
"https://www.gmbcreditunion.com/media/bruce-mars-FWVMhUa_wbY-unsplash-1200x800.jpg","200","image/jpeg","73715","1200","800","true","","","source/media/media/bruce-mars-FWVMhUa_wbY-unsplash-1200x800.jpg"
"https://www.gmbcreditunion.com/media/bruce-mars-FWVMhUa_wbY-unsplash-1536x1024.jpg","200","image/jpeg","106672","1536","1024","true","","","source/media/media/bruce-mars-FWVMhUa_wbY-unsplash-1536x1024.jpg"
"https://www.gmbcreditunion.com/media/bruce-mars-FWVMhUa_wbY-unsplash-1600x1067.jpg","200","image/jpeg","113905","1600","1067","true","","","source/media/media/bruce-mars-FWVMhUa_wbY-unsplash-1600x1067.jpg"
"https://www.gmbcreditunion.com/media/bruce-mars-FWVMhUa_wbY-unsplash-2048x1365.jpg","200","image/jpeg","166496","2048","1365","true","","","source/media/media/bruce-mars-FWVMhUa_wbY-unsplash-2048x1365.jpg"
"https://www.gmbcreditunion.com/media/bruce-mars-FWVMhUa_wbY-unsplash-300x200.jpg","200","image/jpeg","10763","300","200","true","","","source/media/media/bruce-mars-FWVMhUa_wbY-unsplash-300x200.jpg"
"https://www.gmbcreditunion.com/media/bruce-mars-FWVMhUa_wbY-unsplash-600x400.jpg","200","","27508","600","400","true","","","source/media/media/bruce-mars-FWVMhUa_wbY-unsplash-600x400.jpg"
"https://www.gmbcreditunion.com/media/bruce-mars-FWVMhUa_wbY-unsplash-768x512.jpg","200","image/jpeg","38760","768","512","true","","","source/media/media/bruce-mars-FWVMhUa_wbY-unsplash-768x512.jpg"
"https://www.gmbcreditunion.com/media/bruce-mars-FWVMhUa_wbY-unsplash.jpg","200","image/jpeg","1326773","5900","3933","true","https://www.gmbcreditunion.com/media/bruce-mars-FWVMhUa_wbY-unsplash-600x400.jpg https://www.gmbcreditunion.com/media/bruce-mars-FWVMhUa_wbY-unsplash-1200x800.jpg https://www.gmbcreditunion.com/media/bruce-mars-FWVMhUa_wbY-unsplash-768x512.jpg https://www.gmbcreditunion.com/media/bruce-mars-FWVMhUa_wbY-unsplash-1536x1024.jpg https://www.gmbcreditunion.com/media/bruce-mars-FWVMhUa_wbY-unsplash-2048x1365.jpg https://www.gmbcreditunion.com/media/bruce-mars-FWVMhUa_wbY-unsplash-300x200.jpg https://www.gmbcreditunion.com/media/bruce-mars-FWVMhUa_wbY-unsplash-1600x1067.jpg","yes","source/media/media/bruce-mars-FWVMhUa_wbY-unsplash.jpg"
"https://www.gmbcreditunion.com/media/buying-a-house-300x200.png","200","image/png","102077","300","200","true","","","source/media/media/buying-a-house-300x200.png"
"https://www.gmbcreditunion.com/media/buying-a-house.png","200","image/png","252753","466","310","true","https://www.gmbcreditunion.com/media/buying-a-house-300x200.png","yes","source/media/media/buying-a-house.png"
"https://www.gmbcreditunion.com/media/calculator-header-01.png","200","","477463","2000","1334","true","","yes","source/media/media/calculator-header-01.png"
"https://www.gmbcreditunion.com/media/calculator-thumbnail.png","200","","574027","1158","502","true","","yes","source/media/media/calculator-thumbnail.png"
"https://www.gmbcreditunion.com/media/complaints.png","200","","76609","1564","1100","true","","yes","source/media/media/complaints.png"
"https://www.gmbcreditunion.com/media/contact.png","200","","78852","1564","1100","true","","yes","source/media/media/contact.png"
"https://www.gmbcreditunion.com/media/cost-of-living-logos1.png","200","","129067","1200","698","true","","yes","source/media/media/cost-of-living-logos1.png"
"https://www.gmbcreditunion.com/media/faq.png","200","","867782","1564","1000","true","","yes","source/media/media/faq.png"
"https://www.gmbcreditunion.com/media/fly-d-J5HYS6aEcqw-unsplash-1-1200x800.jpg","200","image/jpeg","54063","1200","800","true","","","source/media/media/fly-d-J5HYS6aEcqw-unsplash-1-1200x800.jpg"
"https://www.gmbcreditunion.com/media/fly-d-J5HYS6aEcqw-unsplash-1-1536x1025.jpg","200","image/jpeg","90717","1536","1025","true","","","source/media/media/fly-d-J5HYS6aEcqw-unsplash-1-1536x1025.jpg"
"https://www.gmbcreditunion.com/media/fly-d-J5HYS6aEcqw-unsplash-1-1600x1067.jpg","200","image/jpeg","98520","1600","1067","true","","","source/media/media/fly-d-J5HYS6aEcqw-unsplash-1-1600x1067.jpg"
"https://www.gmbcreditunion.com/media/fly-d-J5HYS6aEcqw-unsplash-1-2048x1366.jpg","200","image/jpeg","169927","2048","1366","true","","","source/media/media/fly-d-J5HYS6aEcqw-unsplash-1-2048x1366.jpg"
"https://www.gmbcreditunion.com/media/fly-d-J5HYS6aEcqw-unsplash-1-300x200.jpg","200","image/jpeg","6190","300","200","true","","","source/media/media/fly-d-J5HYS6aEcqw-unsplash-1-300x200.jpg"
"https://www.gmbcreditunion.com/media/fly-d-J5HYS6aEcqw-unsplash-1-600x400.jpg","200","","16386","600","400","true","","","source/media/media/fly-d-J5HYS6aEcqw-unsplash-1-600x400.jpg"
"https://www.gmbcreditunion.com/media/fly-d-J5HYS6aEcqw-unsplash-1-768x512.jpg","200","image/jpeg","24123","768","512","true","","","source/media/media/fly-d-J5HYS6aEcqw-unsplash-1-768x512.jpg"
"https://www.gmbcreditunion.com/media/fly-d-J5HYS6aEcqw-unsplash-1.jpg","200","image/jpeg","4331723","7952","5304","true","https://www.gmbcreditunion.com/media/fly-d-J5HYS6aEcqw-unsplash-1-600x400.jpg https://www.gmbcreditunion.com/media/fly-d-J5HYS6aEcqw-unsplash-1-1200x800.jpg https://www.gmbcreditunion.com/media/fly-d-J5HYS6aEcqw-unsplash-1-768x512.jpg https://www.gmbcreditunion.com/media/fly-d-J5HYS6aEcqw-unsplash-1-1536x1025.jpg https://www.gmbcreditunion.com/media/fly-d-J5HYS6aEcqw-unsplash-1-2048x1366.jpg https://www.gmbcreditunion.com/media/fly-d-J5HYS6aEcqw-unsplash-1-300x200.jpg https://www.gmbcreditunion.com/media/fly-d-J5HYS6aEcqw-unsplash-1-1600x1067.jpg","yes","source/media/media/fly-d-J5HYS6aEcqw-unsplash-1.jpg"
"https://www.gmbcreditunion.com/media/gmb-cu-224x200.png","200","image/png","22388","224","200","true","","","source/media/media/gmb-cu-224x200.png"
"https://www.gmbcreditunion.com/media/gmb-cu-600x536.png","200","","91566","600","536","true","","","source/media/media/gmb-cu-600x536.png"
"https://www.gmbcreditunion.com/media/gmb-cu-768x687.png","200","image/png","133000","768","687","true","","","source/media/media/gmb-cu-768x687.png"
"https://www.gmbcreditunion.com/media/gmb-cu-personal-acc-1200x547.png","200","image/png","83816","1200","547","true","","","source/media/media/gmb-cu-personal-acc-1200x547.png"
"https://www.gmbcreditunion.com/media/gmb-cu-personal-acc-300x137.png","200","","12860","300","137","true","","","source/media/media/gmb-cu-personal-acc-300x137.png"
"https://www.gmbcreditunion.com/media/gmb-cu-personal-acc-600x273.png","200","image/png","34605","600","273","true","","","source/media/media/gmb-cu-personal-acc-600x273.png"
"https://www.gmbcreditunion.com/media/gmb-cu-personal-acc-768x350.png","200","image/png","48466","768","350","true","","","source/media/media/gmb-cu-personal-acc-768x350.png"
"https://www.gmbcreditunion.com/media/gmb-cu-personal-acc.png","200","image/png","101649","1361","620","true","https://www.gmbcreditunion.com/media/gmb-cu-personal-acc-300x137.png https://www.gmbcreditunion.com/media/gmb-cu-personal-acc-600x273.png https://www.gmbcreditunion.com/media/gmb-cu-personal-acc-1200x547.png https://www.gmbcreditunion.com/media/gmb-cu-personal-acc-768x350.png","yes","source/media/media/gmb-cu-personal-acc.png"
"https://www.gmbcreditunion.com/media/gmb-cu.png","200","image/png","213357","1020","912","true","https://www.gmbcreditunion.com/media/gmb-cu-600x536.png https://www.gmbcreditunion.com/media/gmb-cu-768x687.png https://www.gmbcreditunion.com/media/gmb-cu-224x200.png","yes","source/media/media/gmb-cu.png"
"https://www.gmbcreditunion.com/media/gmbcu-british-gas-energy-trust1.png","200","","157215","1250","272","true","","yes","source/media/media/gmbcu-british-gas-energy-trust1.png"
"https://www.gmbcreditunion.com/media/gmbcu-complaints-image01.png","200","","1005443","1158","506","true","","yes","source/media/media/gmbcu-complaints-image01.png"
"https://www.gmbcreditunion.com/media/gmbcu-complaints-image02.png","200","","999961","1158","506","true","","yes","source/media/media/gmbcu-complaints-image02.png"
"https://www.gmbcreditunion.com/media/gmbcu-complaints-image03.png","200","","831032","1158","506","true","","yes","source/media/media/gmbcu-complaints-image03.png"
"https://www.gmbcreditunion.com/media/gmbcu-complaints-image04.png","200","","989590","1158","506","true","","yes","source/media/media/gmbcu-complaints-image04.png"
"https://www.gmbcreditunion.com/media/gmbcu-cost-of-living-image01.png","200","","1427455","1196","742","true","","yes","source/media/media/gmbcu-cost-of-living-image01.png"
"https://www.gmbcreditunion.com/media/gmbcu-cost-of-living-image02.png","200","","1360293","1196","742","true","","yes","source/media/media/gmbcu-cost-of-living-image02.png"
"https://www.gmbcreditunion.com/media/gmbcu-cost-of-living-image03.png","200","","1565253","1196","750","true","","yes","source/media/media/gmbcu-cost-of-living-image03.png"
"https://www.gmbcreditunion.com/media/gmbcu-cost-of-living-image04.png","200","","1286957","1196","742","true","","yes","source/media/media/gmbcu-cost-of-living-image04.png"
"https://www.gmbcreditunion.com/media/gmbcu-cost-of-living-image05.png","200","","1596413","1196","746","true","","yes","source/media/media/gmbcu-cost-of-living-image05.png"
"https://www.gmbcreditunion.com/media/gmbcu-homepage-header-image01-e1691686625416.png","200","","1508993","1427","1009","true","","","source/media/media/gmbcu-homepage-header-image01-e1691686625416.png"
"https://www.gmbcreditunion.com/media/gmbcu-homepage-header-image01.png","200","image/png","1544557","1960","1362","false","https://www.gmbcreditunion.com/media/gmbcu-homepage-header-image01-e1691686625416.png","yes","source/media/media/gmbcu-homepage-header-image01.png"
"https://www.gmbcreditunion.com/media/gmbcu-homepage-image02.png","200","","1625774","1190","828","true","","yes","source/media/media/gmbcu-homepage-image02.png"
"https://www.gmbcreditunion.com/media/gmbcu-homepage-image03-e1692096646407.jpg","200","","127884","1219","1201","true","","","source/media/media/gmbcu-homepage-image03-e1692096646407.jpg"
"https://www.gmbcreditunion.com/media/gmbcu-homepage-image03.jpg","200","image/jpeg","251883","1220","1490","false","https://www.gmbcreditunion.com/media/gmbcu-homepage-image03-e1692096646407.jpg","yes","source/media/media/gmbcu-homepage-image03.jpg"
"https://www.gmbcreditunion.com/media/gmbcu-member-helper-image01.png","200","","1013427","1158","506","true","","yes","source/media/media/gmbcu-member-helper-image01.png"
"https://www.gmbcreditunion.com/media/gmbcu-member-helper-image02.png","200","","958691","1158","506","true","","yes","source/media/media/gmbcu-member-helper-image02.png"
"https://www.gmbcreditunion.com/media/gmbcu-member-helper-image03.png","200","","1027758","1158","506","true","","yes","source/media/media/gmbcu-member-helper-image03.png"
"https://www.gmbcreditunion.com/media/gmbcu-prize-draw-image01.png","200","","1397184","1196","828","true","","yes","source/media/media/gmbcu-prize-draw-image01.png"
"https://www.gmbcreditunion.com/media/gmbcu-prize-draw-image02.png","200","","1570483","1196","828","true","","yes","source/media/media/gmbcu-prize-draw-image02.png"
"https://www.gmbcreditunion.com/media/gmbcu-resources-image02.png","200","","1803446","1252","834","true","","yes","source/media/media/gmbcu-resources-image02.png"
"https://www.gmbcreditunion.com/media/headway-5QgIuuBxKwM-unsplash-1-1200x800.jpg","200","image/jpeg","102024","1200","800","true","","","source/media/media/headway-5QgIuuBxKwM-unsplash-1-1200x800.jpg"
"https://www.gmbcreditunion.com/media/headway-5QgIuuBxKwM-unsplash-1-1536x1024.jpg","200","image/jpeg","158194","1536","1024","true","","","source/media/media/headway-5QgIuuBxKwM-unsplash-1-1536x1024.jpg"
"https://www.gmbcreditunion.com/media/headway-5QgIuuBxKwM-unsplash-1-1600x1067.jpg","200","image/jpeg","171320","1600","1067","true","","","source/media/media/headway-5QgIuuBxKwM-unsplash-1-1600x1067.jpg"
"https://www.gmbcreditunion.com/media/headway-5QgIuuBxKwM-unsplash-1-2048x1365.jpg","200","image/jpeg","283425","2048","1365","true","","","source/media/media/headway-5QgIuuBxKwM-unsplash-1-2048x1365.jpg"
"https://www.gmbcreditunion.com/media/headway-5QgIuuBxKwM-unsplash-1-300x200.jpg","200","image/jpeg","13126","300","200","true","","","source/media/media/headway-5QgIuuBxKwM-unsplash-1-300x200.jpg"
"https://www.gmbcreditunion.com/media/headway-5QgIuuBxKwM-unsplash-1-600x400.jpg","200","","35143","600","400","true","","","source/media/media/headway-5QgIuuBxKwM-unsplash-1-600x400.jpg"
"https://www.gmbcreditunion.com/media/headway-5QgIuuBxKwM-unsplash-1-768x512.jpg","200","image/jpeg","50041","768","512","true","","","source/media/media/headway-5QgIuuBxKwM-unsplash-1-768x512.jpg"
"https://www.gmbcreditunion.com/media/headway-5QgIuuBxKwM-unsplash-1.jpg","200","image/jpeg","3825372","5472","3648","true","https://www.gmbcreditunion.com/media/headway-5QgIuuBxKwM-unsplash-1-600x400.jpg https://www.gmbcreditunion.com/media/headway-5QgIuuBxKwM-unsplash-1-1200x800.jpg https://www.gmbcreditunion.com/media/headway-5QgIuuBxKwM-unsplash-1-768x512.jpg https://www.gmbcreditunion.com/media/headway-5QgIuuBxKwM-unsplash-1-1536x1024.jpg https://www.gmbcreditunion.com/media/headway-5QgIuuBxKwM-unsplash-1-2048x1365.jpg https://www.gmbcreditunion.com/media/headway-5QgIuuBxKwM-unsplash-1-300x200.jpg https://www.gmbcreditunion.com/media/headway-5QgIuuBxKwM-unsplash-1-1600x1067.jpg","yes","source/media/media/headway-5QgIuuBxKwM-unsplash-1.jpg"
"https://www.gmbcreditunion.com/media/helena-lopes-PGnqT0rXWLs-unsplash-1-300x200.jpg","200","image/jpeg","11177","300","200","true","","","source/media/media/helena-lopes-PGnqT0rXWLs-unsplash-1-300x200.jpg"
"https://www.gmbcreditunion.com/media/helena-lopes-PGnqT0rXWLs-unsplash-1-600x400.jpg","200","","36357","600","400","true","","","source/media/media/helena-lopes-PGnqT0rXWLs-unsplash-1-600x400.jpg"
"https://www.gmbcreditunion.com/media/helena-lopes-PGnqT0rXWLs-unsplash-1.jpg","200","image/jpeg","55229","640","427","true","https://www.gmbcreditunion.com/media/helena-lopes-PGnqT0rXWLs-unsplash-1-600x400.jpg https://www.gmbcreditunion.com/media/helena-lopes-PGnqT0rXWLs-unsplash-1-300x200.jpg","yes","source/media/media/helena-lopes-PGnqT0rXWLs-unsplash-1.jpg"
"https://www.gmbcreditunion.com/media/hillshire-farm-YGcleYb9wEQ-unsplash-1200x800.jpg","200","image/jpeg","153062","1200","800","true","","","source/media/media/hillshire-farm-YGcleYb9wEQ-unsplash-1200x800.jpg"
"https://www.gmbcreditunion.com/media/hillshire-farm-YGcleYb9wEQ-unsplash-1536x1024.jpg","200","image/jpeg","224882","1536","1024","true","","","source/media/media/hillshire-farm-YGcleYb9wEQ-unsplash-1536x1024.jpg"
"https://www.gmbcreditunion.com/media/hillshire-farm-YGcleYb9wEQ-unsplash-1600x1067.jpg","200","image/jpeg","240840","1600","1067","true","","","source/media/media/hillshire-farm-YGcleYb9wEQ-unsplash-1600x1067.jpg"
"https://www.gmbcreditunion.com/media/hillshire-farm-YGcleYb9wEQ-unsplash-2048x1365.jpg","200","image/jpeg","358934","2048","1365","true","","","source/media/media/hillshire-farm-YGcleYb9wEQ-unsplash-2048x1365.jpg"
"https://www.gmbcreditunion.com/media/hillshire-farm-YGcleYb9wEQ-unsplash-300x200.jpg","200","image/jpeg","18183","300","200","true","","","source/media/media/hillshire-farm-YGcleYb9wEQ-unsplash-300x200.jpg"
"https://www.gmbcreditunion.com/media/hillshire-farm-YGcleYb9wEQ-unsplash-600x400.jpg","200","","53008","600","400","true","","","source/media/media/hillshire-farm-YGcleYb9wEQ-unsplash-600x400.jpg"
"https://www.gmbcreditunion.com/media/hillshire-farm-YGcleYb9wEQ-unsplash-768x512.jpg","200","image/jpeg","77611","768","512","true","","","source/media/media/hillshire-farm-YGcleYb9wEQ-unsplash-768x512.jpg"
"https://www.gmbcreditunion.com/media/hillshire-farm-YGcleYb9wEQ-unsplash.jpg","200","image/jpeg","7818400","8058","5372","true","https://www.gmbcreditunion.com/media/hillshire-farm-YGcleYb9wEQ-unsplash-600x400.jpg https://www.gmbcreditunion.com/media/hillshire-farm-YGcleYb9wEQ-unsplash-1200x800.jpg https://www.gmbcreditunion.com/media/hillshire-farm-YGcleYb9wEQ-unsplash-768x512.jpg https://www.gmbcreditunion.com/media/hillshire-farm-YGcleYb9wEQ-unsplash-1536x1024.jpg https://www.gmbcreditunion.com/media/hillshire-farm-YGcleYb9wEQ-unsplash-2048x1365.jpg https://www.gmbcreditunion.com/media/hillshire-farm-YGcleYb9wEQ-unsplash-300x200.jpg https://www.gmbcreditunion.com/media/hillshire-farm-YGcleYb9wEQ-unsplash-1600x1067.jpg","yes","source/media/media/hillshire-farm-YGcleYb9wEQ-unsplash.jpg"
"https://www.gmbcreditunion.com/media/icon-blue.png","200","","7810","68","68","true","","yes","source/media/media/icon-blue.png"
"https://www.gmbcreditunion.com/media/icon-green.png","200","","7872","68","68","true","","yes","source/media/media/icon-green.png"
"https://www.gmbcreditunion.com/media/images.jpeg","200","","6661","275","183","true","","yes","source/media/media/images.jpeg"
"https://www.gmbcreditunion.com/media/istockphoto-1250307252-612x612-1-300x200.jpg","200","image/jpeg","19365","300","200","true","","","source/media/media/istockphoto-1250307252-612x612-1-300x200.jpg"
"https://www.gmbcreditunion.com/media/istockphoto-1250307252-612x612-1-600x400.jpg","200","image/jpeg","52036","600","400","true","","","source/media/media/istockphoto-1250307252-612x612-1-600x400.jpg"
"https://www.gmbcreditunion.com/media/istockphoto-1250307252-612x612-1.jpg","200","image/jpeg","43124","612","408","true","https://www.gmbcreditunion.com/media/istockphoto-1250307252-612x612-1-600x400.jpg https://www.gmbcreditunion.com/media/istockphoto-1250307252-612x612-1-300x200.jpg","yes","source/media/media/istockphoto-1250307252-612x612-1.jpg"
"https://www.gmbcreditunion.com/media/istockphoto-620734880-612x612-1-300x200.jpg","200","image/jpeg","15374","300","200","true","","","source/media/media/istockphoto-620734880-612x612-1-300x200.jpg"
"https://www.gmbcreditunion.com/media/istockphoto-620734880-612x612-1-600x401.jpg","200","","44938","600","401","true","","","source/media/media/istockphoto-620734880-612x612-1-600x401.jpg"
"https://www.gmbcreditunion.com/media/istockphoto-620734880-612x612-1.jpg","200","image/jpeg","37849","612","409","true","https://www.gmbcreditunion.com/media/istockphoto-620734880-612x612-1-600x401.jpg https://www.gmbcreditunion.com/media/istockphoto-620734880-612x612-1-300x200.jpg","yes","source/media/media/istockphoto-620734880-612x612-1.jpg"
"https://www.gmbcreditunion.com/media/jessica-rockowitz-5NLCaz2wJXE-unsplash_0-1200x924.jpg","200","image/jpeg","267188","1200","924","true","","","source/media/media/jessica-rockowitz-5NLCaz2wJXE-unsplash_0-1200x924.jpg"
"https://www.gmbcreditunion.com/media/jessica-rockowitz-5NLCaz2wJXE-unsplash_0-1536x1183.jpg","200","image/jpeg","426274","1536","1183","true","","","source/media/media/jessica-rockowitz-5NLCaz2wJXE-unsplash_0-1536x1183.jpg"
"https://www.gmbcreditunion.com/media/jessica-rockowitz-5NLCaz2wJXE-unsplash_0-1600x1232.jpg","200","image/jpeg","461029","1600","1232","true","","","source/media/media/jessica-rockowitz-5NLCaz2wJXE-unsplash_0-1600x1232.jpg"
"https://www.gmbcreditunion.com/media/jessica-rockowitz-5NLCaz2wJXE-unsplash_0-2048x1577.jpg","200","image/jpeg","758707","2048","1577","true","","","source/media/media/jessica-rockowitz-5NLCaz2wJXE-unsplash_0-2048x1577.jpg"
"https://www.gmbcreditunion.com/media/jessica-rockowitz-5NLCaz2wJXE-unsplash_0-260x200.jpg","200","image/jpeg","15422","260","200","true","","","source/media/media/jessica-rockowitz-5NLCaz2wJXE-unsplash_0-260x200.jpg"
"https://www.gmbcreditunion.com/media/jessica-rockowitz-5NLCaz2wJXE-unsplash_0-600x462.jpg","200","","73548","600","462","true","","","source/media/media/jessica-rockowitz-5NLCaz2wJXE-unsplash_0-600x462.jpg"
"https://www.gmbcreditunion.com/media/jessica-rockowitz-5NLCaz2wJXE-unsplash_0-768x591.jpg","200","image/jpeg","116424","768","591","true","","","source/media/media/jessica-rockowitz-5NLCaz2wJXE-unsplash_0-768x591.jpg"
"https://www.gmbcreditunion.com/media/jessica-rockowitz-5NLCaz2wJXE-unsplash_0.jpg","200","image/jpeg","10616487","6977","5372","true","https://www.gmbcreditunion.com/media/jessica-rockowitz-5NLCaz2wJXE-unsplash_0-600x462.jpg https://www.gmbcreditunion.com/media/jessica-rockowitz-5NLCaz2wJXE-unsplash_0-1200x924.jpg https://www.gmbcreditunion.com/media/jessica-rockowitz-5NLCaz2wJXE-unsplash_0-768x591.jpg https://www.gmbcreditunion.com/media/jessica-rockowitz-5NLCaz2wJXE-unsplash_0-1536x1183.jpg https://www.gmbcreditunion.com/media/jessica-rockowitz-5NLCaz2wJXE-unsplash_0-2048x1577.jpg https://www.gmbcreditunion.com/media/jessica-rockowitz-5NLCaz2wJXE-unsplash_0-260x200.jpg https://www.gmbcreditunion.com/media/jessica-rockowitz-5NLCaz2wJXE-unsplash_0-1600x1232.jpg","yes","source/media/media/jessica-rockowitz-5NLCaz2wJXE-unsplash_0.jpg"
"https://www.gmbcreditunion.com/media/john-peters-HlQf_iNy9ug-unsplash-1200x900.jpg","200","image/jpeg","60490","1200","900","true","","","source/media/media/john-peters-HlQf_iNy9ug-unsplash-1200x900.jpg"
"https://www.gmbcreditunion.com/media/john-peters-HlQf_iNy9ug-unsplash-1536x1152.jpg","200","image/jpeg","88512","1536","1152","true","","","source/media/media/john-peters-HlQf_iNy9ug-unsplash-1536x1152.jpg"
"https://www.gmbcreditunion.com/media/john-peters-HlQf_iNy9ug-unsplash-1600x1200.jpg","200","image/jpeg","93917","1600","1200","true","","","source/media/media/john-peters-HlQf_iNy9ug-unsplash-1600x1200.jpg"
"https://www.gmbcreditunion.com/media/john-peters-HlQf_iNy9ug-unsplash-2048x1536.jpg","200","image/jpeg","137587","2048","1536","true","","","source/media/media/john-peters-HlQf_iNy9ug-unsplash-2048x1536.jpg"
"https://www.gmbcreditunion.com/media/john-peters-HlQf_iNy9ug-unsplash-267x200.jpg","200","image/jpeg","6330","267","200","true","","","source/media/media/john-peters-HlQf_iNy9ug-unsplash-267x200.jpg"
"https://www.gmbcreditunion.com/media/john-peters-HlQf_iNy9ug-unsplash-600x450.jpg","200","","20960","600","450","true","","","source/media/media/john-peters-HlQf_iNy9ug-unsplash-600x450.jpg"
"https://www.gmbcreditunion.com/media/john-peters-HlQf_iNy9ug-unsplash-768x576.jpg","200","image/jpeg","30357","768","576","true","","","source/media/media/john-peters-HlQf_iNy9ug-unsplash-768x576.jpg"
"https://www.gmbcreditunion.com/media/john-peters-HlQf_iNy9ug-unsplash.jpg","200","image/jpeg","513736","4608","3456","true","https://www.gmbcreditunion.com/media/john-peters-HlQf_iNy9ug-unsplash-600x450.jpg https://www.gmbcreditunion.com/media/john-peters-HlQf_iNy9ug-unsplash-1200x900.jpg https://www.gmbcreditunion.com/media/john-peters-HlQf_iNy9ug-unsplash-768x576.jpg https://www.gmbcreditunion.com/media/john-peters-HlQf_iNy9ug-unsplash-1536x1152.jpg https://www.gmbcreditunion.com/media/john-peters-HlQf_iNy9ug-unsplash-2048x1536.jpg https://www.gmbcreditunion.com/media/john-peters-HlQf_iNy9ug-unsplash-267x200.jpg https://www.gmbcreditunion.com/media/john-peters-HlQf_iNy9ug-unsplash-1600x1200.jpg","yes","source/media/media/john-peters-HlQf_iNy9ug-unsplash.jpg"
"https://www.gmbcreditunion.com/media/kelly-sikkema-3-Tc_5LROrM-unsplash-1-1200x800.jpg","200","image/jpeg","76530","1200","800","true","","","source/media/media/kelly-sikkema-3-Tc_5LROrM-unsplash-1-1200x800.jpg"
"https://www.gmbcreditunion.com/media/kelly-sikkema-3-Tc_5LROrM-unsplash-1-1536x1024.jpg","200","image/jpeg","121388","1536","1024","true","","","source/media/media/kelly-sikkema-3-Tc_5LROrM-unsplash-1-1536x1024.jpg"
"https://www.gmbcreditunion.com/media/kelly-sikkema-3-Tc_5LROrM-unsplash-1-1600x1067.jpg","200","image/jpeg","132059","1600","1067","true","","","source/media/media/kelly-sikkema-3-Tc_5LROrM-unsplash-1-1600x1067.jpg"
"https://www.gmbcreditunion.com/media/kelly-sikkema-3-Tc_5LROrM-unsplash-1-2048x1365.jpg","200","image/jpeg","220183","2048","1365","true","","","source/media/media/kelly-sikkema-3-Tc_5LROrM-unsplash-1-2048x1365.jpg"
"https://www.gmbcreditunion.com/media/kelly-sikkema-3-Tc_5LROrM-unsplash-1-300x200.jpg","200","image/jpeg","10059","300","200","true","","","source/media/media/kelly-sikkema-3-Tc_5LROrM-unsplash-1-300x200.jpg"
"https://www.gmbcreditunion.com/media/kelly-sikkema-3-Tc_5LROrM-unsplash-1-600x400.jpg","200","","26013","600","400","true","","","source/media/media/kelly-sikkema-3-Tc_5LROrM-unsplash-1-600x400.jpg"
"https://www.gmbcreditunion.com/media/kelly-sikkema-3-Tc_5LROrM-unsplash-1-768x512.jpg","200","image/jpeg","37020","768","512","true","","","source/media/media/kelly-sikkema-3-Tc_5LROrM-unsplash-1-768x512.jpg"
"https://www.gmbcreditunion.com/media/kelly-sikkema-3-Tc_5LROrM-unsplash-1.jpg","200","image/jpeg","1846797","5568","3712","true","https://www.gmbcreditunion.com/media/kelly-sikkema-3-Tc_5LROrM-unsplash-1-600x400.jpg https://www.gmbcreditunion.com/media/kelly-sikkema-3-Tc_5LROrM-unsplash-1-1200x800.jpg https://www.gmbcreditunion.com/media/kelly-sikkema-3-Tc_5LROrM-unsplash-1-768x512.jpg https://www.gmbcreditunion.com/media/kelly-sikkema-3-Tc_5LROrM-unsplash-1-1536x1024.jpg https://www.gmbcreditunion.com/media/kelly-sikkema-3-Tc_5LROrM-unsplash-1-2048x1365.jpg https://www.gmbcreditunion.com/media/kelly-sikkema-3-Tc_5LROrM-unsplash-1-300x200.jpg https://www.gmbcreditunion.com/media/kelly-sikkema-3-Tc_5LROrM-unsplash-1-1600x1067.jpg","yes","source/media/media/kelly-sikkema-3-Tc_5LROrM-unsplash-1.jpg"
"https://www.gmbcreditunion.com/media/loan-save.png","200","","73903","1564","1000","true","","yes","source/media/media/loan-save.png"
"https://www.gmbcreditunion.com/media/loan-starter.png","200","","94793","1564","1000","true","","yes","source/media/media/loan-starter.png"
"https://www.gmbcreditunion.com/media/long-e1701097953562-300x197.jpg","200","image/jpeg","6784","300","197","true","","","source/media/media/long-e1701097953562-300x197.jpg"
"https://www.gmbcreditunion.com/media/long-e1701097953562-600x395.jpg","200","","20880","600","395","true","","","source/media/media/long-e1701097953562-600x395.jpg"
"https://www.gmbcreditunion.com/media/long-e1701097953562-768x505.jpg","200","image/jpeg","31274","768","505","true","","","source/media/media/long-e1701097953562-768x505.jpg"
"https://www.gmbcreditunion.com/media/long-e1701097953562.jpg","200","image/jpeg","50322","983","647","true","https://www.gmbcreditunion.com/media/long-e1701097953562-600x395.jpg https://www.gmbcreditunion.com/media/long-e1701097953562-768x505.jpg https://www.gmbcreditunion.com/media/long-e1701097953562-300x197.jpg","","source/media/media/long-e1701097953562.jpg"
"https://www.gmbcreditunion.com/media/long.jpg","200","image/jpeg","89982","1309","649","false","https://www.gmbcreditunion.com/media/long-e1701097953562-600x395.jpg https://www.gmbcreditunion.com/media/long-e1701097953562-768x505.jpg https://www.gmbcreditunion.com/media/long-e1701097953562-300x197.jpg https://www.gmbcreditunion.com/media/long-e1701097953562.jpg","yes","source/media/media/long.jpg"
"https://www.gmbcreditunion.com/media/markus-spiske-IiEFmIXZWSw-unsplash_0-1200x800.jpg","200","image/jpeg","98423","1200","800","true","","","source/media/media/markus-spiske-IiEFmIXZWSw-unsplash_0-1200x800.jpg"
"https://www.gmbcreditunion.com/media/markus-spiske-IiEFmIXZWSw-unsplash_0-1536x1024.jpg","200","image/jpeg","150432","1536","1024","true","","","source/media/media/markus-spiske-IiEFmIXZWSw-unsplash_0-1536x1024.jpg"
"https://www.gmbcreditunion.com/media/markus-spiske-IiEFmIXZWSw-unsplash_0-1600x1067.jpg","200","image/jpeg","163072","1600","1067","true","","","source/media/media/markus-spiske-IiEFmIXZWSw-unsplash_0-1600x1067.jpg"
"https://www.gmbcreditunion.com/media/markus-spiske-IiEFmIXZWSw-unsplash_0-2048x1365.jpg","200","image/jpeg","259304","2048","1365","true","","","source/media/media/markus-spiske-IiEFmIXZWSw-unsplash_0-2048x1365.jpg"
"https://www.gmbcreditunion.com/media/markus-spiske-IiEFmIXZWSw-unsplash_0-300x200.jpg","200","image/jpeg","11614","300","200","true","","","source/media/media/markus-spiske-IiEFmIXZWSw-unsplash_0-300x200.jpg"
"https://www.gmbcreditunion.com/media/markus-spiske-IiEFmIXZWSw-unsplash_0-600x400.jpg","200","","32806","600","400","true","","","source/media/media/markus-spiske-IiEFmIXZWSw-unsplash_0-600x400.jpg"
"https://www.gmbcreditunion.com/media/markus-spiske-IiEFmIXZWSw-unsplash_0-768x512.jpg","200","image/jpeg","48007","768","512","true","","","source/media/media/markus-spiske-IiEFmIXZWSw-unsplash_0-768x512.jpg"
"https://www.gmbcreditunion.com/media/markus-spiske-IiEFmIXZWSw-unsplash_0.jpg","200","image/jpeg","2546870","5760","3840","true","https://www.gmbcreditunion.com/media/markus-spiske-IiEFmIXZWSw-unsplash_0-600x400.jpg https://www.gmbcreditunion.com/media/markus-spiske-IiEFmIXZWSw-unsplash_0-1200x800.jpg https://www.gmbcreditunion.com/media/markus-spiske-IiEFmIXZWSw-unsplash_0-768x512.jpg https://www.gmbcreditunion.com/media/markus-spiske-IiEFmIXZWSw-unsplash_0-1536x1024.jpg https://www.gmbcreditunion.com/media/markus-spiske-IiEFmIXZWSw-unsplash_0-2048x1365.jpg https://www.gmbcreditunion.com/media/markus-spiske-IiEFmIXZWSw-unsplash_0-300x200.jpg https://www.gmbcreditunion.com/media/markus-spiske-IiEFmIXZWSw-unsplash_0-1600x1067.jpg","yes","source/media/media/markus-spiske-IiEFmIXZWSw-unsplash_0.jpg"
"https://www.gmbcreditunion.com/media/markus-winkler-IrRbSND5EUc-unsplash-1200x800.jpg","200","image/jpeg","47406","1200","800","true","","","source/media/media/markus-winkler-IrRbSND5EUc-unsplash-1200x800.jpg"
"https://www.gmbcreditunion.com/media/markus-winkler-IrRbSND5EUc-unsplash-1536x1024.jpg","200","image/jpeg","67430","1536","1024","true","","","source/media/media/markus-winkler-IrRbSND5EUc-unsplash-1536x1024.jpg"
"https://www.gmbcreditunion.com/media/markus-winkler-IrRbSND5EUc-unsplash-1600x1067.jpg","200","image/jpeg","72408","1600","1067","true","","","source/media/media/markus-winkler-IrRbSND5EUc-unsplash-1600x1067.jpg"
"https://www.gmbcreditunion.com/media/markus-winkler-IrRbSND5EUc-unsplash-2048x1365.jpg","200","image/jpeg","105233","2048","1365","true","","","source/media/media/markus-winkler-IrRbSND5EUc-unsplash-2048x1365.jpg"
"https://www.gmbcreditunion.com/media/markus-winkler-IrRbSND5EUc-unsplash-300x200.jpg","200","image/jpeg","7837","300","200","true","","","source/media/media/markus-winkler-IrRbSND5EUc-unsplash-300x200.jpg"
"https://www.gmbcreditunion.com/media/markus-winkler-IrRbSND5EUc-unsplash-600x400.jpg","200","","18965","600","400","true","","","source/media/media/markus-winkler-IrRbSND5EUc-unsplash-600x400.jpg"
"https://www.gmbcreditunion.com/media/markus-winkler-IrRbSND5EUc-unsplash-768x512.jpg","200","image/jpeg","25938","768","512","true","","","source/media/media/markus-winkler-IrRbSND5EUc-unsplash-768x512.jpg"
"https://www.gmbcreditunion.com/media/markus-winkler-IrRbSND5EUc-unsplash.jpg","200","image/jpeg","372384","3999","2666","true","https://www.gmbcreditunion.com/media/markus-winkler-IrRbSND5EUc-unsplash-600x400.jpg https://www.gmbcreditunion.com/media/markus-winkler-IrRbSND5EUc-unsplash-1200x800.jpg https://www.gmbcreditunion.com/media/markus-winkler-IrRbSND5EUc-unsplash-768x512.jpg https://www.gmbcreditunion.com/media/markus-winkler-IrRbSND5EUc-unsplash-1536x1024.jpg https://www.gmbcreditunion.com/media/markus-winkler-IrRbSND5EUc-unsplash-2048x1365.jpg https://www.gmbcreditunion.com/media/markus-winkler-IrRbSND5EUc-unsplash-300x200.jpg https://www.gmbcreditunion.com/media/markus-winkler-IrRbSND5EUc-unsplash-1600x1067.jpg","yes","source/media/media/markus-winkler-IrRbSND5EUc-unsplash.jpg"
"https://www.gmbcreditunion.com/media/maxmegamenu/style.css","200","","69823","","","true","","yes","source/media/media/maxmegamenu/style.css"
"https://www.gmbcreditunion.com/media/mayofi-KboMbhlRgGY-unsplash_0-1200x800.jpg","200","image/jpeg","85664","1200","800","true","","","source/media/media/mayofi-KboMbhlRgGY-unsplash_0-1200x800.jpg"
"https://www.gmbcreditunion.com/media/mayofi-KboMbhlRgGY-unsplash_0-1536x1024.jpg","200","image/jpeg","132934","1536","1024","true","","","source/media/media/mayofi-KboMbhlRgGY-unsplash_0-1536x1024.jpg"
"https://www.gmbcreditunion.com/media/mayofi-KboMbhlRgGY-unsplash_0-1600x1067.jpg","200","image/jpeg","144204","1600","1067","true","","","source/media/media/mayofi-KboMbhlRgGY-unsplash_0-1600x1067.jpg"
"https://www.gmbcreditunion.com/media/mayofi-KboMbhlRgGY-unsplash_0-2048x1365.jpg","200","image/jpeg","235040","2048","1365","true","","","source/media/media/mayofi-KboMbhlRgGY-unsplash_0-2048x1365.jpg"
"https://www.gmbcreditunion.com/media/mayofi-KboMbhlRgGY-unsplash_0-300x200.jpg","200","image/jpeg","10566","300","200","true","","","source/media/media/mayofi-KboMbhlRgGY-unsplash_0-300x200.jpg"
"https://www.gmbcreditunion.com/media/mayofi-KboMbhlRgGY-unsplash_0-600x400.jpg","200","","28490","600","400","true","","","source/media/media/mayofi-KboMbhlRgGY-unsplash_0-600x400.jpg"
"https://www.gmbcreditunion.com/media/mayofi-KboMbhlRgGY-unsplash_0-768x512.jpg","200","image/jpeg","41288","768","512","true","","","source/media/media/mayofi-KboMbhlRgGY-unsplash_0-768x512.jpg"
"https://www.gmbcreditunion.com/media/mayofi-KboMbhlRgGY-unsplash_0.jpg","200","image/jpeg","3154460","6000","4000","true","https://www.gmbcreditunion.com/media/mayofi-KboMbhlRgGY-unsplash_0-600x400.jpg https://www.gmbcreditunion.com/media/mayofi-KboMbhlRgGY-unsplash_0-1200x800.jpg https://www.gmbcreditunion.com/media/mayofi-KboMbhlRgGY-unsplash_0-768x512.jpg https://www.gmbcreditunion.com/media/mayofi-KboMbhlRgGY-unsplash_0-1536x1024.jpg https://www.gmbcreditunion.com/media/mayofi-KboMbhlRgGY-unsplash_0-2048x1365.jpg https://www.gmbcreditunion.com/media/mayofi-KboMbhlRgGY-unsplash_0-300x200.jpg https://www.gmbcreditunion.com/media/mayofi-KboMbhlRgGY-unsplash_0-1600x1067.jpg","yes","source/media/media/mayofi-KboMbhlRgGY-unsplash_0.jpg"
"https://www.gmbcreditunion.com/media/nine-koepfer-zosE9lAYQlo-unsplash-1200x800.jpg","200","image/jpeg","132937","1200","800","true","","","source/media/media/nine-koepfer-zosE9lAYQlo-unsplash-1200x800.jpg"
"https://www.gmbcreditunion.com/media/nine-koepfer-zosE9lAYQlo-unsplash-1536x1024.jpg","200","image/jpeg","239977","1536","1024","true","","","source/media/media/nine-koepfer-zosE9lAYQlo-unsplash-1536x1024.jpg"
"https://www.gmbcreditunion.com/media/nine-koepfer-zosE9lAYQlo-unsplash-1600x1067.jpg","200","image/jpeg","266709","1600","1067","true","","","source/media/media/nine-koepfer-zosE9lAYQlo-unsplash-1600x1067.jpg"
"https://www.gmbcreditunion.com/media/nine-koepfer-zosE9lAYQlo-unsplash-2048x1365.jpg","200","image/jpeg","498815","2048","1365","true","","","source/media/media/nine-koepfer-zosE9lAYQlo-unsplash-2048x1365.jpg"
"https://www.gmbcreditunion.com/media/nine-koepfer-zosE9lAYQlo-unsplash-300x200.jpg","200","image/jpeg","10310","300","200","true","","","source/media/media/nine-koepfer-zosE9lAYQlo-unsplash-300x200.jpg"
"https://www.gmbcreditunion.com/media/nine-koepfer-zosE9lAYQlo-unsplash-600x400.jpg","200","","31512","600","400","true","","","source/media/media/nine-koepfer-zosE9lAYQlo-unsplash-600x400.jpg"
"https://www.gmbcreditunion.com/media/nine-koepfer-zosE9lAYQlo-unsplash-768x512.jpg","200","image/jpeg","50807","768","512","true","","","source/media/media/nine-koepfer-zosE9lAYQlo-unsplash-768x512.jpg"
"https://www.gmbcreditunion.com/media/nine-koepfer-zosE9lAYQlo-unsplash.jpg","200","image/jpeg","2956474","4851","3234","true","https://www.gmbcreditunion.com/media/nine-koepfer-zosE9lAYQlo-unsplash-600x400.jpg https://www.gmbcreditunion.com/media/nine-koepfer-zosE9lAYQlo-unsplash-1200x800.jpg https://www.gmbcreditunion.com/media/nine-koepfer-zosE9lAYQlo-unsplash-768x512.jpg https://www.gmbcreditunion.com/media/nine-koepfer-zosE9lAYQlo-unsplash-1536x1024.jpg https://www.gmbcreditunion.com/media/nine-koepfer-zosE9lAYQlo-unsplash-2048x1365.jpg https://www.gmbcreditunion.com/media/nine-koepfer-zosE9lAYQlo-unsplash-300x200.jpg https://www.gmbcreditunion.com/media/nine-koepfer-zosE9lAYQlo-unsplash-1600x1067.jpg","yes","source/media/media/nine-koepfer-zosE9lAYQlo-unsplash.jpg"
"https://www.gmbcreditunion.com/media/pexels-alaur-rahman-5277965-1200x675.jpg","200","image/jpeg","180824","1200","675","true","","","source/media/media/pexels-alaur-rahman-5277965-1200x675.jpg"
"https://www.gmbcreditunion.com/media/pexels-alaur-rahman-5277965-1536x864.jpg","200","image/jpeg","273031","1536","864","true","","","source/media/media/pexels-alaur-rahman-5277965-1536x864.jpg"
"https://www.gmbcreditunion.com/media/pexels-alaur-rahman-5277965-1600x900.jpg","200","image/jpeg","294988","1600","900","true","","","source/media/media/pexels-alaur-rahman-5277965-1600x900.jpg"
"https://www.gmbcreditunion.com/media/pexels-alaur-rahman-5277965-2048x1152.jpg","200","image/jpeg","449572","2048","1152","true","","","source/media/media/pexels-alaur-rahman-5277965-2048x1152.jpg"
"https://www.gmbcreditunion.com/media/pexels-alaur-rahman-5277965-300x169.jpg","200","image/jpeg","18743","300","169","true","","","source/media/media/pexels-alaur-rahman-5277965-300x169.jpg"
"https://www.gmbcreditunion.com/media/pexels-alaur-rahman-5277965-600x338.jpg","200","","55593","600","338","true","","","source/media/media/pexels-alaur-rahman-5277965-600x338.jpg"
"https://www.gmbcreditunion.com/media/pexels-alaur-rahman-5277965-768x432.jpg","200","image/jpeg","83382","768","432","true","","","source/media/media/pexels-alaur-rahman-5277965-768x432.jpg"
"https://www.gmbcreditunion.com/media/pexels-alaur-rahman-5277965.jpg","200","image/jpeg","1702748","5312","2988","true","https://www.gmbcreditunion.com/media/pexels-alaur-rahman-5277965-600x338.jpg https://www.gmbcreditunion.com/media/pexels-alaur-rahman-5277965-1200x675.jpg https://www.gmbcreditunion.com/media/pexels-alaur-rahman-5277965-768x432.jpg https://www.gmbcreditunion.com/media/pexels-alaur-rahman-5277965-1536x864.jpg https://www.gmbcreditunion.com/media/pexels-alaur-rahman-5277965-2048x1152.jpg https://www.gmbcreditunion.com/media/pexels-alaur-rahman-5277965-300x169.jpg https://www.gmbcreditunion.com/media/pexels-alaur-rahman-5277965-1600x900.jpg","yes","source/media/media/pexels-alaur-rahman-5277965.jpg"
"https://www.gmbcreditunion.com/media/pexels-cottonbro-studio-3943723-1024x1536.jpg","200","image/jpeg","181253","1024","1536","true","","","source/media/media/pexels-cottonbro-studio-3943723-1024x1536.jpg"
"https://www.gmbcreditunion.com/media/pexels-cottonbro-studio-3943723-133x200.jpg","200","image/jpeg","9400","133","200","true","","","source/media/media/pexels-cottonbro-studio-3943723-133x200.jpg"
"https://www.gmbcreditunion.com/media/pexels-cottonbro-studio-3943723-1365x2048.jpg","200","image/jpeg","321180","1365","2048","true","","","source/media/media/pexels-cottonbro-studio-3943723-1365x2048.jpg"
"https://www.gmbcreditunion.com/media/pexels-cottonbro-studio-3943723-1600x2400.jpg","200","image/jpeg","446935","1600","2400","true","","","source/media/media/pexels-cottonbro-studio-3943723-1600x2400.jpg"
"https://www.gmbcreditunion.com/media/pexels-cottonbro-studio-3943723-400x600.jpg","200","","37010","400","600","true","","","source/media/media/pexels-cottonbro-studio-3943723-400x600.jpg"
"https://www.gmbcreditunion.com/media/pexels-cottonbro-studio-3943723-768x1152.jpg","200","image/jpeg","106470","768","1152","true","","","source/media/media/pexels-cottonbro-studio-3943723-768x1152.jpg"
"https://www.gmbcreditunion.com/media/pexels-cottonbro-studio-3943723-800x1200.jpg","200","image/jpeg","114764","800","1200","true","","","source/media/media/pexels-cottonbro-studio-3943723-800x1200.jpg"
"https://www.gmbcreditunion.com/media/pexels-cottonbro-studio-3943723.jpg","200","image/jpeg","1886259","3811","5716","true","https://www.gmbcreditunion.com/media/pexels-cottonbro-studio-3943723-400x600.jpg https://www.gmbcreditunion.com/media/pexels-cottonbro-studio-3943723-800x1200.jpg https://www.gmbcreditunion.com/media/pexels-cottonbro-studio-3943723-768x1152.jpg https://www.gmbcreditunion.com/media/pexels-cottonbro-studio-3943723-1024x1536.jpg https://www.gmbcreditunion.com/media/pexels-cottonbro-studio-3943723-1365x2048.jpg https://www.gmbcreditunion.com/media/pexels-cottonbro-studio-3943723-133x200.jpg https://www.gmbcreditunion.com/media/pexels-cottonbro-studio-3943723-1600x2400.jpg","yes","source/media/media/pexels-cottonbro-studio-3943723.jpg"
"https://www.gmbcreditunion.com/media/pexels-markus-spiske-3970332-1200x800.jpg","200","image/jpeg","60111","1200","800","true","","","source/media/media/pexels-markus-spiske-3970332-1200x800.jpg"
"https://www.gmbcreditunion.com/media/pexels-markus-spiske-3970332-1536x1024.jpg","200","image/jpeg","94062","1536","1024","true","","","source/media/media/pexels-markus-spiske-3970332-1536x1024.jpg"
"https://www.gmbcreditunion.com/media/pexels-markus-spiske-3970332-1600x1067.jpg","200","image/jpeg","101666","1600","1067","true","","","source/media/media/pexels-markus-spiske-3970332-1600x1067.jpg"
"https://www.gmbcreditunion.com/media/pexels-markus-spiske-3970332-2048x1365.jpg","200","image/jpeg","169365","2048","1365","true","","","source/media/media/pexels-markus-spiske-3970332-2048x1365.jpg"
"https://www.gmbcreditunion.com/media/pexels-markus-spiske-3970332-300x200.jpg","200","image/jpeg","11315","300","200","true","","","source/media/media/pexels-markus-spiske-3970332-300x200.jpg"
"https://www.gmbcreditunion.com/media/pexels-markus-spiske-3970332-600x400.jpg","200","","23687","600","400","true","","","source/media/media/pexels-markus-spiske-3970332-600x400.jpg"
"https://www.gmbcreditunion.com/media/pexels-markus-spiske-3970332-768x512.jpg","200","image/jpeg","31597","768","512","true","","","source/media/media/pexels-markus-spiske-3970332-768x512.jpg"
"https://www.gmbcreditunion.com/media/pexels-markus-spiske-3970332.jpg","200","image/jpeg","443322","3500","2333","true","https://www.gmbcreditunion.com/media/pexels-markus-spiske-3970332-600x400.jpg https://www.gmbcreditunion.com/media/pexels-markus-spiske-3970332-1200x800.jpg https://www.gmbcreditunion.com/media/pexels-markus-spiske-3970332-768x512.jpg https://www.gmbcreditunion.com/media/pexels-markus-spiske-3970332-1536x1024.jpg https://www.gmbcreditunion.com/media/pexels-markus-spiske-3970332-2048x1365.jpg https://www.gmbcreditunion.com/media/pexels-markus-spiske-3970332-300x200.jpg https://www.gmbcreditunion.com/media/pexels-markus-spiske-3970332-1600x1067.jpg","yes","source/media/media/pexels-markus-spiske-3970332.jpg"
"https://www.gmbcreditunion.com/media/pexels-mikhail-nilov-8297240-1200x800.jpg","200","image/jpeg","117859","1200","800","true","","","source/media/media/pexels-mikhail-nilov-8297240-1200x800.jpg"
"https://www.gmbcreditunion.com/media/pexels-mikhail-nilov-8297240-1536x1024.jpg","200","image/jpeg","173229","1536","1024","true","","","source/media/media/pexels-mikhail-nilov-8297240-1536x1024.jpg"
"https://www.gmbcreditunion.com/media/pexels-mikhail-nilov-8297240-1600x1067.jpg","200","image/jpeg","185402","1600","1067","true","","","source/media/media/pexels-mikhail-nilov-8297240-1600x1067.jpg"
"https://www.gmbcreditunion.com/media/pexels-mikhail-nilov-8297240-2048x1365.jpg","200","image/jpeg","276507","2048","1365","true","","","source/media/media/pexels-mikhail-nilov-8297240-2048x1365.jpg"
"https://www.gmbcreditunion.com/media/pexels-mikhail-nilov-8297240-300x200.jpg","200","image/jpeg","16214","300","200","true","","","source/media/media/pexels-mikhail-nilov-8297240-300x200.jpg"
"https://www.gmbcreditunion.com/media/pexels-mikhail-nilov-8297240-600x400.jpg","200","","41468","600","400","true","","","source/media/media/pexels-mikhail-nilov-8297240-600x400.jpg"
"https://www.gmbcreditunion.com/media/pexels-mikhail-nilov-8297240-768x512.jpg","200","image/jpeg","59675","768","512","true","","","source/media/media/pexels-mikhail-nilov-8297240-768x512.jpg"
"https://www.gmbcreditunion.com/media/pexels-mikhail-nilov-8297240.jpg","200","image/jpeg","1399300","6000","4000","true","https://www.gmbcreditunion.com/media/pexels-mikhail-nilov-8297240-600x400.jpg https://www.gmbcreditunion.com/media/pexels-mikhail-nilov-8297240-1200x800.jpg https://www.gmbcreditunion.com/media/pexels-mikhail-nilov-8297240-768x512.jpg https://www.gmbcreditunion.com/media/pexels-mikhail-nilov-8297240-1536x1024.jpg https://www.gmbcreditunion.com/media/pexels-mikhail-nilov-8297240-2048x1365.jpg https://www.gmbcreditunion.com/media/pexels-mikhail-nilov-8297240-300x200.jpg https://www.gmbcreditunion.com/media/pexels-mikhail-nilov-8297240-1600x1067.jpg","yes","source/media/media/pexels-mikhail-nilov-8297240.jpg"
"https://www.gmbcreditunion.com/media/pexels-pixabay-128867-1200x800.jpg","200","image/jpeg","150757","1200","800","true","","","source/media/media/pexels-pixabay-128867-1200x800.jpg"
"https://www.gmbcreditunion.com/media/pexels-pixabay-128867-1536x1024.jpg","200","image/jpeg","223973","1536","1024","true","","","source/media/media/pexels-pixabay-128867-1536x1024.jpg"
"https://www.gmbcreditunion.com/media/pexels-pixabay-128867-1600x1067.jpg","200","image/jpeg","241101","1600","1067","true","","","source/media/media/pexels-pixabay-128867-1600x1067.jpg"
"https://www.gmbcreditunion.com/media/pexels-pixabay-128867-2048x1365.jpg","200","image/jpeg","353769","2048","1365","true","","","source/media/media/pexels-pixabay-128867-2048x1365.jpg"
"https://www.gmbcreditunion.com/media/pexels-pixabay-128867-300x200.jpg","200","image/jpeg","15649","300","200","true","","","source/media/media/pexels-pixabay-128867-300x200.jpg"
"https://www.gmbcreditunion.com/media/pexels-pixabay-128867-600x400.jpg","200","","47308","600","400","true","","","source/media/media/pexels-pixabay-128867-600x400.jpg"
"https://www.gmbcreditunion.com/media/pexels-pixabay-128867-768x512.jpg","200","image/jpeg","72026","768","512","true","","","source/media/media/pexels-pixabay-128867-768x512.jpg"
"https://www.gmbcreditunion.com/media/pexels-pixabay-128867.jpg","200","image/jpeg","1233803","5472","3648","true","https://www.gmbcreditunion.com/media/pexels-pixabay-128867-600x400.jpg https://www.gmbcreditunion.com/media/pexels-pixabay-128867-1200x800.jpg https://www.gmbcreditunion.com/media/pexels-pixabay-128867-768x512.jpg https://www.gmbcreditunion.com/media/pexels-pixabay-128867-1536x1024.jpg https://www.gmbcreditunion.com/media/pexels-pixabay-128867-2048x1365.jpg https://www.gmbcreditunion.com/media/pexels-pixabay-128867-300x200.jpg https://www.gmbcreditunion.com/media/pexels-pixabay-128867-1600x1067.jpg","yes","source/media/media/pexels-pixabay-128867.jpg"
"https://www.gmbcreditunion.com/media/pexels-public-domain-pictures-41183-1200x800.jpg","200","image/jpeg","139284","1200","800","true","","","source/media/media/pexels-public-domain-pictures-41183-1200x800.jpg"
"https://www.gmbcreditunion.com/media/pexels-public-domain-pictures-41183-1536x1024.jpg","200","image/jpeg","203670","1536","1024","true","","","source/media/media/pexels-public-domain-pictures-41183-1536x1024.jpg"
"https://www.gmbcreditunion.com/media/pexels-public-domain-pictures-41183-1600x1067.jpg","200","image/jpeg","217699","1600","1067","true","","","source/media/media/pexels-public-domain-pictures-41183-1600x1067.jpg"
"https://www.gmbcreditunion.com/media/pexels-public-domain-pictures-41183-2048x1365.jpg","200","image/jpeg","321923","2048","1365","true","","","source/media/media/pexels-public-domain-pictures-41183-2048x1365.jpg"
"https://www.gmbcreditunion.com/media/pexels-public-domain-pictures-41183-300x200.jpg","200","image/jpeg","17919","300","200","true","","","source/media/media/pexels-public-domain-pictures-41183-300x200.jpg"
"https://www.gmbcreditunion.com/media/pexels-public-domain-pictures-41183-600x400.jpg","200","image/jpeg","48417","600","400","true","","","source/media/media/pexels-public-domain-pictures-41183-600x400.jpg"
"https://www.gmbcreditunion.com/media/pexels-public-domain-pictures-41183-768x512.jpg","200","image/jpeg","70385","768","512","true","","","source/media/media/pexels-public-domain-pictures-41183-768x512.jpg"
"https://www.gmbcreditunion.com/media/pexels-public-domain-pictures-41183.jpg","200","image/jpeg","1204570","5000","3333","true","https://www.gmbcreditunion.com/media/pexels-public-domain-pictures-41183-600x400.jpg https://www.gmbcreditunion.com/media/pexels-public-domain-pictures-41183-1200x800.jpg https://www.gmbcreditunion.com/media/pexels-public-domain-pictures-41183-768x512.jpg https://www.gmbcreditunion.com/media/pexels-public-domain-pictures-41183-1536x1024.jpg https://www.gmbcreditunion.com/media/pexels-public-domain-pictures-41183-2048x1365.jpg https://www.gmbcreditunion.com/media/pexels-public-domain-pictures-41183-300x200.jpg https://www.gmbcreditunion.com/media/pexels-public-domain-pictures-41183-1600x1067.jpg","yes","source/media/media/pexels-public-domain-pictures-41183.jpg"
"https://www.gmbcreditunion.com/media/photo-1499171138085-a60c4e752ff7-1200x801.jpg","200","image/jpeg","152521","1200","801","true","","","source/media/media/photo-1499171138085-a60c4e752ff7-1200x801.jpg"
"https://www.gmbcreditunion.com/media/photo-1499171138085-a60c4e752ff7-1536x1025.jpg","200","image/jpeg","218936","1536","1025","true","","","source/media/media/photo-1499171138085-a60c4e752ff7-1536x1025.jpg"
"https://www.gmbcreditunion.com/media/photo-1499171138085-a60c4e752ff7-1600x1068.jpg","200","image/jpeg","231960","1600","1068","true","","","source/media/media/photo-1499171138085-a60c4e752ff7-1600x1068.jpg"
"https://www.gmbcreditunion.com/media/photo-1499171138085-a60c4e752ff7-300x200.jpg","200","image/jpeg","19519","300","200","true","","","source/media/media/photo-1499171138085-a60c4e752ff7-300x200.jpg"
"https://www.gmbcreditunion.com/media/photo-1499171138085-a60c4e752ff7-600x400.jpg","200","","55107","600","400","true","","","source/media/media/photo-1499171138085-a60c4e752ff7-600x400.jpg"
"https://www.gmbcreditunion.com/media/photo-1499171138085-a60c4e752ff7-768x512.jpg","200","image/jpeg","79181","768","512","true","","","source/media/media/photo-1499171138085-a60c4e752ff7-768x512.jpg"
"https://www.gmbcreditunion.com/media/photo-1499171138085-a60c4e752ff7.jpg","200","image/jpeg","292904","1650","1101","true","https://www.gmbcreditunion.com/media/photo-1499171138085-a60c4e752ff7-600x400.jpg https://www.gmbcreditunion.com/media/photo-1499171138085-a60c4e752ff7-1200x801.jpg https://www.gmbcreditunion.com/media/photo-1499171138085-a60c4e752ff7-768x512.jpg https://www.gmbcreditunion.com/media/photo-1499171138085-a60c4e752ff7-1536x1025.jpg https://www.gmbcreditunion.com/media/photo-1499171138085-a60c4e752ff7-300x200.jpg https://www.gmbcreditunion.com/media/photo-1499171138085-a60c4e752ff7-1600x1068.jpg","yes","source/media/media/photo-1499171138085-a60c4e752ff7.jpg"
"https://www.gmbcreditunion.com/media/photo-1507835661088-ac1e84fe645f-600x362.jpg","200","","18220","600","362","true","","","source/media/media/photo-1507835661088-ac1e84fe645f-600x362.jpg"
"https://www.gmbcreditunion.com/media/photo-1507835661088-ac1e84fe645f.jpg","200","image/jpeg","127890","2029","1224","true","https://www.gmbcreditunion.com/media/photo-1507835661088-ac1e84fe645f-600x362.jpg","yes","source/media/media/photo-1507835661088-ac1e84fe645f.jpg"
"https://www.gmbcreditunion.com/media/photo-1511214378978-61583b84425d_0-1200x960.jpg","200","image/jpeg","120598","1200","960","true","","","source/media/media/photo-1511214378978-61583b84425d_0-1200x960.jpg"
"https://www.gmbcreditunion.com/media/photo-1511214378978-61583b84425d_0-250x200.jpg","200","image/jpeg","12121","250","200","true","","","source/media/media/photo-1511214378978-61583b84425d_0-250x200.jpg"
"https://www.gmbcreditunion.com/media/photo-1511214378978-61583b84425d_0-600x480.jpg","200","","42222","600","480","true","","","source/media/media/photo-1511214378978-61583b84425d_0-600x480.jpg"
"https://www.gmbcreditunion.com/media/photo-1511214378978-61583b84425d_0-768x614.jpg","200","image/jpeg","60956","768","614","true","","","source/media/media/photo-1511214378978-61583b84425d_0-768x614.jpg"
"https://www.gmbcreditunion.com/media/photo-1511214378978-61583b84425d_0.jpg","200","image/jpeg","225033","1525","1220","true","https://www.gmbcreditunion.com/media/photo-1511214378978-61583b84425d_0-600x480.jpg https://www.gmbcreditunion.com/media/photo-1511214378978-61583b84425d_0-1200x960.jpg https://www.gmbcreditunion.com/media/photo-1511214378978-61583b84425d_0-768x614.jpg https://www.gmbcreditunion.com/media/photo-1511214378978-61583b84425d_0-250x200.jpg","yes","source/media/media/photo-1511214378978-61583b84425d_0.jpg"
"https://www.gmbcreditunion.com/media/photo-1524087460115-e21f419c9e1e-1-1200x800.jpg","200","image/jpeg","77991","1200","800","true","","","source/media/media/photo-1524087460115-e21f419c9e1e-1-1200x800.jpg"
"https://www.gmbcreditunion.com/media/photo-1524087460115-e21f419c9e1e-1-1536x1024.jpg","200","image/jpeg","116306","1536","1024","true","","","source/media/media/photo-1524087460115-e21f419c9e1e-1-1536x1024.jpg"
"https://www.gmbcreditunion.com/media/photo-1524087460115-e21f419c9e1e-1-1600x1067.jpg","200","image/jpeg","123463","1600","1067","true","","","source/media/media/photo-1524087460115-e21f419c9e1e-1-1600x1067.jpg"
"https://www.gmbcreditunion.com/media/photo-1524087460115-e21f419c9e1e-1-300x200.jpg","200","image/jpeg","9140","300","200","true","","","source/media/media/photo-1524087460115-e21f419c9e1e-1-300x200.jpg"
"https://www.gmbcreditunion.com/media/photo-1524087460115-e21f419c9e1e-1-600x400.jpg","200","","26345","600","400","true","","","source/media/media/photo-1524087460115-e21f419c9e1e-1-600x400.jpg"
"https://www.gmbcreditunion.com/media/photo-1524087460115-e21f419c9e1e-1-768x512.jpg","200","image/jpeg","39007","768","512","true","","","source/media/media/photo-1524087460115-e21f419c9e1e-1-768x512.jpg"
"https://www.gmbcreditunion.com/media/photo-1524087460115-e21f419c9e1e-1.jpg","200","image/jpeg","155159","1650","1100","true","https://www.gmbcreditunion.com/media/photo-1524087460115-e21f419c9e1e-1-600x400.jpg https://www.gmbcreditunion.com/media/photo-1524087460115-e21f419c9e1e-1-1200x800.jpg https://www.gmbcreditunion.com/media/photo-1524087460115-e21f419c9e1e-1-768x512.jpg https://www.gmbcreditunion.com/media/photo-1524087460115-e21f419c9e1e-1-1536x1024.jpg https://www.gmbcreditunion.com/media/photo-1524087460115-e21f419c9e1e-1-300x200.jpg https://www.gmbcreditunion.com/media/photo-1524087460115-e21f419c9e1e-1-1600x1067.jpg","yes","source/media/media/photo-1524087460115-e21f419c9e1e-1.jpg"
"https://www.gmbcreditunion.com/media/photo-1533766569461-3823e8a83622-1-1200x800.jpg","200","image/jpeg","103411","1200","800","true","","","source/media/media/photo-1533766569461-3823e8a83622-1-1200x800.jpg"
"https://www.gmbcreditunion.com/media/photo-1533766569461-3823e8a83622-1-1536x1024.jpg","200","image/jpeg","153875","1536","1024","true","","","source/media/media/photo-1533766569461-3823e8a83622-1-1536x1024.jpg"
"https://www.gmbcreditunion.com/media/photo-1533766569461-3823e8a83622-1-1600x1067.jpg","200","image/jpeg","164760","1600","1067","true","","","source/media/media/photo-1533766569461-3823e8a83622-1-1600x1067.jpg"
"https://www.gmbcreditunion.com/media/photo-1533766569461-3823e8a83622-1-300x200.jpg","200","image/jpeg","12183","300","200","true","","","source/media/media/photo-1533766569461-3823e8a83622-1-300x200.jpg"
"https://www.gmbcreditunion.com/media/photo-1533766569461-3823e8a83622-1-600x400.jpg","200","","35180","600","400","true","","","source/media/media/photo-1533766569461-3823e8a83622-1-600x400.jpg"
"https://www.gmbcreditunion.com/media/photo-1533766569461-3823e8a83622-1-768x512.jpg","200","image/jpeg","51813","768","512","true","","","source/media/media/photo-1533766569461-3823e8a83622-1-768x512.jpg"
"https://www.gmbcreditunion.com/media/photo-1533766569461-3823e8a83622-1.jpg","200","image/jpeg","209821","1650","1100","true","https://www.gmbcreditunion.com/media/photo-1533766569461-3823e8a83622-1-600x400.jpg https://www.gmbcreditunion.com/media/photo-1533766569461-3823e8a83622-1-1200x800.jpg https://www.gmbcreditunion.com/media/photo-1533766569461-3823e8a83622-1-768x512.jpg https://www.gmbcreditunion.com/media/photo-1533766569461-3823e8a83622-1-1536x1024.jpg https://www.gmbcreditunion.com/media/photo-1533766569461-3823e8a83622-1-300x200.jpg https://www.gmbcreditunion.com/media/photo-1533766569461-3823e8a83622-1-1600x1067.jpg","yes","source/media/media/photo-1533766569461-3823e8a83622-1.jpg"
"https://www.gmbcreditunion.com/media/photo-1536010305525-f7aa0834e2c7-1-1200x800.jpg","200","image/jpeg","132299","1200","800","true","","","source/media/media/photo-1536010305525-f7aa0834e2c7-1-1200x800.jpg"
"https://www.gmbcreditunion.com/media/photo-1536010305525-f7aa0834e2c7-1-1536x1024.jpg","200","image/jpeg","205422","1536","1024","true","","","source/media/media/photo-1536010305525-f7aa0834e2c7-1-1536x1024.jpg"
"https://www.gmbcreditunion.com/media/photo-1536010305525-f7aa0834e2c7-1-1600x1067.jpg","200","image/jpeg","221388","1600","1067","true","","","source/media/media/photo-1536010305525-f7aa0834e2c7-1-1600x1067.jpg"
"https://www.gmbcreditunion.com/media/photo-1536010305525-f7aa0834e2c7-1-300x200.jpg","200","image/jpeg","14442","300","200","true","","","source/media/media/photo-1536010305525-f7aa0834e2c7-1-300x200.jpg"
"https://www.gmbcreditunion.com/media/photo-1536010305525-f7aa0834e2c7-1-600x400.jpg","200","","42003","600","400","true","","","source/media/media/photo-1536010305525-f7aa0834e2c7-1-600x400.jpg"
"https://www.gmbcreditunion.com/media/photo-1536010305525-f7aa0834e2c7-1-768x512.jpg","200","image/jpeg","62867","768","512","true","","","source/media/media/photo-1536010305525-f7aa0834e2c7-1-768x512.jpg"
"https://www.gmbcreditunion.com/media/photo-1536010305525-f7aa0834e2c7-1.jpg","200","image/jpeg","292625","1650","1100","true","https://www.gmbcreditunion.com/media/photo-1536010305525-f7aa0834e2c7-1-600x400.jpg https://www.gmbcreditunion.com/media/photo-1536010305525-f7aa0834e2c7-1-1200x800.jpg https://www.gmbcreditunion.com/media/photo-1536010305525-f7aa0834e2c7-1-768x512.jpg https://www.gmbcreditunion.com/media/photo-1536010305525-f7aa0834e2c7-1-1536x1024.jpg https://www.gmbcreditunion.com/media/photo-1536010305525-f7aa0834e2c7-1-300x200.jpg https://www.gmbcreditunion.com/media/photo-1536010305525-f7aa0834e2c7-1-1600x1067.jpg","yes","source/media/media/photo-1536010305525-f7aa0834e2c7-1.jpg"
"https://www.gmbcreditunion.com/media/photo-1554882065-a060942a33b1-1200x800.jpg","200","image/jpeg","71528","1200","800","true","","","source/media/media/photo-1554882065-a060942a33b1-1200x800.jpg"
"https://www.gmbcreditunion.com/media/photo-1554882065-a060942a33b1-1536x1024.jpg","200","image/jpeg","104570","1536","1024","true","","","source/media/media/photo-1554882065-a060942a33b1-1536x1024.jpg"
"https://www.gmbcreditunion.com/media/photo-1554882065-a060942a33b1-1600x1067.jpg","200","image/jpeg","112381","1600","1067","true","","","source/media/media/photo-1554882065-a060942a33b1-1600x1067.jpg"
"https://www.gmbcreditunion.com/media/photo-1554882065-a060942a33b1-300x200.jpg","200","image/jpeg","8835","300","200","true","","","source/media/media/photo-1554882065-a060942a33b1-300x200.jpg"
"https://www.gmbcreditunion.com/media/photo-1554882065-a060942a33b1-600x400.jpg","200","","25327","600","400","true","","","source/media/media/photo-1554882065-a060942a33b1-600x400.jpg"
"https://www.gmbcreditunion.com/media/photo-1554882065-a060942a33b1-768x512.jpg","200","image/jpeg","36998","768","512","true","","","source/media/media/photo-1554882065-a060942a33b1-768x512.jpg"
"https://www.gmbcreditunion.com/media/photo-1554882065-a060942a33b1.jpg","200","image/jpeg","132197","1650","1100","true","https://www.gmbcreditunion.com/media/photo-1554882065-a060942a33b1-600x400.jpg https://www.gmbcreditunion.com/media/photo-1554882065-a060942a33b1-1200x800.jpg https://www.gmbcreditunion.com/media/photo-1554882065-a060942a33b1-768x512.jpg https://www.gmbcreditunion.com/media/photo-1554882065-a060942a33b1-1536x1024.jpg https://www.gmbcreditunion.com/media/photo-1554882065-a060942a33b1-300x200.jpg https://www.gmbcreditunion.com/media/photo-1554882065-a060942a33b1-1600x1067.jpg","yes","source/media/media/photo-1554882065-a060942a33b1.jpg"
"https://www.gmbcreditunion.com/media/photo-1561151601-bb54e16770db-1200x800.jpg","200","image/jpeg","167428","1200","800","true","","","source/media/media/photo-1561151601-bb54e16770db-1200x800.jpg"
"https://www.gmbcreditunion.com/media/photo-1561151601-bb54e16770db-1536x1024.jpg","200","image/jpeg","242808","1536","1024","true","","","source/media/media/photo-1561151601-bb54e16770db-1536x1024.jpg"
"https://www.gmbcreditunion.com/media/photo-1561151601-bb54e16770db-1600x1067.jpg","200","image/jpeg","259036","1600","1067","true","","","source/media/media/photo-1561151601-bb54e16770db-1600x1067.jpg"
"https://www.gmbcreditunion.com/media/photo-1561151601-bb54e16770db-300x200.jpg","200","image/jpeg","20019","300","200","true","","","source/media/media/photo-1561151601-bb54e16770db-300x200.jpg"
"https://www.gmbcreditunion.com/media/photo-1561151601-bb54e16770db-600x400.jpg","200","","59255","600","400","true","","","source/media/media/photo-1561151601-bb54e16770db-600x400.jpg"
"https://www.gmbcreditunion.com/media/photo-1561151601-bb54e16770db-768x512.jpg","200","image/jpeg","86610","768","512","true","","","source/media/media/photo-1561151601-bb54e16770db-768x512.jpg"
"https://www.gmbcreditunion.com/media/photo-1561151601-bb54e16770db.jpg","200","image/jpeg","324824","1650","1100","true","https://www.gmbcreditunion.com/media/photo-1561151601-bb54e16770db-600x400.jpg https://www.gmbcreditunion.com/media/photo-1561151601-bb54e16770db-1200x800.jpg https://www.gmbcreditunion.com/media/photo-1561151601-bb54e16770db-768x512.jpg https://www.gmbcreditunion.com/media/photo-1561151601-bb54e16770db-1536x1024.jpg https://www.gmbcreditunion.com/media/photo-1561151601-bb54e16770db-300x200.jpg https://www.gmbcreditunion.com/media/photo-1561151601-bb54e16770db-1600x1067.jpg","yes","source/media/media/photo-1561151601-bb54e16770db.jpg"
"https://www.gmbcreditunion.com/media/photo-1569744068983-6dfc2f27deb8_0-1200x675.jpg","200","image/jpeg","53950","1200","675","true","","","source/media/media/photo-1569744068983-6dfc2f27deb8_0-1200x675.jpg"
"https://www.gmbcreditunion.com/media/photo-1569744068983-6dfc2f27deb8_0-1536x864.jpg","200","image/jpeg","80566","1536","864","true","","","source/media/media/photo-1569744068983-6dfc2f27deb8_0-1536x864.jpg"
"https://www.gmbcreditunion.com/media/photo-1569744068983-6dfc2f27deb8_0-1600x900.jpg","200","image/jpeg","86545","1600","900","true","","","source/media/media/photo-1569744068983-6dfc2f27deb8_0-1600x900.jpg"
"https://www.gmbcreditunion.com/media/photo-1569744068983-6dfc2f27deb8_0-2048x1152.jpg","200","image/jpeg","130402","2048","1152","true","","","source/media/media/photo-1569744068983-6dfc2f27deb8_0-2048x1152.jpg"
"https://www.gmbcreditunion.com/media/photo-1569744068983-6dfc2f27deb8_0-300x169.jpg","200","image/jpeg","6813","300","169","true","","","source/media/media/photo-1569744068983-6dfc2f27deb8_0-300x169.jpg"
"https://www.gmbcreditunion.com/media/photo-1569744068983-6dfc2f27deb8_0-600x337.jpg","200","","18664","600","337","true","","","source/media/media/photo-1569744068983-6dfc2f27deb8_0-600x337.jpg"
"https://www.gmbcreditunion.com/media/photo-1569744068983-6dfc2f27deb8_0-768x432.jpg","200","image/jpeg","26378","768","432","true","","","source/media/media/photo-1569744068983-6dfc2f27deb8_0-768x432.jpg"
"https://www.gmbcreditunion.com/media/photo-1569744068983-6dfc2f27deb8_0.jpg","200","image/jpeg","232100","2689","1512","true","https://www.gmbcreditunion.com/media/photo-1569744068983-6dfc2f27deb8_0-600x337.jpg https://www.gmbcreditunion.com/media/photo-1569744068983-6dfc2f27deb8_0-1200x675.jpg https://www.gmbcreditunion.com/media/photo-1569744068983-6dfc2f27deb8_0-768x432.jpg https://www.gmbcreditunion.com/media/photo-1569744068983-6dfc2f27deb8_0-1536x864.jpg https://www.gmbcreditunion.com/media/photo-1569744068983-6dfc2f27deb8_0-2048x1152.jpg https://www.gmbcreditunion.com/media/photo-1569744068983-6dfc2f27deb8_0-300x169.jpg https://www.gmbcreditunion.com/media/photo-1569744068983-6dfc2f27deb8_0-1600x900.jpg","yes","source/media/media/photo-1569744068983-6dfc2f27deb8_0.jpg"
"https://www.gmbcreditunion.com/media/photo-1574279606130-09958dc756f7-1-150x150.jpg","200","image/jpeg","5087","150","150","true","","","source/media/media/photo-1574279606130-09958dc756f7-1-150x150.jpg"
"https://www.gmbcreditunion.com/media/photo-1574279606130-09958dc756f7-1-200x200.jpg","200","image/jpeg","7609","200","200","true","","","source/media/media/photo-1574279606130-09958dc756f7-1-200x200.jpg"
"https://www.gmbcreditunion.com/media/photo-1574279606130-09958dc756f7-1-600x600.jpg","200","","39697","600","600","true","","","source/media/media/photo-1574279606130-09958dc756f7-1-600x600.jpg"
"https://www.gmbcreditunion.com/media/photo-1574279606130-09958dc756f7-1-768x768.jpg","200","image/jpeg","58087","768","768","true","","","source/media/media/photo-1574279606130-09958dc756f7-1-768x768.jpg"
"https://www.gmbcreditunion.com/media/photo-1574279606130-09958dc756f7-1.jpg","200","image/jpeg","130227","1100","1100","true","https://www.gmbcreditunion.com/media/photo-1574279606130-09958dc756f7-1-600x600.jpg https://www.gmbcreditunion.com/media/photo-1574279606130-09958dc756f7-1-150x150.jpg https://www.gmbcreditunion.com/media/photo-1574279606130-09958dc756f7-1-768x768.jpg https://www.gmbcreditunion.com/media/photo-1574279606130-09958dc756f7-1-200x200.jpg","yes","source/media/media/photo-1574279606130-09958dc756f7-1.jpg"
"https://www.gmbcreditunion.com/media/photo-1580377968103-84cadc052dc7-1200x800.jpg","200","image/jpeg","89606","1200","800","true","","","source/media/media/photo-1580377968103-84cadc052dc7-1200x800.jpg"
"https://www.gmbcreditunion.com/media/photo-1580377968103-84cadc052dc7-1536x1024.jpg","200","image/jpeg","131186","1536","1024","true","","","source/media/media/photo-1580377968103-84cadc052dc7-1536x1024.jpg"
"https://www.gmbcreditunion.com/media/photo-1580377968103-84cadc052dc7-1600x1067.jpg","200","image/jpeg","140224","1600","1067","true","","","source/media/media/photo-1580377968103-84cadc052dc7-1600x1067.jpg"
"https://www.gmbcreditunion.com/media/photo-1580377968103-84cadc052dc7-300x200.jpg","200","image/jpeg","11289","300","200","true","","","source/media/media/photo-1580377968103-84cadc052dc7-300x200.jpg"
"https://www.gmbcreditunion.com/media/photo-1580377968103-84cadc052dc7-600x400.jpg","200","","31681","600","400","true","","","source/media/media/photo-1580377968103-84cadc052dc7-600x400.jpg"
"https://www.gmbcreditunion.com/media/photo-1580377968103-84cadc052dc7-768x512.jpg","200","image/jpeg","45854","768","512","true","","","source/media/media/photo-1580377968103-84cadc052dc7-768x512.jpg"
"https://www.gmbcreditunion.com/media/photo-1580377968103-84cadc052dc7.jpg","200","image/jpeg","179077","1650","1100","true","https://www.gmbcreditunion.com/media/photo-1580377968103-84cadc052dc7-600x400.jpg https://www.gmbcreditunion.com/media/photo-1580377968103-84cadc052dc7-1200x800.jpg https://www.gmbcreditunion.com/media/photo-1580377968103-84cadc052dc7-768x512.jpg https://www.gmbcreditunion.com/media/photo-1580377968103-84cadc052dc7-1536x1024.jpg https://www.gmbcreditunion.com/media/photo-1580377968103-84cadc052dc7-300x200.jpg https://www.gmbcreditunion.com/media/photo-1580377968103-84cadc052dc7-1600x1067.jpg","yes","source/media/media/photo-1580377968103-84cadc052dc7.jpg"
"https://www.gmbcreditunion.com/media/photo-1586195831465-e769c717f1e1-1200x800.jpg","200","image/jpeg","94583","1200","800","true","","","source/media/media/photo-1586195831465-e769c717f1e1-1200x800.jpg"
"https://www.gmbcreditunion.com/media/photo-1586195831465-e769c717f1e1-1536x1024.jpg","200","image/jpeg","137234","1536","1024","true","","","source/media/media/photo-1586195831465-e769c717f1e1-1536x1024.jpg"
"https://www.gmbcreditunion.com/media/photo-1586195831465-e769c717f1e1-1600x1067.jpg","200","image/jpeg","145112","1600","1067","true","","","source/media/media/photo-1586195831465-e769c717f1e1-1600x1067.jpg"
"https://www.gmbcreditunion.com/media/photo-1586195831465-e769c717f1e1-300x200.jpg","200","image/jpeg","12943","300","200","true","","","source/media/media/photo-1586195831465-e769c717f1e1-300x200.jpg"
"https://www.gmbcreditunion.com/media/photo-1586195831465-e769c717f1e1-600x400.jpg","200","","35266","600","400","true","","","source/media/media/photo-1586195831465-e769c717f1e1-600x400.jpg"
"https://www.gmbcreditunion.com/media/photo-1586195831465-e769c717f1e1-768x512.jpg","200","image/jpeg","50548","768","512","true","","","source/media/media/photo-1586195831465-e769c717f1e1-768x512.jpg"
"https://www.gmbcreditunion.com/media/photo-1586195831465-e769c717f1e1.jpg","200","image/jpeg","185043","1650","1100","true","https://www.gmbcreditunion.com/media/photo-1586195831465-e769c717f1e1-600x400.jpg https://www.gmbcreditunion.com/media/photo-1586195831465-e769c717f1e1-1200x800.jpg https://www.gmbcreditunion.com/media/photo-1586195831465-e769c717f1e1-768x512.jpg https://www.gmbcreditunion.com/media/photo-1586195831465-e769c717f1e1-1536x1024.jpg https://www.gmbcreditunion.com/media/photo-1586195831465-e769c717f1e1-300x200.jpg https://www.gmbcreditunion.com/media/photo-1586195831465-e769c717f1e1-1600x1067.jpg","yes","source/media/media/photo-1586195831465-e769c717f1e1.jpg"
"https://www.gmbcreditunion.com/media/privacy.png","200","","42942","1564","1000","true","","yes","source/media/media/privacy.png"
"https://www.gmbcreditunion.com/media/prize-300x200.jpg","200","image/jpeg","16384","300","200","true","","","source/media/media/prize-300x200.jpg"
"https://www.gmbcreditunion.com/media/prize-600x400.jpg","200","","43048","600","400","true","","","source/media/media/prize-600x400.jpg"
"https://www.gmbcreditunion.com/media/prize.jpg","200","image/jpeg","44835","612","408","true","https://www.gmbcreditunion.com/media/prize-600x400.jpg https://www.gmbcreditunion.com/media/prize-300x200.jpg","yes","source/media/media/prize.jpg"
"https://www.gmbcreditunion.com/media/pum/pum-site-scripts.js","200","text/javascript","62590","","","true","","yes","source/media/media/pum/pum-site-scripts.js"
"https://www.gmbcreditunion.com/media/pum/pum-site-styles.css","200","text/css","18841","","","true","","yes","source/media/media/pum/pum-site-styles.css"
"https://www.gmbcreditunion.com/media/resources-blog.png","200","","705283","1564","1000","true","","yes","source/media/media/resources-blog.png"
"https://www.gmbcreditunion.com/media/resources-col.png","200","","896931","1564","1008","true","","yes","source/media/media/resources-col.png"
"https://www.gmbcreditunion.com/media/resources-helper.png","200","","1438811","1582","1036","true","","yes","source/media/media/resources-helper.png"
"https://www.gmbcreditunion.com/media/resources.png","200","","1376442","1564","1032","true","","yes","source/media/media/resources.png"
"https://www.gmbcreditunion.com/media/robert-collins-tvc5imO5pXk-unsplash-1200x831.jpg","200","image/jpeg","227710","1200","831","true","","","source/media/media/robert-collins-tvc5imO5pXk-unsplash-1200x831.jpg"
"https://www.gmbcreditunion.com/media/robert-collins-tvc5imO5pXk-unsplash-1536x1063.jpg","200","image/jpeg","344592","1536","1063","true","","","source/media/media/robert-collins-tvc5imO5pXk-unsplash-1536x1063.jpg"
"https://www.gmbcreditunion.com/media/robert-collins-tvc5imO5pXk-unsplash-1600x1108.jpg","200","image/jpeg","370149","1600","1108","true","","","source/media/media/robert-collins-tvc5imO5pXk-unsplash-1600x1108.jpg"
"https://www.gmbcreditunion.com/media/robert-collins-tvc5imO5pXk-unsplash-2048x1418.jpg","200","image/jpeg","557268","2048","1418","true","","","source/media/media/robert-collins-tvc5imO5pXk-unsplash-2048x1418.jpg"
"https://www.gmbcreditunion.com/media/robert-collins-tvc5imO5pXk-unsplash-289x200.jpg","200","image/jpeg","17547","289","200","true","","","source/media/media/robert-collins-tvc5imO5pXk-unsplash-289x200.jpg"
"https://www.gmbcreditunion.com/media/robert-collins-tvc5imO5pXk-unsplash-600x415.jpg","200","","67466","600","415","true","","","source/media/media/robert-collins-tvc5imO5pXk-unsplash-600x415.jpg"
"https://www.gmbcreditunion.com/media/robert-collins-tvc5imO5pXk-unsplash-768x532.jpg","200","image/jpeg","106078","768","532","true","","","source/media/media/robert-collins-tvc5imO5pXk-unsplash-768x532.jpg"
"https://www.gmbcreditunion.com/media/robert-collins-tvc5imO5pXk-unsplash.jpg","200","image/jpeg","2987079","5000","3461","true","https://www.gmbcreditunion.com/media/robert-collins-tvc5imO5pXk-unsplash-600x415.jpg https://www.gmbcreditunion.com/media/robert-collins-tvc5imO5pXk-unsplash-1200x831.jpg https://www.gmbcreditunion.com/media/robert-collins-tvc5imO5pXk-unsplash-768x532.jpg https://www.gmbcreditunion.com/media/robert-collins-tvc5imO5pXk-unsplash-1536x1063.jpg https://www.gmbcreditunion.com/media/robert-collins-tvc5imO5pXk-unsplash-2048x1418.jpg https://www.gmbcreditunion.com/media/robert-collins-tvc5imO5pXk-unsplash-289x200.jpg https://www.gmbcreditunion.com/media/robert-collins-tvc5imO5pXk-unsplash-1600x1108.jpg","yes","source/media/media/robert-collins-tvc5imO5pXk-unsplash.jpg"
"https://www.gmbcreditunion.com/media/simon-abrams-k_T9Zj3SE8k-unsplash-1200x800.jpg","200","image/jpeg","97902","1200","800","true","","","source/media/media/simon-abrams-k_T9Zj3SE8k-unsplash-1200x800.jpg"
"https://www.gmbcreditunion.com/media/simon-abrams-k_T9Zj3SE8k-unsplash-1536x1024.jpg","200","image/jpeg","171523","1536","1024","true","","","source/media/media/simon-abrams-k_T9Zj3SE8k-unsplash-1536x1024.jpg"
"https://www.gmbcreditunion.com/media/simon-abrams-k_T9Zj3SE8k-unsplash-1600x1067.jpg","200","image/jpeg","189079","1600","1067","true","","","source/media/media/simon-abrams-k_T9Zj3SE8k-unsplash-1600x1067.jpg"
"https://www.gmbcreditunion.com/media/simon-abrams-k_T9Zj3SE8k-unsplash-2048x1365.jpg","200","image/jpeg","329874","2048","1365","true","","","source/media/media/simon-abrams-k_T9Zj3SE8k-unsplash-2048x1365.jpg"
"https://www.gmbcreditunion.com/media/simon-abrams-k_T9Zj3SE8k-unsplash-300x200.jpg","200","image/jpeg","8681","300","200","true","","","source/media/media/simon-abrams-k_T9Zj3SE8k-unsplash-300x200.jpg"
"https://www.gmbcreditunion.com/media/simon-abrams-k_T9Zj3SE8k-unsplash-600x400.jpg","200","","24397","600","400","true","","","source/media/media/simon-abrams-k_T9Zj3SE8k-unsplash-600x400.jpg"
"https://www.gmbcreditunion.com/media/simon-abrams-k_T9Zj3SE8k-unsplash-768x512.jpg","200","image/jpeg","38028","768","512","true","","","source/media/media/simon-abrams-k_T9Zj3SE8k-unsplash-768x512.jpg"
"https://www.gmbcreditunion.com/media/simon-abrams-k_T9Zj3SE8k-unsplash.jpg","200","image/jpeg","2143976","4430","2953","true","https://www.gmbcreditunion.com/media/simon-abrams-k_T9Zj3SE8k-unsplash-600x400.jpg https://www.gmbcreditunion.com/media/simon-abrams-k_T9Zj3SE8k-unsplash-1200x800.jpg https://www.gmbcreditunion.com/media/simon-abrams-k_T9Zj3SE8k-unsplash-768x512.jpg https://www.gmbcreditunion.com/media/simon-abrams-k_T9Zj3SE8k-unsplash-1536x1024.jpg https://www.gmbcreditunion.com/media/simon-abrams-k_T9Zj3SE8k-unsplash-2048x1365.jpg https://www.gmbcreditunion.com/media/simon-abrams-k_T9Zj3SE8k-unsplash-300x200.jpg https://www.gmbcreditunion.com/media/simon-abrams-k_T9Zj3SE8k-unsplash-1600x1067.jpg","yes","source/media/media/simon-abrams-k_T9Zj3SE8k-unsplash.jpg"
"https://www.gmbcreditunion.com/media/tick-icon.png","200","","11310","118","126","true","","yes","source/media/media/tick-icon.png"
"https://www.gmbcreditunion.com/media/towfiqu-barbhuiya-0ITvgXAU5Oo-unsplash-1200x801.jpg","200","image/jpeg","67736","1200","801","true","","","source/media/media/towfiqu-barbhuiya-0ITvgXAU5Oo-unsplash-1200x801.jpg"
"https://www.gmbcreditunion.com/media/towfiqu-barbhuiya-0ITvgXAU5Oo-unsplash-1536x1025.jpg","200","image/jpeg","99808","1536","1025","true","","","source/media/media/towfiqu-barbhuiya-0ITvgXAU5Oo-unsplash-1536x1025.jpg"
"https://www.gmbcreditunion.com/media/towfiqu-barbhuiya-0ITvgXAU5Oo-unsplash-1600x1068.jpg","200","image/jpeg","106189","1600","1068","true","","","source/media/media/towfiqu-barbhuiya-0ITvgXAU5Oo-unsplash-1600x1068.jpg"
"https://www.gmbcreditunion.com/media/towfiqu-barbhuiya-0ITvgXAU5Oo-unsplash-2048x1367.jpg","200","image/jpeg","157933","2048","1367","true","","","source/media/media/towfiqu-barbhuiya-0ITvgXAU5Oo-unsplash-2048x1367.jpg"
"https://www.gmbcreditunion.com/media/towfiqu-barbhuiya-0ITvgXAU5Oo-unsplash-300x200.jpg","200","image/jpeg","8558","300","200","true","","","source/media/media/towfiqu-barbhuiya-0ITvgXAU5Oo-unsplash-300x200.jpg"
"https://www.gmbcreditunion.com/media/towfiqu-barbhuiya-0ITvgXAU5Oo-unsplash-600x400.jpg","200","","23089","600","400","true","","","source/media/media/towfiqu-barbhuiya-0ITvgXAU5Oo-unsplash-600x400.jpg"
"https://www.gmbcreditunion.com/media/towfiqu-barbhuiya-0ITvgXAU5Oo-unsplash-768x512.jpg","200","image/jpeg","33489","768","512","true","","","source/media/media/towfiqu-barbhuiya-0ITvgXAU5Oo-unsplash-768x512.jpg"
"https://www.gmbcreditunion.com/media/towfiqu-barbhuiya-0ITvgXAU5Oo-unsplash.jpg","200","image/jpeg","696560","4592","3064","true","https://www.gmbcreditunion.com/media/towfiqu-barbhuiya-0ITvgXAU5Oo-unsplash-600x400.jpg https://www.gmbcreditunion.com/media/towfiqu-barbhuiya-0ITvgXAU5Oo-unsplash-1200x801.jpg https://www.gmbcreditunion.com/media/towfiqu-barbhuiya-0ITvgXAU5Oo-unsplash-768x512.jpg https://www.gmbcreditunion.com/media/towfiqu-barbhuiya-0ITvgXAU5Oo-unsplash-1536x1025.jpg https://www.gmbcreditunion.com/media/towfiqu-barbhuiya-0ITvgXAU5Oo-unsplash-2048x1367.jpg https://www.gmbcreditunion.com/media/towfiqu-barbhuiya-0ITvgXAU5Oo-unsplash-300x200.jpg https://www.gmbcreditunion.com/media/towfiqu-barbhuiya-0ITvgXAU5Oo-unsplash-1600x1068.jpg","yes","source/media/media/towfiqu-barbhuiya-0ITvgXAU5Oo-unsplash.jpg"
"https://www.gmbcreditunion.com/media/wages-300x200.png","200","image/png","95908","300","200","true","","","source/media/media/wages-300x200.png"
"https://www.gmbcreditunion.com/media/wages.png","200","","238985","466","310","true","https://www.gmbcreditunion.com/media/wages-300x200.png","yes","source/media/media/wages.png"
"https://www.gmbcreditunion.com/media/webp-1200x800.webp","200","image/webp","149826","7936","3","true","","","source/media/media/webp-1200x800.webp"
"https://www.gmbcreditunion.com/media/webp-1536x1024.webp","200","image/webp","270810","16128","3","true","","","source/media/media/webp-1536x1024.webp"
"https://www.gmbcreditunion.com/media/webp-1600x1067.webp","200","image/webp","290724","10752","4","true","","","source/media/media/webp-1600x1067.webp"
"https://www.gmbcreditunion.com/media/webp-2048x1365.webp","200","image/webp","454308","5120","5","true","","","source/media/media/webp-2048x1365.webp"
"https://www.gmbcreditunion.com/media/webp-300x200.webp","200","image/webp","11642","1792","","true","","","source/media/media/webp-300x200.webp"
"https://www.gmbcreditunion.com/media/webp-600x400.webp","200","","40612","3840","1","true","","","source/media/media/webp-600x400.webp"
"https://www.gmbcreditunion.com/media/webp-768x512.webp","200","image/webp","65488","16128","1","true","","","source/media/media/webp-768x512.webp"
"https://www.gmbcreditunion.com/media/webp.webp","200","image/webp","567010","16128","6","true","https://www.gmbcreditunion.com/media/webp-600x400.webp https://www.gmbcreditunion.com/media/webp-1200x800.webp https://www.gmbcreditunion.com/media/webp-768x512.webp https://www.gmbcreditunion.com/media/webp-1536x1024.webp https://www.gmbcreditunion.com/media/webp-2048x1365.webp https://www.gmbcreditunion.com/media/webp-300x200.webp https://www.gmbcreditunion.com/media/webp-1600x1067.webp","yes","source/media/media/webp.webp"
"https://www.gmbcreditunion.com/media/wpcf7_captcha/1152469099.png","200","","1270","72","24","true","","yes","source/media/media/wpcf7_captcha/1152469099.png"
"https://www.gmbcreditunion.com/media/wpcf7_captcha/1619501616.png","404","text/html","","","","true","","",""
"https://www.gmbcreditunion.com/media/wpcf7_captcha/1955068080.png","200","","1208","72","24","true","","yes","source/media/media/wpcf7_captcha/1955068080.png"
"https://www.gmbcreditunion.com/media/wpcf7_captcha/2014987367.png","200","","1175","72","24","true","","yes","source/media/media/wpcf7_captcha/2014987367.png"
"https://www.gmbcreditunion.com/media/wpcf7_captcha/2163317838.png","200","","1080","72","24","true","","yes","source/media/media/wpcf7_captcha/2163317838.png"
"https://www.gmbcreditunion.com/media/wpcf7_captcha/3107924012.png","200","","918","72","24","true","","yes","source/media/media/wpcf7_captcha/3107924012.png"
"https://www.gmbcreditunion.com/media/wpcf7_captcha/336012686.png","404","text/html","","","","true","","",""
"https://www.gmbcreditunion.com/media/wpcf7_captcha/3934765357.png","200","","1163","72","24","true","","yes","source/media/media/wpcf7_captcha/3934765357.png"
"https://www.gmbcreditunion.com/media/wpcf7_captcha/4166381373.png","404","text/html","","","","true","","",""
"https://www.gmbcreditunion.com/media/wpcf7_captcha/696951364.png","200","","1219","72","24","true","","yes","source/media/media/wpcf7_captcha/696951364.png"
"https://www.gmbcreditunion.com/media/wpcf7_captcha/929213194.png","200","","1061","72","24","true","","yes","source/media/media/wpcf7_captcha/929213194.png"
"https://www.gmbcreditunion.com/media/wpcf7_captcha/932765361.png","200","","1004","72","24","true","","yes","source/media/media/wpcf7_captcha/932765361.png"
"https://www.gmbcreditunion.com/media/young-savers-2-girls-1200x675.png","200","","326790","1200","675","true","","","source/media/media/young-savers-2-girls-1200x675.png"
"https://www.gmbcreditunion.com/media/young-savers-2-girls-1536x864.png","200","image/png","540654","1536","864","true","","","source/media/media/young-savers-2-girls-1536x864.png"
"https://www.gmbcreditunion.com/media/young-savers-2-girls-1600x900.png","200","image/png","588289","1600","900","true","","","source/media/media/young-savers-2-girls-1600x900.png"
"https://www.gmbcreditunion.com/media/young-savers-2-girls-300x169.png","200","image/png","29689","300","169","true","","","source/media/media/young-savers-2-girls-300x169.png"
"https://www.gmbcreditunion.com/media/young-savers-2-girls-600x338.png","200","image/png","92781","600","338","true","","","source/media/media/young-savers-2-girls-600x338.png"
"https://www.gmbcreditunion.com/media/young-savers-2-girls-768x432.png","200","image/png","142313","768","432","true","","","source/media/media/young-savers-2-girls-768x432.png"
"https://www.gmbcreditunion.com/media/young-savers-2-girls.png","200","image/png","821506","1920","1080","true","https://www.gmbcreditunion.com/media/young-savers-2-girls-1200x675.png https://www.gmbcreditunion.com/media/young-savers-2-girls-600x338.png https://www.gmbcreditunion.com/media/young-savers-2-girls-768x432.png https://www.gmbcreditunion.com/media/young-savers-2-girls-1536x864.png https://www.gmbcreditunion.com/media/young-savers-2-girls-300x169.png https://www.gmbcreditunion.com/media/young-savers-2-girls-1600x900.png","yes","source/media/media/young-savers-2-girls.png"
"https://www.gmbcreditunion.com/thank-you-for-your-interest-agm-2026/","200","text/html","","","","true","","yes",""
"https://www.gmbcreditunion.com/the-gmbcu-member-hub-is-coming-in-june-2026/","200","text/html","","","","true","","yes",""
"https://www.gmbcreditunion.com/wp-content/plugins/contact-form-7/includes/css/styles.css","200","","2979","","","true","","yes","source/media/wp-content/plugins/contact-form-7/includes/css/styles.css"
"https://www.gmbcreditunion.com/wp-content/plugins/contact-form-7/includes/js/index.js","200","","13452","","","true","","yes","source/media/wp-content/plugins/contact-form-7/includes/js/index.js"
"https://www.gmbcreditunion.com/wp-content/plugins/contact-form-7/includes/swv/js/index.js","200","","12512","","","true","","yes","source/media/wp-content/plugins/contact-form-7/includes/swv/js/index.js"
"https://www.gmbcreditunion.com/wp-content/plugins/embed-lottie-player//public/js/dotlottie-player.js","200","","420860","","","true","","yes","source/media/wp-content/plugins/embed-lottie-player/public/js/dotlottie-player.js"
"https://www.gmbcreditunion.com/wp-content/plugins/embed-lottie-player/build/view.css","200","text/css","285","","","true","","yes","source/media/wp-content/plugins/embed-lottie-player/build/view.css"
"https://www.gmbcreditunion.com/wp-content/plugins/embed-lottie-player/build/view.js","200","","2773","","","true","","yes","source/media/wp-content/plugins/embed-lottie-player/build/view.js"
"https://www.gmbcreditunion.com/wp-content/plugins/embed-lottie-player/public/js/dotlottie-player.js","200","","420860","","","true","","yes","source/media/wp-content/plugins/embed-lottie-player/public/js/dotlottie-player.js"
"https://www.gmbcreditunion.com/wp-content/plugins/megamenu/js/maxmegamenu.js","200","","48333","","","true","","yes","source/media/wp-content/plugins/megamenu/js/maxmegamenu.js"
"https://www.gmbcreditunion.com/wp-content/themes/gmbcu/assets/fonts/MencaBold.woff","200","font/woff","28184","","","true","","yes","source/media/wp-content/themes/gmbcu/assets/fonts/MencaBold.woff"
"https://www.gmbcreditunion.com/wp-content/themes/gmbcu/assets/fonts/MencaBold.woff2","200","","27532","","","true","","yes","source/media/wp-content/themes/gmbcu/assets/fonts/MencaBold.woff2"
"https://www.gmbcreditunion.com/wp-content/themes/gmbcu/assets/fonts/MencaMedium.woff","200","font/woff","28084","","","true","","yes","source/media/wp-content/themes/gmbcu/assets/fonts/MencaMedium.woff"
"https://www.gmbcreditunion.com/wp-content/themes/gmbcu/assets/fonts/MencaMedium.woff2","200","","27268","","","true","","yes","source/media/wp-content/themes/gmbcu/assets/fonts/MencaMedium.woff2"
"https://www.gmbcreditunion.com/wp-content/themes/gmbcu/assets/fonts/fa-brands-400.ttf","200","font/ttf","189684","","","true","","yes","source/media/wp-content/themes/gmbcu/assets/fonts/fa-brands-400.ttf"
"https://www.gmbcreditunion.com/wp-content/themes/gmbcu/assets/fonts/fa-brands-400.woff2","200","","109808","","","true","","yes","source/media/wp-content/themes/gmbcu/assets/fonts/fa-brands-400.woff2"
"https://www.gmbcreditunion.com/wp-content/themes/gmbcu/assets/fonts/fa-regular-400.ttf","200","font/ttf","63348","","","true","","yes","source/media/wp-content/themes/gmbcu/assets/fonts/fa-regular-400.ttf"
"https://www.gmbcreditunion.com/wp-content/themes/gmbcu/assets/fonts/fa-regular-400.woff2","200","font/woff2","24488","","","true","","yes","source/media/wp-content/themes/gmbcu/assets/fonts/fa-regular-400.woff2"
"https://www.gmbcreditunion.com/wp-content/themes/gmbcu/assets/fonts/fa-solid-900.ttf","200","font/ttf","394668","","","true","","yes","source/media/wp-content/themes/gmbcu/assets/fonts/fa-solid-900.ttf"
"https://www.gmbcreditunion.com/wp-content/themes/gmbcu/assets/fonts/fa-solid-900.woff2","200","","150020","","","true","","yes","source/media/wp-content/themes/gmbcu/assets/fonts/fa-solid-900.woff2"
"https://www.gmbcreditunion.com/wp-content/themes/gmbcu/assets/images/footer-logo.png","200","","6805","284","186","true","","yes","source/media/wp-content/themes/gmbcu/assets/images/footer-logo.png"
"https://www.gmbcreditunion.com/wp-content/themes/gmbcu/assets/images/fscs.svg","200","","7408","","","true","","yes","source/media/wp-content/themes/gmbcu/assets/images/fscs.svg"
"https://www.gmbcreditunion.com/wp-content/themes/gmbcu/assets/images/logo.png","200","","12218","180","118","true","","yes","source/media/wp-content/themes/gmbcu/assets/images/logo.png"
"https://www.gmbcreditunion.com/wp-content/themes/gmbcu/assets/images/underline.svg","200","","575","","","true","","yes","source/media/wp-content/themes/gmbcu/assets/images/underline.svg"
"https://www.gmbcreditunion.com/wp-content/themes/gmbcu/assets/js/app.js","200","","7371","","","true","","yes","source/media/wp-content/themes/gmbcu/assets/js/app.js"
"https://www.gmbcreditunion.com/wp-content/themes/gmbcu/assets/js/responsive-embeds.js","200","","1127","","","true","","yes","source/media/wp-content/themes/gmbcu/assets/js/responsive-embeds.js"
"https://www.gmbcreditunion.com/wp-content/themes/gmbcu/assets/js/vendor/featherlight/featherlight.gallery.min.js","200","","3550","","","true","","yes","source/media/wp-content/themes/gmbcu/assets/js/vendor/featherlight/featherlight.gallery.min.js"
"https://www.gmbcreditunion.com/wp-content/themes/gmbcu/assets/js/vendor/featherlight/featherlight.min.js","200","","9468","","","true","","yes","source/media/wp-content/themes/gmbcu/assets/js/vendor/featherlight/featherlight.min.js"
"https://www.gmbcreditunion.com/wp-content/themes/gmbcu/assets/js/vendor/slick/slick.min.js","200","","42863","","","true","","yes","source/media/wp-content/themes/gmbcu/assets/js/vendor/slick/slick.min.js"
"https://www.gmbcreditunion.com/wp-content/themes/gmbcu/assets/scss/site.min.css","200","","173351","","","true","","yes","source/media/wp-content/themes/gmbcu/assets/scss/site.min.css"
"https://www.gmbcreditunion.com/wp-includes/blocks/columns/style.min.css","200","text/css","1584","","","true","","yes","source/media/wp-includes/blocks/columns/style.min.css"
"https://www.gmbcreditunion.com/wp-includes/blocks/group/style.min.css","200","text/css","117","","","true","","yes","source/media/wp-includes/blocks/group/style.min.css"
"https://www.gmbcreditunion.com/wp-includes/blocks/heading/style.min.css","200","text/css","1165","","","true","","yes","source/media/wp-includes/blocks/heading/style.min.css"
"https://www.gmbcreditunion.com/wp-includes/blocks/image/style.min.css","200","text/css","8811","","","true","","yes","source/media/wp-includes/blocks/image/style.min.css"
"https://www.gmbcreditunion.com/wp-includes/blocks/list/style.min.css","200","text/css","95","","","true","","yes","source/media/wp-includes/blocks/list/style.min.css"
"https://www.gmbcreditunion.com/wp-includes/blocks/paragraph/style.min.css","200","text/css","655","","","true","","yes","source/media/wp-includes/blocks/paragraph/style.min.css"
"https://www.gmbcreditunion.com/wp-includes/blocks/spacer/style.min.css","200","text/css","28","","","true","","yes","source/media/wp-includes/blocks/spacer/style.min.css"
"https://www.gmbcreditunion.com/wp-includes/css/dashicons.min.css","200","","59004","","","true","","yes","source/media/wp-includes/css/dashicons.min.css"
"https://www.gmbcreditunion.com/wp-includes/fonts/dashicons.eot","200","application/vnd.ms-fontobject","56564","","","true","","yes","source/media/wp-includes/fonts/dashicons.eot"
"https://www.gmbcreditunion.com/wp-includes/fonts/dashicons.ttf","200","font/ttf","56392","","","true","","yes","source/media/wp-includes/fonts/dashicons.ttf"
"https://www.gmbcreditunion.com/wp-includes/js/dist/hooks.min.js","200","","5107","","","true","","yes","source/media/wp-includes/js/dist/hooks.min.js"
"https://www.gmbcreditunion.com/wp-includes/js/dist/i18n.min.js","200","","5791","","","true","","yes","source/media/wp-includes/js/dist/i18n.min.js"
"https://www.gmbcreditunion.com/wp-includes/js/dist/vendor/react-dom.min.js","200","","131835","","","true","","yes","source/media/wp-includes/js/dist/vendor/react-dom.min.js"
"https://www.gmbcreditunion.com/wp-includes/js/dist/vendor/react.min.js","200","","10751","","","true","","yes","source/media/wp-includes/js/dist/vendor/react.min.js"
"https://www.gmbcreditunion.com/wp-includes/js/hoverIntent.min.js","200","","1499","","","true","","yes","source/media/wp-includes/js/hoverIntent.min.js"
"https://www.gmbcreditunion.com/wp-includes/js/jquery/jquery-migrate.min.js","200","","13577","","","true","","yes","source/media/wp-includes/js/jquery/jquery-migrate.min.js"
"https://www.gmbcreditunion.com/wp-includes/js/jquery/jquery.min.js","200","","87553","","","true","","yes","source/media/wp-includes/js/jquery/jquery.min.js"
"https://www.gmbcreditunion.com/wp-includes/js/underscore.min.js","200","","19012","","","true","","yes","source/media/wp-includes/js/underscore.min.js"
"https://www.gmbcreditunion.com/wp-includes/js/wp-util.min.js","200","","1431","","","true","","yes","source/media/wp-includes/js/wp-util.min.js"