width,page,before_h,after_h,diff_pct,status,diff_image
1440,10-ways-improve-your-credit-score.png,3593,3642,2.83,CHANGED,audit/screenshots/diff/1440/10-ways-improve-your-credit-score.png
1440,2023-agm-summary.png,2235,2111,16.74,CHANGED,audit/screenshots/diff/1440/2023-agm-summary.png
1440,2024-agm-summary.png,2235,2111,16.78,CHANGED,audit/screenshots/diff/1440/2024-agm-summary.png
1440,2025-agm-summary.png,2023,2182,12.73,CHANGED,audit/screenshots/diff/1440/2025-agm-summary.png
1440,2026-agm-summary.png,2023,2182,12.74,CHANGED,audit/screenshots/diff/1440/2026-agm-summary.png
1440,7-ways-to-save-money-over-the-summer-holidays.png,4120,4379,19.79,CHANGED,audit/screenshots/diff/1440/7-ways-to-save-money-over-the-summer-holidays.png
1440,__q__page_0.png,4676,4687,16.85,CHANGED,audit/screenshots/diff/1440/__q__page_0.png
1440,__q__s_test.png,900,4687,40.01,CHANGED,audit/screenshots/diff/1440/__q__s_test.png
1440,about-us.png,2968,2967,14.89,CHANGED,audit/screenshots/diff/1440/about-us.png
1440,alternatives-short-term-credit.png,2655,2602,10.91,CHANGED,audit/screenshots/diff/1440/alternatives-short-term-credit.png
1440,annual-general-meeting-2024.png,3290,3203,13.56,CHANGED,audit/screenshots/diff/1440/annual-general-meeting-2024.png
1440,annual-general-meeting-2025.png,3403,3315,17.20,CHANGED,audit/screenshots/diff/1440/annual-general-meeting-2025.png
1440,annual-general-meeting-2026.png,3675,3287,32.82,CHANGED,audit/screenshots/diff/1440/annual-general-meeting-2026.png
1440,avoid-loan-sharks-and-stay-smart-with-your-money.png,3815,5279,32.51,CHANGED,audit/screenshots/diff/1440/avoid-loan-sharks-and-stay-smart-with-your-money.png
1440,become-a-credit-union-advocate.png,1779,1706,15.02,CHANGED,audit/screenshots/diff/1440/become-a-credit-union-advocate.png
1440,cash-flow-king.png,3396,3272,13.11,CHANGED,audit/screenshots/diff/1440/cash-flow-king.png
1440,category__uncategorised.png,2230,2341,12.70,CHANGED,audit/screenshots/diff/1440/category__uncategorised.png
1440,category__uncategorised__page__2.png,2230,2341,13.11,CHANGED,audit/screenshots/diff/1440/category__uncategorised__page__2.png
1440,category__uncategorised__page__3.png,2230,2362,14.04,CHANGED,audit/screenshots/diff/1440/category__uncategorised__page__3.png
1440,category__uncategorised__page__4.png,2230,2320,7.84,CHANGED,audit/screenshots/diff/1440/category__uncategorised__page__4.png
1440,category__uncategorised__page__5.png,2230,2320,15.13,CHANGED,audit/screenshots/diff/1440/category__uncategorised__page__5.png
1440,category__uncategorised__page__6.png,2230,2341,18.98,CHANGED,audit/screenshots/diff/1440/category__uncategorised__page__6.png
1440,category__uncategorised__page__7.png,2230,2362,20.51,CHANGED,audit/screenshots/diff/1440/category__uncategorised__page__7.png
1440,category__uncategorised__page__8.png,2230,2320,16.67,CHANGED,audit/screenshots/diff/1440/category__uncategorised__page__8.png
1440,celebrating-25-years-of-gmbcu.png,3599,4313,32.18,CHANGED,audit/screenshots/diff/1440/celebrating-25-years-of-gmbcu.png
1440,celebrating-two-years-members-prize-draw.png,4995,4424,18.43,CHANGED,audit/screenshots/diff/1440/celebrating-two-years-members-prize-draw.png
1440,childrens-financial-education.png,3865,3579,19.20,CHANGED,audit/screenshots/diff/1440/childrens-financial-education.png
1440,complaints.png,2307,2397,6.53,CHANGED,audit/screenshots/diff/1440/complaints.png
1440,consolidation-loans-plan-brighter-financial-future.png,3691,3491,15.82,CHANGED,audit/screenshots/diff/1440/consolidation-loans-plan-brighter-financial-future.png
1440,contact-us.png,2519,2444,17.12,CHANGED,audit/screenshots/diff/1440/contact-us.png
1440,contact-us____q__conesso_link_tag_ebd837df0_utm_campaign_Jan_2B26_2BNewsletter_utm_medium_email_utm_source_Conesso.png,2519,2444,17.12,CHANGED,audit/screenshots/diff/1440/contact-us____q__conesso_link_tag_ebd837df0_utm_campaign_Jan_2B26_2BNewsletter_utm_medium_email_utm_source_Conesso.png
1440,cost-of-living.png,6028,6108,22.56,CHANGED,audit/screenshots/diff/1440/cost-of-living.png
1440,creating-good-money-habits-save-as-you-borrow.png,1835,2385,43.01,CHANGED,audit/screenshots/diff/1440/creating-good-money-habits-save-as-you-borrow.png
1440,credit-crisis-real-impact-short-term-credit.png,3103,2999,13.38,CHANGED,audit/screenshots/diff/1440/credit-crisis-real-impact-short-term-credit.png
1440,dealing-coronavirus.png,1442,1460,8.15,CHANGED,audit/screenshots/diff/1440/dealing-coronavirus.png
1440,directors-area.png,975,4687,42.16,CHANGED,audit/screenshots/diff/1440/directors-area.png
1440,directors-area__annual-audited-accounts.png,975,4687,42.16,CHANGED,audit/screenshots/diff/1440/directors-area__annual-audited-accounts.png
1440,directors-area__annual-report.png,975,4687,42.16,CHANGED,audit/screenshots/diff/1440/directors-area__annual-report.png
1440,directors-area__board-minutes.png,975,4687,42.16,CHANGED,audit/screenshots/diff/1440/directors-area__board-minutes.png
1440,directors-area__budget.png,975,4687,42.16,CHANGED,audit/screenshots/diff/1440/directors-area__budget.png
1440,directors-area__business-plan.png,975,4687,42.22,CHANGED,audit/screenshots/diff/1440/directors-area__business-plan.png
1440,directors-area__business-policies.png,975,4687,42.22,CHANGED,audit/screenshots/diff/1440/directors-area__business-policies.png
1440,directors-area__employee-policies.png,975,4687,42.16,CHANGED,audit/screenshots/diff/1440/directors-area__employee-policies.png
1440,directors-area__governance.png,975,4687,42.16,CHANGED,audit/screenshots/diff/1440/directors-area__governance.png
1440,directors-area__policies.png,975,4687,42.16,CHANGED,audit/screenshots/diff/1440/directors-area__policies.png
1440,faqs.png,8767,8767,19.47,CHANGED,audit/screenshots/diff/1440/faqs.png
1440,feel-positive-about-saving-and-borrowing.png,3133,3045,12.14,CHANGED,audit/screenshots/diff/1440/feel-positive-about-saving-and-borrowing.png
1440,file__13th-july-2022.png,1055,900,75.27,CHANGED,audit/screenshots/diff/1440/file__13th-july-2022.png
1440,file__14th-september-2022.png,1055,900,75.20,CHANGED,audit/screenshots/diff/1440/file__14th-september-2022.png
1440,file__16th-december-2021.png,1055,900,75.21,CHANGED,audit/screenshots/diff/1440/file__16th-december-2021.png
1440,file__23rd-february-2022.png,1055,900,75.22,CHANGED,audit/screenshots/diff/1440/file__23rd-february-2022.png
1440,file__23rd-november-2022.png,1055,900,75.20,CHANGED,audit/screenshots/diff/1440/file__23rd-november-2022.png
1440,file__25th-may-2022.png,1055,900,75.26,CHANGED,audit/screenshots/diff/1440/file__25th-may-2022.png
1440,file__3rd-march-2026.png,1055,900,75.26,CHANGED,audit/screenshots/diff/1440/file__3rd-march-2026.png
1440,file__7th-february-2023.png,1055,900,75.23,CHANGED,audit/screenshots/diff/1440/file__7th-february-2023.png
1440,file__abcul-the-credit-union-directors-handbook.png,1055,900,75.16,CHANGED,audit/screenshots/diff/1440/file__abcul-the-credit-union-directors-handbook.png
1440,file__agm-agenda-2024.png,1055,900,75.37,CHANGED,audit/screenshots/diff/1440/file__agm-agenda-2024.png
1440,file__aml-financial-crime-policy.png,1055,900,75.29,CHANGED,audit/screenshots/diff/1440/file__aml-financial-crime-policy.png
1440,file__annual-audited-accounts-2023.png,1055,900,75.27,CHANGED,audit/screenshots/diff/1440/file__annual-audited-accounts-2023.png
1440,file__annual-audited-accounts.png,1055,900,75.27,CHANGED,audit/screenshots/diff/1440/file__annual-audited-accounts.png
1440,file__annual-report-2023.png,1055,900,75.36,CHANGED,audit/screenshots/diff/1440/file__annual-report-2023.png
1440,file__annual-report-2024.png,1055,900,75.36,CHANGED,audit/screenshots/diff/1440/file__annual-report-2024.png
1440,file__annual-report.png,1055,900,75.35,CHANGED,audit/screenshots/diff/1440/file__annual-report.png
1440,file__anti-bribery-corruption-policy.png,1055,900,75.27,CHANGED,audit/screenshots/diff/1440/file__anti-bribery-corruption-policy.png
1440,file__april-2023-marketing-overview.png,1055,900,75.26,CHANGED,audit/screenshots/diff/1440/file__april-2023-marketing-overview.png
1440,file__april-2023-monthly-loan-stats.png,1055,900,75.27,CHANGED,audit/screenshots/diff/1440/file__april-2023-monthly-loan-stats.png
1440,file__april-2023-monthly-processing-stats.png,1055,900,75.20,CHANGED,audit/screenshots/diff/1440/file__april-2023-monthly-processing-stats.png
1440,file__april-2023-monthly-report.png,1055,900,75.30,CHANGED,audit/screenshots/diff/1440/file__april-2023-monthly-report.png
1440,file__august-2023-loan-stats-2.png,1055,900,75.31,CHANGED,audit/screenshots/diff/1440/file__august-2023-loan-stats-2.png
1440,file__august-2023-loan-stats.png,1055,900,75.31,CHANGED,audit/screenshots/diff/1440/file__august-2023-loan-stats.png
1440,file__august-2023-marketing-overview.png,1055,900,75.23,CHANGED,audit/screenshots/diff/1440/file__august-2023-marketing-overview.png
1440,file__august-2023-monthly-processing-stats.png,1055,900,75.17,CHANGED,audit/screenshots/diff/1440/file__august-2023-monthly-processing-stats.png
1440,file__august-2023-monthly-report.png,1055,900,75.26,CHANGED,audit/screenshots/diff/1440/file__august-2023-monthly-report.png
1440,file__august-2023-processing-stats.png,1055,900,75.25,CHANGED,audit/screenshots/diff/1440/file__august-2023-processing-stats.png
1440,file__board-minutes-14th-june-2023.png,1055,900,75.27,CHANGED,audit/screenshots/diff/1440/file__board-minutes-14th-june-2023.png
1440,file__board-minutes-20th-june-2024.png,1055,900,75.26,CHANGED,audit/screenshots/diff/1440/file__board-minutes-20th-june-2024.png
1440,file__board-minutes-22nd-march-2023.png,1055,900,75.24,CHANGED,audit/screenshots/diff/1440/file__board-minutes-22nd-march-2023.png
1440,file__board-minutes-27th-september-2023.png,1055,900,75.19,CHANGED,audit/screenshots/diff/1440/file__board-minutes-27th-september-2023.png
1440,file__board-minutes-29th-nov-2023.png,1055,900,75.20,CHANGED,audit/screenshots/diff/1440/file__board-minutes-29th-nov-2023.png
1440,file__board-minutes-5th-september-2024.png,1055,900,75.20,CHANGED,audit/screenshots/diff/1440/file__board-minutes-5th-september-2024.png
1440,file__board-minutes-7th-nov-2024.png,1055,900,75.22,CHANGED,audit/screenshots/diff/1440/file__board-minutes-7th-nov-2024.png
1440,file__board-of-directors-report.png,1055,900,75.31,CHANGED,audit/screenshots/diff/1440/file__board-of-directors-report.png
1440,file__breaches-policy.png,1055,900,75.39,CHANGED,audit/screenshots/diff/1440/file__breaches-policy.png
1440,file__budget.png,1055,900,75.41,CHANGED,audit/screenshots/diff/1440/file__budget.png
1440,file__bullying-and-harrassment.png,1055,900,75.30,CHANGED,audit/screenshots/diff/1440/file__bullying-and-harrassment.png
1440,file__business-continuity-plan.png,1055,900,75.31,CHANGED,audit/screenshots/diff/1440/file__business-continuity-plan.png
1440,file__business-plan-2024.png,1055,900,75.37,CHANGED,audit/screenshots/diff/1440/file__business-plan-2024.png
1440,file__business-plan-2025.png,1055,900,75.36,CHANGED,audit/screenshots/diff/1440/file__business-plan-2025.png
1440,file__business-plan.png,1055,900,75.36,CHANGED,audit/screenshots/diff/1440/file__business-plan.png
1440,file__capability-and-performance-management.png,1055,900,75.16,CHANGED,audit/screenshots/diff/1440/file__capability-and-performance-management.png
1440,file__code-of-governance-for-gmbcu-board.png,1055,900,75.21,CHANGED,audit/screenshots/diff/1440/file__code-of-governance-for-gmbcu-board.png
1440,file__compassionate-leave.png,1055,900,75.34,CHANGED,audit/screenshots/diff/1440/file__compassionate-leave.png
1440,file__complaint-handling-policy-and-procedures.png,1055,900,75.16,CHANGED,audit/screenshots/diff/1440/file__complaint-handling-policy-and-procedures.png
1440,file__complaints-directors-report.png,1055,900,75.28,CHANGED,audit/screenshots/diff/1440/file__complaints-directors-report.png
1440,file__compliance-framework-policies-and-procedures.png,1055,900,75.12,CHANGED,audit/screenshots/diff/1440/file__compliance-framework-policies-and-procedures.png
1440,file__confidentiality-policy-declaration.png,1055,900,75.21,CHANGED,audit/screenshots/diff/1440/file__confidentiality-policy-declaration.png
1440,file__conflicts-of-interest-policy.png,1055,900,75.29,CHANGED,audit/screenshots/diff/1440/file__conflicts-of-interest-policy.png
1440,file__consumer-duty-implementation-plan.png,1055,900,75.22,CHANGED,audit/screenshots/diff/1440/file__consumer-duty-implementation-plan.png
1440,file__consumer-duty-treating-members-fairly-policy.png,1055,900,75.12,CHANGED,audit/screenshots/diff/1440/file__consumer-duty-treating-members-fairly-policy.png
1440,file__consumer-duty.png,1055,900,75.30,CHANGED,audit/screenshots/diff/1440/file__consumer-duty.png
1440,file__credit-control-policy.png,1055,900,75.35,CHANGED,audit/screenshots/diff/1440/file__credit-control-policy.png
1440,file__cyber-information-policy.png,1055,900,75.30,CHANGED,audit/screenshots/diff/1440/file__cyber-information-policy.png
1440,file__disciplinary-procedure.png,1055,900,75.33,CHANGED,audit/screenshots/diff/1440/file__disciplinary-procedure.png
1440,file__emergency-dependants-leave.png,1055,900,75.27,CHANGED,audit/screenshots/diff/1440/file__emergency-dependants-leave.png
1440,file__employment-terms-conditions.png,1055,900,75.25,CHANGED,audit/screenshots/diff/1440/file__employment-terms-conditions.png
1440,file__equality-diversity-inclusion.png,1055,900,75.27,CHANGED,audit/screenshots/diff/1440/file__equality-diversity-inclusion.png
1440,file__february-2023-marketing-overview.png,1055,900,75.22,CHANGED,audit/screenshots/diff/1440/file__february-2023-marketing-overview.png
1440,file__february-2023-monthly-loan-stats.png,1055,900,75.23,CHANGED,audit/screenshots/diff/1440/file__february-2023-monthly-loan-stats.png
1440,file__february-2023-monthly-processing-stats.png,1055,900,75.17,CHANGED,audit/screenshots/diff/1440/file__february-2023-monthly-processing-stats.png
1440,file__february-2023-monthly-report.png,1055,900,75.26,CHANGED,audit/screenshots/diff/1440/file__february-2023-monthly-report.png
1440,file__financial-management-policy.png,1055,900,75.28,CHANGED,audit/screenshots/diff/1440/file__financial-management-policy.png
1440,file__financial-promotions-policy.png,1055,900,75.29,CHANGED,audit/screenshots/diff/1440/file__financial-promotions-policy.png
1440,file__flexible-working.png,1055,900,75.38,CHANGED,audit/screenshots/diff/1440/file__flexible-working.png
1440,file__friends-of-gmbcu-prize-draw-report.png,1055,900,75.22,CHANGED,audit/screenshots/diff/1440/file__friends-of-gmbcu-prize-draw-report.png
1440,file__gifts-hospitality-policy.png,1055,900,75.30,CHANGED,audit/screenshots/diff/1440/file__gifts-hospitality-policy.png
1440,file__gmb-risk-appetite-statements-2023.png,1055,900,75.19,CHANGED,audit/screenshots/diff/1440/file__gmb-risk-appetite-statements-2023.png
1440,file__gmbcu-board-evaluation.png,1055,900,75.32,CHANGED,audit/screenshots/diff/1440/file__gmbcu-board-evaluation.png
1440,file__gmbcu-confidentiality-policy-declaration-form-2024.png,1055,900,75.06,CHANGED,audit/screenshots/diff/1440/file__gmbcu-confidentiality-policy-declaration-form-2024.png
1440,file__gmbcu-director-recruitment-and-succession.png,1055,900,75.15,CHANGED,audit/screenshots/diff/1440/file__gmbcu-director-recruitment-and-succession.png
1440,file__gmbcu-organisational-chart-2024.png,1055,900,75.22,CHANGED,audit/screenshots/diff/1440/file__gmbcu-organisational-chart-2024.png
1440,file__gmbcu-risk-appetite-statement-2024.png,1055,900,75.18,CHANGED,audit/screenshots/diff/1440/file__gmbcu-risk-appetite-statement-2024.png
1440,file__governance-and-senior-management.png,1055,900,75.11,CHANGED,audit/screenshots/diff/1440/file__governance-and-senior-management.png
1440,file__governance-for-effective-boards.png,1055,900,75.26,CHANGED,audit/screenshots/diff/1440/file__governance-for-effective-boards.png
1440,file__governance-roles.png,1055,900,75.37,CHANGED,audit/screenshots/diff/1440/file__governance-roles.png
1440,file__governance-statement-on-authorities.png,1055,900,75.21,CHANGED,audit/screenshots/diff/1440/file__governance-statement-on-authorities.png
1440,file__governance.png,1055,900,75.43,CHANGED,audit/screenshots/diff/1440/file__governance.png
1440,file__health-safety.png,1055,900,75.39,CHANGED,audit/screenshots/diff/1440/file__health-safety.png
1440,file__information-security-policy.png,1055,900,75.29,CHANGED,audit/screenshots/diff/1440/file__information-security-policy.png
1440,file__it-infrastructure.png,1055,900,75.39,CHANGED,audit/screenshots/diff/1440/file__it-infrastructure.png
1440,file__january-2023-marketing-overview.png,1055,900,75.23,CHANGED,audit/screenshots/diff/1440/file__january-2023-marketing-overview.png
1440,file__january-2023-monthly-loan-stat.png,1055,900,75.25,CHANGED,audit/screenshots/diff/1440/file__january-2023-monthly-loan-stat.png
1440,file__january-2023-monthly-processing-stats.png,1055,900,75.18,CHANGED,audit/screenshots/diff/1440/file__january-2023-monthly-processing-stats.png
1440,file__january-2023-monthly-report.png,1055,900,75.27,CHANGED,audit/screenshots/diff/1440/file__january-2023-monthly-report.png
1440,file__july-2023-marketing-overview.png,1055,900,75.26,CHANGED,audit/screenshots/diff/1440/file__july-2023-marketing-overview.png
1440,file__july-2023-monthly-loan-stats.png,1055,900,75.27,CHANGED,audit/screenshots/diff/1440/file__july-2023-monthly-loan-stats.png
1440,file__july-2023-monthly-processing-stats.png,1055,900,75.21,CHANGED,audit/screenshots/diff/1440/file__july-2023-monthly-processing-stats.png
1440,file__july-2023-monthly-report.png,1055,900,75.31,CHANGED,audit/screenshots/diff/1440/file__july-2023-monthly-report.png
1440,file__june-2023-marketing-overview.png,1055,900,75.26,CHANGED,audit/screenshots/diff/1440/file__june-2023-marketing-overview.png
1440,file__june-2023-monthly-loan-stats.png,1055,900,75.27,CHANGED,audit/screenshots/diff/1440/file__june-2023-monthly-loan-stats.png
1440,file__june-2023-monthly-processing-stats.png,1055,900,75.21,CHANGED,audit/screenshots/diff/1440/file__june-2023-monthly-processing-stats.png
1440,file__june-2023-monthly-report.png,1055,900,75.30,CHANGED,audit/screenshots/diff/1440/file__june-2023-monthly-report.png
1440,file__liquidity-policy.png,1055,900,75.39,CHANGED,audit/screenshots/diff/1440/file__liquidity-policy.png
1440,file__loan-stats-april-2025.png,1055,900,75.34,CHANGED,audit/screenshots/diff/1440/file__loan-stats-april-2025.png
1440,file__loan-stats-jan-2025.png,1055,900,75.34,CHANGED,audit/screenshots/diff/1440/file__loan-stats-jan-2025.png
1440,file__loan-stats-july-2024.png,1055,900,75.35,CHANGED,audit/screenshots/diff/1440/file__loan-stats-july-2024.png
1440,file__loan-stats-march-2024.png,1055,900,75.33,CHANGED,audit/screenshots/diff/1440/file__loan-stats-march-2024.png
1440,file__loan-stats-march-2025.png,1055,900,75.33,CHANGED,audit/screenshots/diff/1440/file__loan-stats-march-2025.png
1440,file__loan-stats-october-2023.png,1055,900,75.31,CHANGED,audit/screenshots/diff/1440/file__loan-stats-october-2023.png
1440,file__loans-policy.png,1055,900,75.43,CHANGED,audit/screenshots/diff/1440/file__loans-policy.png
1440,file__march-2023-marketing-overview.png,1055,900,75.25,CHANGED,audit/screenshots/diff/1440/file__march-2023-marketing-overview.png
1440,file__march-2023-monthly-loan-stats.png,1055,900,75.25,CHANGED,audit/screenshots/diff/1440/file__march-2023-monthly-loan-stats.png
1440,file__march-2023-monthly-processing-stats.png,1055,900,75.19,CHANGED,audit/screenshots/diff/1440/file__march-2023-monthly-processing-stats.png
1440,file__march-2023-monthly-report.png,1055,900,75.29,CHANGED,audit/screenshots/diff/1440/file__march-2023-monthly-report.png
1440,file__marketing-overview-10.png,1055,900,75.35,CHANGED,audit/screenshots/diff/1440/file__marketing-overview-10.png
1440,file__marketing-overview-11.png,1055,900,75.34,CHANGED,audit/screenshots/diff/1440/file__marketing-overview-11.png
1440,file__marketing-overview-12.png,1055,900,75.35,CHANGED,audit/screenshots/diff/1440/file__marketing-overview-12.png
1440,file__marketing-overview-13.png,1055,900,75.35,CHANGED,audit/screenshots/diff/1440/file__marketing-overview-13.png
1440,file__marketing-overview-14.png,1055,900,75.35,CHANGED,audit/screenshots/diff/1440/file__marketing-overview-14.png
1440,file__marketing-overview-15.png,1055,900,75.35,CHANGED,audit/screenshots/diff/1440/file__marketing-overview-15.png
1440,file__marketing-overview-16.png,1055,900,75.36,CHANGED,audit/screenshots/diff/1440/file__marketing-overview-16.png
1440,file__marketing-overview-17.png,1055,900,75.36,CHANGED,audit/screenshots/diff/1440/file__marketing-overview-17.png
1440,file__marketing-overview-18.png,1055,900,75.36,CHANGED,audit/screenshots/diff/1440/file__marketing-overview-18.png
1440,file__marketing-overview-19.png,1055,900,75.35,CHANGED,audit/screenshots/diff/1440/file__marketing-overview-19.png
1440,file__marketing-overview-2.png,1055,900,75.35,CHANGED,audit/screenshots/diff/1440/file__marketing-overview-2.png
1440,file__marketing-overview-20.png,1055,900,75.34,CHANGED,audit/screenshots/diff/1440/file__marketing-overview-20.png
1440,file__marketing-overview-21.png,1055,900,75.34,CHANGED,audit/screenshots/diff/1440/file__marketing-overview-21.png
1440,file__marketing-overview-22.png,1055,900,75.34,CHANGED,audit/screenshots/diff/1440/file__marketing-overview-22.png
1440,file__marketing-overview-23.png,1055,900,75.35,CHANGED,audit/screenshots/diff/1440/file__marketing-overview-23.png
1440,file__marketing-overview-24.png,1055,900,75.35,CHANGED,audit/screenshots/diff/1440/file__marketing-overview-24.png
1440,file__marketing-overview-25.png,1055,900,75.35,CHANGED,audit/screenshots/diff/1440/file__marketing-overview-25.png
1440,file__marketing-overview-26.png,1055,900,75.36,CHANGED,audit/screenshots/diff/1440/file__marketing-overview-26.png
1440,file__marketing-overview-27.png,1055,900,75.36,CHANGED,audit/screenshots/diff/1440/file__marketing-overview-27.png
1440,file__marketing-overview-28.png,1055,900,75.36,CHANGED,audit/screenshots/diff/1440/file__marketing-overview-28.png
1440,file__marketing-overview-29.png,1055,900,75.35,CHANGED,audit/screenshots/diff/1440/file__marketing-overview-29.png
1440,file__marketing-overview-3.png,1055,900,75.36,CHANGED,audit/screenshots/diff/1440/file__marketing-overview-3.png
1440,file__marketing-overview-30.png,1055,900,75.35,CHANGED,audit/screenshots/diff/1440/file__marketing-overview-30.png
1440,file__marketing-overview-31.png,1055,900,75.34,CHANGED,audit/screenshots/diff/1440/file__marketing-overview-31.png
1440,file__marketing-overview-4.png,1055,900,75.36,CHANGED,audit/screenshots/diff/1440/file__marketing-overview-4.png
1440,file__marketing-overview-5.png,1055,900,75.36,CHANGED,audit/screenshots/diff/1440/file__marketing-overview-5.png
1440,file__marketing-overview-6.png,1055,900,75.36,CHANGED,audit/screenshots/diff/1440/file__marketing-overview-6.png
1440,file__marketing-overview-7.png,1055,900,75.35,CHANGED,audit/screenshots/diff/1440/file__marketing-overview-7.png
1440,file__marketing-overview-8.png,1055,900,75.34,CHANGED,audit/screenshots/diff/1440/file__marketing-overview-8.png
1440,file__marketing-overview-9.png,1055,900,75.35,CHANGED,audit/screenshots/diff/1440/file__marketing-overview-9.png
1440,file__marketing-overview.png,1055,900,75.34,CHANGED,audit/screenshots/diff/1440/file__marketing-overview.png
1440,file__marketing-report-december-2023.png,1055,900,75.23,CHANGED,audit/screenshots/diff/1440/file__marketing-report-december-2023.png
1440,file__marketing-report-february-2024.png,1055,900,75.25,CHANGED,audit/screenshots/diff/1440/file__marketing-report-february-2024.png
1440,file__marketing-report-january-2024.png,1055,900,75.25,CHANGED,audit/screenshots/diff/1440/file__marketing-report-january-2024.png
1440,file__maternity-paternity-adoption.png,1055,900,75.26,CHANGED,audit/screenshots/diff/1440/file__maternity-paternity-adoption.png
1440,file__may-2023-marketing-overview.png,1055,900,75.26,CHANGED,audit/screenshots/diff/1440/file__may-2023-marketing-overview.png
1440,file__may-2023-monthly-loan-stats.png,1055,900,75.27,CHANGED,audit/screenshots/diff/1440/file__may-2023-monthly-loan-stats.png
1440,file__may-2023-monthly-processing-stats.png,1055,900,75.21,CHANGED,audit/screenshots/diff/1440/file__may-2023-monthly-processing-stats.png
1440,file__may-2023-monthly-report.png,1055,900,75.30,CHANGED,audit/screenshots/diff/1440/file__may-2023-monthly-report.png
1440,file__member-processing-statistics-october-2025.png,1055,900,75.12,CHANGED,audit/screenshots/diff/1440/file__member-processing-statistics-october-2025.png
1440,file__menopause.png,1055,900,75.43,CHANGED,audit/screenshots/diff/1440/file__menopause.png
1440,file__minutes-of-the-2023-agm.png,1055,900,75.31,CHANGED,audit/screenshots/diff/1440/file__minutes-of-the-2023-agm.png
1440,file__money-laundering-officers-report.png,1055,900,75.23,CHANGED,audit/screenshots/diff/1440/file__money-laundering-officers-report.png
1440,file__monthly-loan-stats-april-2024.png,1055,900,75.27,CHANGED,audit/screenshots/diff/1440/file__monthly-loan-stats-april-2024.png
1440,file__monthly-loan-stats-april-2026.png,1055,900,75.26,CHANGED,audit/screenshots/diff/1440/file__monthly-loan-stats-april-2026.png
1440,file__monthly-loan-stats-august-2024.png,1055,900,75.23,CHANGED,audit/screenshots/diff/1440/file__monthly-loan-stats-august-2024.png
1440,file__monthly-loan-stats-august-2025.png,1055,900,75.22,CHANGED,audit/screenshots/diff/1440/file__monthly-loan-stats-august-2025.png
1440,file__monthly-loan-stats-august-2026.png,1055,900,75.23,CHANGED,audit/screenshots/diff/1440/file__monthly-loan-stats-august-2026.png
1440,file__monthly-loan-stats-dec-2024.png,1055,900,75.27,CHANGED,audit/screenshots/diff/1440/file__monthly-loan-stats-dec-2024.png
1440,file__monthly-loan-stats-december-2023.png,1055,900,75.21,CHANGED,audit/screenshots/diff/1440/file__monthly-loan-stats-december-2023.png
1440,file__monthly-loan-stats-december-2025.png,1055,900,75.21,CHANGED,audit/screenshots/diff/1440/file__monthly-loan-stats-december-2025.png
1440,file__monthly-loan-stats-feb-2024.png,1055,900,75.28,CHANGED,audit/screenshots/diff/1440/file__monthly-loan-stats-feb-2024.png
1440,file__monthly-loan-stats-february-2026.png,1055,900,75.23,CHANGED,audit/screenshots/diff/1440/file__monthly-loan-stats-february-2026.png
1440,file__monthly-loan-stats-jan-2024.png,1055,900,75.27,CHANGED,audit/screenshots/diff/1440/file__monthly-loan-stats-jan-2024.png
1440,file__monthly-loan-stats-january-2026.png,1055,900,75.23,CHANGED,audit/screenshots/diff/1440/file__monthly-loan-stats-january-2026.png
1440,file__monthly-loan-stats-july-2025.png,1055,900,75.26,CHANGED,audit/screenshots/diff/1440/file__monthly-loan-stats-july-2025.png
1440,file__monthly-loan-stats-july-2026.png,1055,900,75.27,CHANGED,audit/screenshots/diff/1440/file__monthly-loan-stats-july-2026.png
1440,file__monthly-loan-stats-june-2024.png,1055,900,75.27,CHANGED,audit/screenshots/diff/1440/file__monthly-loan-stats-june-2024.png
1440,file__monthly-loan-stats-june-2025.png,1055,900,75.27,CHANGED,audit/screenshots/diff/1440/file__monthly-loan-stats-june-2025.png
1440,file__monthly-loan-stats-june-2026.png,1055,900,75.27,CHANGED,audit/screenshots/diff/1440/file__monthly-loan-stats-june-2026.png
1440,file__monthly-loan-stats-march-2026.png,1055,900,75.25,CHANGED,audit/screenshots/diff/1440/file__monthly-loan-stats-march-2026.png
1440,file__monthly-loan-stats-may-2024.png,1055,900,75.27,CHANGED,audit/screenshots/diff/1440/file__monthly-loan-stats-may-2024.png
1440,file__monthly-loan-stats-may-2025.png,1055,900,75.27,CHANGED,audit/screenshots/diff/1440/file__monthly-loan-stats-may-2025.png
1440,file__monthly-loan-stats-may-2026.png,1055,900,75.27,CHANGED,audit/screenshots/diff/1440/file__monthly-loan-stats-may-2026.png
1440,file__monthly-loan-stats-nov-2023.png,1055,900,75.26,CHANGED,audit/screenshots/diff/1440/file__monthly-loan-stats-nov-2023.png
1440,file__monthly-loan-stats-nov-2024.png,1055,900,75.27,CHANGED,audit/screenshots/diff/1440/file__monthly-loan-stats-nov-2024.png
1440,file__monthly-loan-stats-november-2025.png,1055,900,75.20,CHANGED,audit/screenshots/diff/1440/file__monthly-loan-stats-november-2025.png
1440,file__monthly-loan-stats-october-2024.png,1055,900,75.23,CHANGED,audit/screenshots/diff/1440/file__monthly-loan-stats-october-2024.png
1440,file__monthly-loan-stats-october-2025.png,1055,900,75.22,CHANGED,audit/screenshots/diff/1440/file__monthly-loan-stats-october-2025.png
1440,file__monthly-loan-stats-sep-2024.png,1055,900,75.26,CHANGED,audit/screenshots/diff/1440/file__monthly-loan-stats-sep-2024.png
1440,file__monthly-loan-stats-september-2025.png,1055,900,75.20,CHANGED,audit/screenshots/diff/1440/file__monthly-loan-stats-september-2025.png
1440,file__monthly-loan-stats-september-2026.png,1055,900,75.20,CHANGED,audit/screenshots/diff/1440/file__monthly-loan-stats-september-2026.png
1440,file__monthly-loan-stats.png,1055,900,75.36,CHANGED,audit/screenshots/diff/1440/file__monthly-loan-stats.png
1440,file__monthly-processing-stats-april-2024.png,1055,900,75.20,CHANGED,audit/screenshots/diff/1440/file__monthly-processing-stats-april-2024.png
1440,file__monthly-processing-stats-april-2026.png,1055,900,75.20,CHANGED,audit/screenshots/diff/1440/file__monthly-processing-stats-april-2026.png
1440,file__monthly-processing-stats-august-2024.png,1055,900,75.17,CHANGED,audit/screenshots/diff/1440/file__monthly-processing-stats-august-2024.png
1440,file__monthly-processing-stats-august-2025.png,1055,900,75.16,CHANGED,audit/screenshots/diff/1440/file__monthly-processing-stats-august-2025.png
1440,file__monthly-processing-stats-december-2024.png,1055,900,75.15,CHANGED,audit/screenshots/diff/1440/file__monthly-processing-stats-december-2024.png
1440,file__monthly-processing-stats-december-2025.png,1055,900,75.15,CHANGED,audit/screenshots/diff/1440/file__monthly-processing-stats-december-2025.png
1440,file__monthly-processing-stats-feb-2024.png,1055,900,75.21,CHANGED,audit/screenshots/diff/1440/file__monthly-processing-stats-feb-2024.png
1440,file__monthly-processing-stats-february-2026.png,1055,900,75.16,CHANGED,audit/screenshots/diff/1440/file__monthly-processing-stats-february-2026.png
1440,file__monthly-processing-stats-jan-2024.png,1055,900,75.21,CHANGED,audit/screenshots/diff/1440/file__monthly-processing-stats-jan-2024.png
1440,file__monthly-processing-stats-january.png,1055,900,75.16,CHANGED,audit/screenshots/diff/1440/file__monthly-processing-stats-january.png
1440,file__monthly-processing-stats-july-2024.png,1055,900,75.20,CHANGED,audit/screenshots/diff/1440/file__monthly-processing-stats-july-2024.png
1440,file__monthly-processing-stats-july-2025.png,1055,900,75.20,CHANGED,audit/screenshots/diff/1440/file__monthly-processing-stats-july-2025.png
1440,file__monthly-processing-stats-july-2026.png,1055,900,75.20,CHANGED,audit/screenshots/diff/1440/file__monthly-processing-stats-july-2026.png
1440,file__monthly-processing-stats-june-2024.png,1055,900,75.21,CHANGED,audit/screenshots/diff/1440/file__monthly-processing-stats-june-2024.png
1440,file__monthly-processing-stats-june-2025.png,1055,900,75.20,CHANGED,audit/screenshots/diff/1440/file__monthly-processing-stats-june-2025.png
1440,file__monthly-processing-stats-june-2026.png,1055,900,75.21,CHANGED,audit/screenshots/diff/1440/file__monthly-processing-stats-june-2026.png
1440,file__monthly-processing-stats-march-2026.png,1055,900,75.19,CHANGED,audit/screenshots/diff/1440/file__monthly-processing-stats-march-2026.png
1440,file__monthly-processing-stats-may-2024.png,1055,900,75.21,CHANGED,audit/screenshots/diff/1440/file__monthly-processing-stats-may-2024.png
1440,file__monthly-processing-stats-may-2025.png,1055,900,75.20,CHANGED,audit/screenshots/diff/1440/file__monthly-processing-stats-may-2025.png
1440,file__monthly-processing-stats-may-2026.png,1055,900,75.21,CHANGED,audit/screenshots/diff/1440/file__monthly-processing-stats-may-2026.png
1440,file__monthly-processing-stats-nov-2023.png,1055,900,75.20,CHANGED,audit/screenshots/diff/1440/file__monthly-processing-stats-nov-2023.png
1440,file__monthly-processing-stats-nov-2024.png,1055,900,75.20,CHANGED,audit/screenshots/diff/1440/file__monthly-processing-stats-nov-2024.png
1440,file__monthly-processing-stats-november-2025.png,1055,900,75.14,CHANGED,audit/screenshots/diff/1440/file__monthly-processing-stats-november-2025.png
1440,file__monthly-processing-stats-october-2024.png,1055,900,75.16,CHANGED,audit/screenshots/diff/1440/file__monthly-processing-stats-october-2024.png
1440,file__monthly-processing-stats-october-2025.png,1055,900,75.16,CHANGED,audit/screenshots/diff/1440/file__monthly-processing-stats-october-2025.png
1440,file__monthly-processing-stats-sep-2024.png,1055,900,75.20,CHANGED,audit/screenshots/diff/1440/file__monthly-processing-stats-sep-2024.png
1440,file__monthly-processing-stats-september-2025.png,1055,900,75.13,CHANGED,audit/screenshots/diff/1440/file__monthly-processing-stats-september-2025.png
1440,file__monthly-processing-stats-september-2026.png,1055,900,75.13,CHANGED,audit/screenshots/diff/1440/file__monthly-processing-stats-september-2026.png
1440,file__monthly-processing-stats.png,1055,900,75.30,CHANGED,audit/screenshots/diff/1440/file__monthly-processing-stats.png
1440,file__monthly-report-2.png,1055,900,75.39,CHANGED,audit/screenshots/diff/1440/file__monthly-report-2.png
1440,file__monthly-report-april-2025.png,1055,900,75.29,CHANGED,audit/screenshots/diff/1440/file__monthly-report-april-2025.png
1440,file__monthly-report-april-2026.png,1055,900,75.29,CHANGED,audit/screenshots/diff/1440/file__monthly-report-april-2026.png
1440,file__monthly-report-august-2024.png,1055,900,75.26,CHANGED,audit/screenshots/diff/1440/file__monthly-report-august-2024.png
1440,file__monthly-report-august-2025.png,1055,900,75.26,CHANGED,audit/screenshots/diff/1440/file__monthly-report-august-2025.png
1440,file__monthly-report-august-2026-2.png,1055,900,75.26,CHANGED,audit/screenshots/diff/1440/file__monthly-report-august-2026-2.png
1440,file__monthly-report-august-2026.png,1055,900,75.26,CHANGED,audit/screenshots/diff/1440/file__monthly-report-august-2026.png
1440,file__monthly-report-dec-2023-2.png,1055,900,75.30,CHANGED,audit/screenshots/diff/1440/file__monthly-report-dec-2023-2.png
1440,file__monthly-report-dec-2023.png,1055,900,75.20,CHANGED,audit/screenshots/diff/1440/file__monthly-report-dec-2023.png
1440,file__monthly-report-dec-2024.png,1055,900,75.30,CHANGED,audit/screenshots/diff/1440/file__monthly-report-dec-2024.png
1440,file__monthly-report-december-2025.png,1055,900,75.24,CHANGED,audit/screenshots/diff/1440/file__monthly-report-december-2025.png
1440,file__monthly-report-feb-2024.png,1055,900,75.31,CHANGED,audit/screenshots/diff/1440/file__monthly-report-feb-2024.png
1440,file__monthly-report-february-2026.png,1055,900,75.25,CHANGED,audit/screenshots/diff/1440/file__monthly-report-february-2026.png
1440,file__monthly-report-jan-2024.png,1055,900,75.30,CHANGED,audit/screenshots/diff/1440/file__monthly-report-jan-2024.png
1440,file__monthly-report-jan-2025.png,1055,900,75.30,CHANGED,audit/screenshots/diff/1440/file__monthly-report-jan-2025.png
1440,file__monthly-report-january-2026.png,1055,900,75.26,CHANGED,audit/screenshots/diff/1440/file__monthly-report-january-2026.png
1440,file__monthly-report-july-2024.png,1055,900,75.30,CHANGED,audit/screenshots/diff/1440/file__monthly-report-july-2024.png
1440,file__monthly-report-july-2025.png,1055,900,75.29,CHANGED,audit/screenshots/diff/1440/file__monthly-report-july-2025.png
1440,file__monthly-report-july-2026.png,1055,900,75.30,CHANGED,audit/screenshots/diff/1440/file__monthly-report-july-2026.png
1440,file__monthly-report-june-2024.png,1055,900,75.30,CHANGED,audit/screenshots/diff/1440/file__monthly-report-june-2024.png
1440,file__monthly-report-june-2025.png,1055,900,75.30,CHANGED,audit/screenshots/diff/1440/file__monthly-report-june-2025.png
1440,file__monthly-report-june-2026.png,1055,900,75.30,CHANGED,audit/screenshots/diff/1440/file__monthly-report-june-2026.png
1440,file__monthly-report-march-2024-2.png,1055,900,75.29,CHANGED,audit/screenshots/diff/1440/file__monthly-report-march-2024-2.png
1440,file__monthly-report-march-2024.png,1055,900,75.19,CHANGED,audit/screenshots/diff/1440/file__monthly-report-march-2024.png
1440,file__monthly-report-march-2025.png,1055,900,75.28,CHANGED,audit/screenshots/diff/1440/file__monthly-report-march-2025.png
1440,file__monthly-report-march-2026.png,1055,900,75.28,CHANGED,audit/screenshots/diff/1440/file__monthly-report-march-2026.png
1440,file__monthly-report-may-2024.png,1055,900,75.30,CHANGED,audit/screenshots/diff/1440/file__monthly-report-may-2024.png
1440,file__monthly-report-may-2025.png,1055,900,75.30,CHANGED,audit/screenshots/diff/1440/file__monthly-report-may-2025.png
1440,file__monthly-report-may-2026.png,1055,900,75.30,CHANGED,audit/screenshots/diff/1440/file__monthly-report-may-2026.png
1440,file__monthly-report-nov-2023.png,1055,900,75.29,CHANGED,audit/screenshots/diff/1440/file__monthly-report-nov-2023.png
1440,file__monthly-report-nov-2024.png,1055,900,75.30,CHANGED,audit/screenshots/diff/1440/file__monthly-report-nov-2024.png
1440,file__monthly-report-november-2025.png,1055,900,75.24,CHANGED,audit/screenshots/diff/1440/file__monthly-report-november-2025.png
1440,file__monthly-report-october-2023.png,1055,900,75.26,CHANGED,audit/screenshots/diff/1440/file__monthly-report-october-2023.png
1440,file__monthly-report-october-2024.png,1055,900,75.26,CHANGED,audit/screenshots/diff/1440/file__monthly-report-october-2024.png
1440,file__monthly-report-sep-2024.png,1055,900,75.29,CHANGED,audit/screenshots/diff/1440/file__monthly-report-sep-2024.png
1440,file__monthly-report-september-2023.png,1055,900,75.23,CHANGED,audit/screenshots/diff/1440/file__monthly-report-september-2023.png
1440,file__monthly-report-september-2025.png,1055,900,75.22,CHANGED,audit/screenshots/diff/1440/file__monthly-report-september-2025.png
1440,file__monthly-report.png,1055,900,75.31,CHANGED,audit/screenshots/diff/1440/file__monthly-report.png
1440,file__organisational-chart.png,1055,900,75.34,CHANGED,audit/screenshots/diff/1440/file__organisational-chart.png
1440,file__privacy-policy.png,1055,900,75.41,CHANGED,audit/screenshots/diff/1440/file__privacy-policy.png
1440,file__prizesaver-termsandconditions.png,1055,900,75.24,CHANGED,audit/screenshots/diff/1440/file__prizesaver-termsandconditions.png
1440,file__processing-stats-april-2025.png,1055,900,75.28,CHANGED,audit/screenshots/diff/1440/file__processing-stats-april-2025.png
1440,file__processing-stats-jan-2025.png,1055,900,75.28,CHANGED,audit/screenshots/diff/1440/file__processing-stats-jan-2025.png
1440,file__processing-stats-march-2025.png,1055,900,75.27,CHANGED,audit/screenshots/diff/1440/file__processing-stats-march-2025.png
1440,file__processing-stats-october-2023.png,1055,900,75.24,CHANGED,audit/screenshots/diff/1440/file__processing-stats-october-2023.png
1440,file__redundancy.png,1055,900,75.42,CHANGED,audit/screenshots/diff/1440/file__redundancy.png
1440,file__responsibility-of-directors.png,1055,900,75.30,CHANGED,audit/screenshots/diff/1440/file__responsibility-of-directors.png
1440,file__retaining-archiving-records.png,1055,900,75.26,CHANGED,audit/screenshots/diff/1440/file__retaining-archiving-records.png
1440,file__risk-appetite-statements-2025.png,1055,900,75.24,CHANGED,audit/screenshots/diff/1440/file__risk-appetite-statements-2025.png
1440,file__risk-key-area-summary.png,1055,900,75.33,CHANGED,audit/screenshots/diff/1440/file__risk-key-area-summary.png
1440,file__risk-management-framework.png,1055,900,75.27,CHANGED,audit/screenshots/diff/1440/file__risk-management-framework.png
1440,file__scv-procedure.png,1055,900,75.41,CHANGED,audit/screenshots/diff/1440/file__scv-procedure.png
1440,file__senior-manager-handover-policy.png,1055,900,75.26,CHANGED,audit/screenshots/diff/1440/file__senior-manager-handover-policy.png
1440,file__september-2023-marketing-overview.png,1055,900,75.35,CHANGED,audit/screenshots/diff/1440/file__september-2023-marketing-overview.png
1440,file__smcr-policy.png,1055,900,75.42,CHANGED,audit/screenshots/diff/1440/file__smcr-policy.png
1440,file__supervisor-report.png,1055,900,75.37,CHANGED,audit/screenshots/diff/1440/file__supervisor-report.png
1440,file__supervisory-internal-audit.png,1055,900,75.29,CHANGED,audit/screenshots/diff/1440/file__supervisory-internal-audit.png
1440,file__tcu-rule-book-final-fsa-approved.png,1055,900,75.24,CHANGED,audit/screenshots/diff/1440/file__tcu-rule-book-final-fsa-approved.png
1440,file__the-role-of-the-board.png,1055,900,75.36,CHANGED,audit/screenshots/diff/1440/file__the-role-of-the-board.png
1440,file__the-role-of-the-ceo.png,1055,900,75.38,CHANGED,audit/screenshots/diff/1440/file__the-role-of-the-ceo.png
1440,file__the-role-of-the-chair-of-the-board-2.png,1055,900,75.26,CHANGED,audit/screenshots/diff/1440/file__the-role-of-the-chair-of-the-board-2.png
1440,file__the-role-of-the-treasurer.png,1055,900,75.33,CHANGED,audit/screenshots/diff/1440/file__the-role-of-the-treasurer.png
1440,file__third-party-due-diligence-policy.png,1055,900,75.26,CHANGED,audit/screenshots/diff/1440/file__third-party-due-diligence-policy.png
1440,file__training-competence-framework.png,1055,900,75.23,CHANGED,audit/screenshots/diff/1440/file__training-competence-framework.png
1440,file__treasurers-report.png,1055,900,75.37,CHANGED,audit/screenshots/diff/1440/file__treasurers-report.png
1440,file__treasury-management-policy.png,1055,900,75.28,CHANGED,audit/screenshots/diff/1440/file__treasury-management-policy.png
1440,file__treating-members-fairly.png,1055,900,75.32,CHANGED,audit/screenshots/diff/1440/file__treating-members-fairly.png
1440,file__vulnerable-customers-policy.png,1055,900,75.28,CHANGED,audit/screenshots/diff/1440/file__vulnerable-customers-policy.png
1440,file__vulnerable-members.png,1055,900,75.36,CHANGED,audit/screenshots/diff/1440/file__vulnerable-members.png
1440,file__whistleblowing-policy.png,1055,900,75.32,CHANGED,audit/screenshots/diff/1440/file__whistleblowing-policy.png
1440,filter__annual-audited-accounts.png,1403,900,55.99,CHANGED,audit/screenshots/diff/1440/filter__annual-audited-accounts.png
1440,filter__annual-report.png,1403,900,55.95,CHANGED,audit/screenshots/diff/1440/filter__annual-report.png
1440,filter__april-2023.png,1403,900,56.13,CHANGED,audit/screenshots/diff/1440/filter__april-2023.png
1440,filter__april-2024.png,1403,900,56.12,CHANGED,audit/screenshots/diff/1440/filter__april-2024.png
1440,filter__april-2025.png,1403,900,56.09,CHANGED,audit/screenshots/diff/1440/filter__april-2025.png
1440,filter__april-2026.png,1403,900,56.12,CHANGED,audit/screenshots/diff/1440/filter__april-2026.png
1440,filter__august-2023.png,1403,900,56.13,CHANGED,audit/screenshots/diff/1440/filter__august-2023.png
1440,filter__august-2024.png,1403,900,56.13,CHANGED,audit/screenshots/diff/1440/filter__august-2024.png
1440,filter__august-2025.png,1403,900,56.13,CHANGED,audit/screenshots/diff/1440/filter__august-2025.png
1440,filter__august-2026.png,1403,900,56.04,CHANGED,audit/screenshots/diff/1440/filter__august-2026.png
1440,filter__board-minutes.png,1830,900,43.48,CHANGED,audit/screenshots/diff/1440/filter__board-minutes.png
1440,filter__board-minutes__page__2.png,1830,900,43.43,CHANGED,audit/screenshots/diff/1440/filter__board-minutes__page__2.png
1440,filter__budget.png,1403,900,55.89,CHANGED,audit/screenshots/diff/1440/filter__budget.png
1440,filter__business-plan.png,1403,900,56.00,CHANGED,audit/screenshots/diff/1440/filter__business-plan.png
1440,filter__business-policies.png,1403,900,55.98,CHANGED,audit/screenshots/diff/1440/filter__business-policies.png
1440,filter__december-2023.png,1403,900,56.14,CHANGED,audit/screenshots/diff/1440/filter__december-2023.png
1440,filter__december-2024.png,1403,900,56.12,CHANGED,audit/screenshots/diff/1440/filter__december-2024.png
1440,filter__december-2025-monthly-reports.png,1403,900,56.14,CHANGED,audit/screenshots/diff/1440/filter__december-2025-monthly-reports.png
1440,filter__employee-policies.png,1403,900,55.97,CHANGED,audit/screenshots/diff/1440/filter__employee-policies.png
1440,filter__february-2023.png,1403,900,56.15,CHANGED,audit/screenshots/diff/1440/filter__february-2023.png
1440,filter__february-2024.png,1403,900,56.13,CHANGED,audit/screenshots/diff/1440/filter__february-2024.png
1440,filter__february-2025.png,1403,900,56.06,CHANGED,audit/screenshots/diff/1440/filter__february-2025.png
1440,filter__february-2026.png,1403,900,56.14,CHANGED,audit/screenshots/diff/1440/filter__february-2026.png
1440,filter__governance.png,1830,900,43.45,CHANGED,audit/screenshots/diff/1440/filter__governance.png
1440,filter__governance__page__2.png,1830,900,43.42,CHANGED,audit/screenshots/diff/1440/filter__governance__page__2.png
1440,filter__january-2023.png,1403,900,56.14,CHANGED,audit/screenshots/diff/1440/filter__january-2023.png
1440,filter__january-2024.png,1403,900,56.13,CHANGED,audit/screenshots/diff/1440/filter__january-2024.png
1440,filter__january-2025.png,1403,900,56.08,CHANGED,audit/screenshots/diff/1440/filter__january-2025.png
1440,filter__january-2026-monthly-reports.png,1403,900,56.13,CHANGED,audit/screenshots/diff/1440/filter__january-2026-monthly-reports.png
1440,filter__july-2023.png,1403,900,56.12,CHANGED,audit/screenshots/diff/1440/filter__july-2023.png
1440,filter__july-2024.png,1403,900,56.10,CHANGED,audit/screenshots/diff/1440/filter__july-2024.png
1440,filter__july-2025.png,1403,900,56.11,CHANGED,audit/screenshots/diff/1440/filter__july-2025.png
1440,filter__july2026-monthly-reports.png,1403,900,56.11,CHANGED,audit/screenshots/diff/1440/filter__july2026-monthly-reports.png
1440,filter__june-2023.png,1403,900,56.12,CHANGED,audit/screenshots/diff/1440/filter__june-2023.png
1440,filter__june-2024.png,1403,900,56.11,CHANGED,audit/screenshots/diff/1440/filter__june-2024.png
1440,filter__june-2025.png,1403,900,56.11,CHANGED,audit/screenshots/diff/1440/filter__june-2025.png
1440,filter__june-2026.png,1403,900,56.12,CHANGED,audit/screenshots/diff/1440/filter__june-2026.png
1440,filter__march-2023.png,1403,900,56.14,CHANGED,audit/screenshots/diff/1440/filter__march-2023.png
1440,filter__march-2024.png,1403,900,56.11,CHANGED,audit/screenshots/diff/1440/filter__march-2024.png
1440,filter__march-2025.png,1403,900,56.09,CHANGED,audit/screenshots/diff/1440/filter__march-2025.png
1440,filter__march-2026.png,1403,900,56.13,CHANGED,audit/screenshots/diff/1440/filter__march-2026.png
1440,filter__may-2023.png,1403,900,56.12,CHANGED,audit/screenshots/diff/1440/filter__may-2023.png
1440,filter__may-2024.png,1403,900,56.11,CHANGED,audit/screenshots/diff/1440/filter__may-2024.png
1440,filter__may-2025.png,1403,900,56.11,CHANGED,audit/screenshots/diff/1440/filter__may-2025.png
1440,filter__may-2026.png,1403,900,56.11,CHANGED,audit/screenshots/diff/1440/filter__may-2026.png
1440,filter__monthly-reports.png,1830,900,43.78,CHANGED,audit/screenshots/diff/1440/filter__monthly-reports.png
1440,filter__monthly-reports__page__2.png,1830,900,43.94,CHANGED,audit/screenshots/diff/1440/filter__monthly-reports__page__2.png
1440,filter__monthly-reports__page__23.png,1483,900,53.52,CHANGED,audit/screenshots/diff/1440/filter__monthly-reports__page__23.png
1440,filter__monthly-reports__page__3.png,1830,900,44.01,CHANGED,audit/screenshots/diff/1440/filter__monthly-reports__page__3.png
1440,filter__monthly-reports__page__4.png,1830,900,44.07,CHANGED,audit/screenshots/diff/1440/filter__monthly-reports__page__4.png
1440,filter__monthly-reports__page__5.png,1830,900,44.15,CHANGED,audit/screenshots/diff/1440/filter__monthly-reports__page__5.png
1440,filter__monthly-reports__page__6.png,1830,900,44.24,CHANGED,audit/screenshots/diff/1440/filter__monthly-reports__page__6.png
1440,filter__november-2023.png,1403,900,56.11,CHANGED,audit/screenshots/diff/1440/filter__november-2023.png
1440,filter__november-2024.png,1403,900,56.11,CHANGED,audit/screenshots/diff/1440/filter__november-2024.png
1440,filter__november-2025.png,1403,900,56.14,CHANGED,audit/screenshots/diff/1440/filter__november-2025.png
1440,filter__october-2023.png,1403,900,56.10,CHANGED,audit/screenshots/diff/1440/filter__october-2023.png
1440,filter__october-2024.png,1403,900,56.13,CHANGED,audit/screenshots/diff/1440/filter__october-2024.png
1440,filter__october-2025.png,1403,900,56.15,CHANGED,audit/screenshots/diff/1440/filter__october-2025.png
1440,filter__policies.png,1830,900,43.73,CHANGED,audit/screenshots/diff/1440/filter__policies.png
1440,filter__policies__page__2.png,1830,900,43.82,CHANGED,audit/screenshots/diff/1440/filter__policies__page__2.png
1440,filter__policies__page__3.png,1830,900,43.75,CHANGED,audit/screenshots/diff/1440/filter__policies__page__3.png
1440,filter__policies__page__4.png,1830,900,43.76,CHANGED,audit/screenshots/diff/1440/filter__policies__page__4.png
1440,filter__policies__page__5.png,1830,900,43.81,CHANGED,audit/screenshots/diff/1440/filter__policies__page__5.png
1440,filter__policies__page__6.png,1830,900,43.85,CHANGED,audit/screenshots/diff/1440/filter__policies__page__6.png
1440,filter__policies__page__7.png,1483,900,53.44,CHANGED,audit/screenshots/diff/1440/filter__policies__page__7.png
1440,filter__september-2023.png,1403,900,56.11,CHANGED,audit/screenshots/diff/1440/filter__september-2023.png
1440,filter__september-2024.png,1403,900,56.11,CHANGED,audit/screenshots/diff/1440/filter__september-2024.png
1440,filter__september-2025.png,1403,900,56.10,CHANGED,audit/screenshots/diff/1440/filter__september-2025.png
1440,filter__september-2026.png,1403,900,56.09,CHANGED,audit/screenshots/diff/1440/filter__september-2026.png
1440,five-financial-goals-next-financial-year.png,3409,3285,13.72,CHANGED,audit/screenshots/diff/1440/five-financial-goals-next-financial-year.png
1440,gmb-credit-union-prize-draw.png,4207,4198,26.95,CHANGED,audit/screenshots/diff/1440/gmb-credit-union-prize-draw.png
1440,help-your-children-form-good-money-habits.png,3222,2884,24.94,CHANGED,audit/screenshots/diff/1440/help-your-children-form-good-money-habits.png
1440,heres-why-you-should-teach-your-children-how-to-manage-their-money-this-summer.png,4709,4585,21.98,CHANGED,audit/screenshots/diff/1440/heres-why-you-should-teach-your-children-how-to-manage-their-money-this-summer.png
1440,home.png,4676,4687,16.85,CHANGED,audit/screenshots/diff/1440/home.png
1440,how-build-or-improve-your-credit-score.png,4028,4087,6.49,CHANGED,audit/screenshots/diff/1440/how-build-or-improve-your-credit-score.png
1440,how-check-your-credit-score-free.png,2550,2533,7.87,CHANGED,audit/screenshots/diff/1440/how-check-your-credit-score-free.png
1440,how-did-our-members-get-involved-us.png,1839,1865,16.31,CHANGED,audit/screenshots/diff/1440/how-did-our-members-get-involved-us.png
1440,how-financial-problems-affect-your-mental-health.png,4416,4220,13.78,CHANGED,audit/screenshots/diff/1440/how-financial-problems-affect-your-mental-health.png
1440,how-recognise-and-avoid-most-common-finance-scams.png,4645,4236,19.57,CHANGED,audit/screenshots/diff/1440/how-recognise-and-avoid-most-common-finance-scams.png
1440,how-to-get-involved-in-the-gmb-credit-union.png,2711,2801,3.60,CHANGED,audit/screenshots/diff/1440/how-to-get-involved-in-the-gmb-credit-union.png
1440,importance-understanding-ivas.png,4240,4151,10.02,CHANGED,audit/screenshots/diff/1440/importance-understanding-ivas.png
1440,join-gmbcu-get-25-and-a-chance-to-win-big.png,5245,5253,10.96,CHANGED,audit/screenshots/diff/1440/join-gmbcu-get-25-and-a-chance-to-win-big.png
1440,join-us-at-congress-2025.png,2515,2605,7.15,CHANGED,audit/screenshots/diff/1440/join-us-at-congress-2025.png
1440,join-us-congress-2023.png,1730,1784,11.38,CHANGED,audit/screenshots/diff/1440/join-us-congress-2023.png
1440,join-us-congress-2024.png,2900,2990,6.30,CHANGED,audit/screenshots/diff/1440/join-us-congress-2024.png
1440,lets-get-transparent-loan-interest-rates.png,3364,3098,20.59,CHANGED,audit/screenshots/diff/1440/lets-get-transparent-loan-interest-rates.png
1440,loan-application-rejected-what-now.png,4218,4002,15.68,CHANGED,audit/screenshots/diff/1440/loan-application-rejected-what-now.png
1440,loans.png,3424,3558,20.80,CHANGED,audit/screenshots/diff/1440/loans.png
1440,loans____q__conesso_link_tag_ebd837df0_utm_campaign_Jan_2B26_2BNewsletter_utm_medium_email_utm_source_Conesso.png,3424,3558,20.81,CHANGED,audit/screenshots/diff/1440/loans____q__conesso_link_tag_ebd837df0_utm_campaign_Jan_2B26_2BNewsletter_utm_medium_email_utm_source_Conesso.png
1440,loans__consolidation-loan.png,4535,4704,14.00,CHANGED,audit/screenshots/diff/1440/loans__consolidation-loan.png
1440,loans__family-loan.png,4590,4821,24.83,CHANGED,audit/screenshots/diff/1440/loans__family-loan.png
1440,loans__handy-loan.png,4484,4653,14.39,CHANGED,audit/screenshots/diff/1440/loans__handy-loan.png
1440,loans__member-loan.png,4346,4515,16.76,CHANGED,audit/screenshots/diff/1440/loans__member-loan.png
1440,loans__save-borrow-loan.png,4571,4740,16.64,CHANGED,audit/screenshots/diff/1440/loans__save-borrow-loan.png
1440,loans__savings-secured-loan.png,4500,4669,16.44,CHANGED,audit/screenshots/diff/1440/loans__savings-secured-loan.png
1440,loans__starter-loan.png,4397,4566,16.69,CHANGED,audit/screenshots/diff/1440/loans__starter-loan.png
1440,loans__top-up-loan.png,3824,3993,18.73,CHANGED,audit/screenshots/diff/1440/loans__top-up-loan.png
1440,managing-your-money-with-your-credit-union.png,3536,4799,21.23,CHANGED,audit/screenshots/diff/1440/managing-your-money-with-your-credit-union.png
1440,meet-dennis-member-case-study.png,3446,3322,12.92,CHANGED,audit/screenshots/diff/1440/meet-dennis-member-case-study.png
1440,meet-gary-member-case-study.png,2607,2590,8.44,CHANGED,audit/screenshots/diff/1440/meet-gary-member-case-study.png
1440,member-hub-faqs.png,2060,2105,6.93,CHANGED,audit/screenshots/diff/1440/member-hub-faqs.png
1440,members-saver-accounts.png,2961,4428,38.03,CHANGED,audit/screenshots/diff/1440/members-saver-accounts.png
1440,navigating-financial-storm-how-we-can-help.png,3434,3310,12.82,CHANGED,audit/screenshots/diff/1440/navigating-financial-storm-how-we-can-help.png
1440,one-year-members-prize-draw.png,4246,3828,21.25,CHANGED,audit/screenshots/diff/1440/one-year-members-prize-draw.png
1440,options-dealing-debt.png,4216,4056,13.31,CHANGED,audit/screenshots/diff/1440/options-dealing-debt.png
1440,our-blog.png,2230,2341,12.69,CHANGED,audit/screenshots/diff/1440/our-blog.png
1440,our-blog____q__conesso_link_tag_ebd837df0_utm_campaign_Jan_2B26_2BNewsletter_utm_medium_email_utm_source_Conesso.png,2230,2341,12.69,CHANGED,audit/screenshots/diff/1440/our-blog____q__conesso_link_tag_ebd837df0_utm_campaign_Jan_2B26_2BNewsletter_utm_medium_email_utm_source_Conesso.png
1440,our-blog__page__2.png,2230,2341,13.11,CHANGED,audit/screenshots/diff/1440/our-blog__page__2.png
1440,our-blog__page__3.png,2230,2362,14.04,CHANGED,audit/screenshots/diff/1440/our-blog__page__3.png
1440,our-blog__page__4.png,2230,2320,7.84,CHANGED,audit/screenshots/diff/1440/our-blog__page__4.png
1440,our-blog__page__5.png,2230,2320,15.13,CHANGED,audit/screenshots/diff/1440/our-blog__page__5.png
1440,our-blog__page__6.png,2230,2341,18.98,CHANGED,audit/screenshots/diff/1440/our-blog__page__6.png
1440,our-blog__page__7.png,2230,2362,20.52,CHANGED,audit/screenshots/diff/1440/our-blog__page__7.png
1440,our-blog__page__8.png,2230,2320,16.67,CHANGED,audit/screenshots/diff/1440/our-blog__page__8.png
1440,our-enhanced-member-loans-explained.png,6336,7776,12.38,CHANGED,audit/screenshots/diff/1440/our-enhanced-member-loans-explained.png
1440,overdraft-fees-are-changing.png,2697,2573,16.12,CHANGED,audit/screenshots/diff/1440/overdraft-fees-are-changing.png
1440,page__2.png,4676,4687,16.90,CHANGED,audit/screenshots/diff/1440/page__2.png
1440,privacy-policy.png,5439,5528,2.21,CHANGED,audit/screenshots/diff/1440/privacy-policy.png
1440,resources.png,2751,2771,20.48,CHANGED,audit/screenshots/diff/1440/resources.png
1440,resources____q__conesso_link_tag_ebd837df0_utm_campaign_Jan_2B26_2BNewsletter_utm_medium_email_utm_source_Conesso.png,2751,2771,20.48,CHANGED,audit/screenshots/diff/1440/resources____q__conesso_link_tag_ebd837df0_utm_campaign_Jan_2B26_2BNewsletter_utm_medium_email_utm_source_Conesso.png
1440,resources__member-helper.png,2649,2662,12.67,CHANGED,audit/screenshots/diff/1440/resources__member-helper.png
1440,resources__member-helper____q__conesso_link_tag_ebd837df0_utm_campaign_Jan_2B26_2BNewsletter_utm_medium_email_utm_source_Conesso.png,2649,2662,12.67,CHANGED,audit/screenshots/diff/1440/resources__member-helper____q__conesso_link_tag_ebd837df0_utm_campaign_Jan_2B26_2BNewsletter_utm_medium_email_utm_source_Conesso.png
1440,resources__member-helper__benefit-calculator.png,3463,1485,22.65,CHANGED,audit/screenshots/diff/1440/resources__member-helper__benefit-calculator.png
1440,resources__member-helper__budget-planner.png,2374,1485,33.32,CHANGED,audit/screenshots/diff/1440/resources__member-helper__budget-planner.png
1440,resources__member-helper__budget-planner____q__conesso_link_tag_ebd837df0_utm_campaign_Jan_2B26_2BNewsletter_utm_medium_email_utm_source_Conesso.png,2374,1485,33.32,CHANGED,audit/screenshots/diff/1440/resources__member-helper__budget-planner____q__conesso_link_tag_ebd837df0_utm_campaign_Jan_2B26_2BNewsletter_utm_medium_email_utm_source_Conesso.png
1440,resources__member-helper__debt-advice-locator.png,1778,1485,37.58,CHANGED,audit/screenshots/diff/1440/resources__member-helper__debt-advice-locator.png
1440,resources__member-helper__debt-advice-locator____q__conesso_link_tag_ebd837df0_utm_campaign_Jan_2B26_2BNewsletter_utm_medium_email_utm_source_Conesso.png,1778,1485,37.58,CHANGED,audit/screenshots/diff/1440/resources__member-helper__debt-advice-locator____q__conesso_link_tag_ebd837df0_utm_campaign_Jan_2B26_2BNewsletter_utm_medium_email_utm_source_Conesso.png
1440,retail-therapy-or-financial-trap-the-real-reason-we-overspend.png,4461,4493,13.94,CHANGED,audit/screenshots/diff/1440/retail-therapy-or-financial-trap-the-real-reason-we-overspend.png
1440,save-now-spend-later.png,3000,2912,12.37,CHANGED,audit/screenshots/diff/1440/save-now-spend-later.png
1440,saving-money-for-life-events.png,3687,4637,32.43,CHANGED,audit/screenshots/diff/1440/saving-money-for-life-events.png
1440,savings.png,3434,3662,25.48,CHANGED,audit/screenshots/diff/1440/savings.png
1440,savings__365-saver.png,3166,3203,11.62,CHANGED,audit/screenshots/diff/1440/savings__365-saver.png
1440,savings__christmas-saver.png,3227,3264,13.04,CHANGED,audit/screenshots/diff/1440/savings__christmas-saver.png
1440,savings__life-savings-insurance-protection.png,3454,3588,15.67,CHANGED,audit/screenshots/diff/1440/savings__life-savings-insurance-protection.png
1440,savings__member-saver.png,3518,3585,16.04,CHANGED,audit/screenshots/diff/1440/savings__member-saver.png
1440,savings__premium-saver.png,3416,3453,10.60,CHANGED,audit/screenshots/diff/1440/savings__premium-saver.png
1440,savings__prizesaver.png,3233,3269,12.85,CHANGED,audit/screenshots/diff/1440/savings__prizesaver.png
1440,savings__young-saver.png,3391,3427,10.70,CHANGED,audit/screenshots/diff/1440/savings__young-saver.png
1440,shocking-truth-about-short-term-credit.png,2927,2838,12.42,CHANGED,audit/screenshots/diff/1440/shocking-truth-about-short-term-credit.png
1440,simple-money-management-tips.png,3550,3355,16.24,CHANGED,audit/screenshots/diff/1440/simple-money-management-tips.png
1440,simplify-your-personal-finance-options.png,3115,2956,15.73,CHANGED,audit/screenshots/diff/1440/simplify-your-personal-finance-options.png
1440,summer-fun-on-a-budget.png,6365,6180,26.20,CHANGED,audit/screenshots/diff/1440/summer-fun-on-a-budget.png
1440,supporting-our-members-through-covid-19.png,5520,5325,11.43,CHANGED,audit/screenshots/diff/1440/supporting-our-members-through-covid-19.png
1440,tag__budget.png,1603,1692,6.95,CHANGED,audit/screenshots/diff/1440/tag__budget.png
1440,tag__summer.png,1603,1692,6.95,CHANGED,audit/screenshots/diff/1440/tag__summer.png
1440,test.png,2025,900,43.84,CHANGED,audit/screenshots/diff/1440/test.png
1440,thank-you-for-your-interest-agm-2024.png,2157,2218,10.34,CHANGED,audit/screenshots/diff/1440/thank-you-for-your-interest-agm-2024.png
1440,thank-you-for-your-interest-agm-2025.png,2157,2218,9.91,CHANGED,audit/screenshots/diff/1440/thank-you-for-your-interest-agm-2025.png
1440,thank-you-for-your-interest-agm-2026.png,2261,2218,13.74,CHANGED,audit/screenshots/diff/1440/thank-you-for-your-interest-agm-2026.png
1440,the-gmbcu-member-hub-is-coming-in-june-2026.png,3433,3305,26.30,CHANGED,audit/screenshots/diff/1440/the-gmbcu-member-hub-is-coming-in-june-2026.png
1440,ultimate-guide-open-banking.png,5951,5329,16.10,CHANGED,audit/screenshots/diff/1440/ultimate-guide-open-banking.png
1440,virtuous-circle.png,3373,3613,20.52,CHANGED,audit/screenshots/diff/1440/virtuous-circle.png
1440,we-are-delivering-how-were-responding-our-members-needs.png,2772,2648,15.33,CHANGED,audit/screenshots/diff/1440/we-are-delivering-how-were-responding-our-members-needs.png
1440,we-asked-our-members-describe-us-3-words.png,1778,1839,16.10,CHANGED,audit/screenshots/diff/1440/we-asked-our-members-describe-us-3-words.png
1440,what-a-change-of-government-means-for-your-wallet.png,3903,4142,19.69,CHANGED,audit/screenshots/diff/1440/what-a-change-of-government-means-for-your-wallet.png
1440,what-credit-and-why-does-it-matter.png,2982,3699,22.15,CHANGED,audit/screenshots/diff/1440/what-credit-and-why-does-it-matter.png
1440,what-do-members-need-know-applying-loan.png,3223,3089,14.29,CHANGED,audit/screenshots/diff/1440/what-do-members-need-know-applying-loan.png
1440,what-do-our-members-most-about-us.png,1778,1839,17.19,CHANGED,audit/screenshots/diff/1440/what-do-our-members-most-about-us.png
1440,what-is-a-credit-union-and-how-does-it-work.png,2973,3063,3.30,CHANGED,audit/screenshots/diff/1440/what-is-a-credit-union-and-how-does-it-work.png
1440,where-go-if-youre-feeling-stressed-about-money.png,3502,3591,3.08,CHANGED,audit/screenshots/diff/1440/where-go-if-youre-feeling-stressed-about-money.png
1440,which-loan-best-you.png,5433,5157,13.92,CHANGED,audit/screenshots/diff/1440/which-loan-best-you.png
1440,why-credit-unions-are-now-more-important-ever.png,3126,2966,16.35,CHANGED,audit/screenshots/diff/1440/why-credit-unions-are-now-more-important-ever.png
1440,why-is-saving-money-important.png,4144,5822,32.71,CHANGED,audit/screenshots/diff/1440/why-is-saving-money-important.png
1440,why-our-members-choose-us.png,1742,1839,16.89,CHANGED,audit/screenshots/diff/1440/why-our-members-choose-us.png
1440,working-towards-brighter-financial-future.png,4301,4623,13.98,CHANGED,audit/screenshots/diff/1440/working-towards-brighter-financial-future.png
1440,your-money-now-and-whats-next.png,3525,3258,19.56,CHANGED,audit/screenshots/diff/1440/your-money-now-and-whats-next.png
1440,your-phone-may-be-giving-fraudsters-a-way-into-your-finances.png,3254,3221,9.28,CHANGED,audit/screenshots/diff/1440/your-phone-may-be-giving-fraudsters-a-way-into-your-finances.png
768,10-ways-improve-your-credit-score.png,3733,3827,3.69,CHANGED,audit/screenshots/diff/768/10-ways-improve-your-credit-score.png
768,2023-agm-summary.png,2299,2179,17.78,CHANGED,audit/screenshots/diff/768/2023-agm-summary.png
768,2024-agm-summary.png,2299,2179,17.82,CHANGED,audit/screenshots/diff/768/2024-agm-summary.png
768,2025-agm-summary.png,2086,2250,14.38,CHANGED,audit/screenshots/diff/768/2025-agm-summary.png
768,2026-agm-summary.png,2086,2250,14.38,CHANGED,audit/screenshots/diff/768/2026-agm-summary.png
768,7-ways-to-save-money-over-the-summer-holidays.png,4491,4600,17.55,CHANGED,audit/screenshots/diff/768/7-ways-to-save-money-over-the-summer-holidays.png
768,__q__page_0.png,5529,5383,26.22,CHANGED,audit/screenshots/diff/768/__q__page_0.png
768,__q__s_test.png,1024,5383,39.09,CHANGED,audit/screenshots/diff/768/__q__s_test.png
768,about-us.png,3213,3162,18.33,CHANGED,audit/screenshots/diff/768/about-us.png
768,alternatives-short-term-credit.png,2718,2670,13.64,CHANGED,audit/screenshots/diff/768/alternatives-short-term-credit.png
768,annual-general-meeting-2024.png,3045,2962,15.78,CHANGED,audit/screenshots/diff/768/annual-general-meeting-2024.png
768,annual-general-meeting-2025.png,3045,2962,20.45,CHANGED,audit/screenshots/diff/768/annual-general-meeting-2025.png
768,annual-general-meeting-2026.png,3262,2959,34.91,CHANGED,audit/screenshots/diff/768/annual-general-meeting-2026.png
768,avoid-loan-sharks-and-stay-smart-with-your-money.png,3981,5127,41.36,CHANGED,audit/screenshots/diff/768/avoid-loan-sharks-and-stay-smart-with-your-money.png
768,become-a-credit-union-advocate.png,1635,1566,17.25,CHANGED,audit/screenshots/diff/768/become-a-credit-union-advocate.png
768,cash-flow-king.png,3536,3417,15.20,CHANGED,audit/screenshots/diff/768/cash-flow-king.png
768,category__uncategorised.png,3061,3227,22.72,CHANGED,audit/screenshots/diff/768/category__uncategorised.png
768,category__uncategorised__page__2.png,3061,3227,23.08,CHANGED,audit/screenshots/diff/768/category__uncategorised__page__2.png
768,category__uncategorised__page__3.png,3091,3278,21.65,CHANGED,audit/screenshots/diff/768/category__uncategorised__page__3.png
768,category__uncategorised__page__4.png,3061,3251,24.85,CHANGED,audit/screenshots/diff/768/category__uncategorised__page__4.png
768,category__uncategorised__page__5.png,3061,3227,29.98,CHANGED,audit/screenshots/diff/768/category__uncategorised__page__5.png
768,category__uncategorised__page__6.png,3061,3251,31.76,CHANGED,audit/screenshots/diff/768/category__uncategorised__page__6.png
768,category__uncategorised__page__7.png,3061,3227,29.17,CHANGED,audit/screenshots/diff/768/category__uncategorised__page__7.png
768,category__uncategorised__page__8.png,3061,3227,29.66,CHANGED,audit/screenshots/diff/768/category__uncategorised__page__8.png
768,celebrating-25-years-of-gmbcu.png,3893,4460,43.95,CHANGED,audit/screenshots/diff/768/celebrating-25-years-of-gmbcu.png
768,celebrating-two-years-members-prize-draw.png,5340,4773,20.43,CHANGED,audit/screenshots/diff/768/celebrating-two-years-members-prize-draw.png
768,childrens-financial-education.png,4088,3806,20.15,CHANGED,audit/screenshots/diff/768/childrens-financial-education.png
768,complaints.png,2387,2481,7.19,CHANGED,audit/screenshots/diff/768/complaints.png
768,consolidation-loans-plan-brighter-financial-future.png,3780,3584,18.02,CHANGED,audit/screenshots/diff/768/consolidation-loans-plan-brighter-financial-future.png
768,contact-us.png,2417,2346,16.33,CHANGED,audit/screenshots/diff/768/contact-us.png
768,contact-us____q__conesso_link_tag_ebd837df0_utm_campaign_Jan_2B26_2BNewsletter_utm_medium_email_utm_source_Conesso.png,2417,2346,16.33,CHANGED,audit/screenshots/diff/768/contact-us____q__conesso_link_tag_ebd837df0_utm_campaign_Jan_2B26_2BNewsletter_utm_medium_email_utm_source_Conesso.png
768,cost-of-living.png,5120,5194,20.86,CHANGED,audit/screenshots/diff/768/cost-of-living.png
768,creating-good-money-habits-save-as-you-borrow.png,1822,2268,47.77,CHANGED,audit/screenshots/diff/768/creating-good-money-habits-save-as-you-borrow.png
768,credit-crisis-real-impact-short-term-credit.png,3333,3233,15.33,CHANGED,audit/screenshots/diff/768/credit-crisis-real-impact-short-term-credit.png
768,dealing-coronavirus.png,1429,1451,9.76,CHANGED,audit/screenshots/diff/768/dealing-coronavirus.png
768,directors-area.png,1024,5383,39.11,CHANGED,audit/screenshots/diff/768/directors-area.png
768,directors-area__annual-audited-accounts.png,1024,5383,39.11,CHANGED,audit/screenshots/diff/768/directors-area__annual-audited-accounts.png
768,directors-area__annual-report.png,1024,5383,39.11,CHANGED,audit/screenshots/diff/768/directors-area__annual-report.png
768,directors-area__board-minutes.png,1024,5383,39.17,CHANGED,audit/screenshots/diff/768/directors-area__board-minutes.png
768,directors-area__budget.png,1024,5383,39.11,CHANGED,audit/screenshots/diff/768/directors-area__budget.png
768,directors-area__business-plan.png,1024,5383,39.11,CHANGED,audit/screenshots/diff/768/directors-area__business-plan.png
768,directors-area__business-policies.png,1024,5383,39.11,CHANGED,audit/screenshots/diff/768/directors-area__business-policies.png
768,directors-area__employee-policies.png,1024,5383,39.11,CHANGED,audit/screenshots/diff/768/directors-area__employee-policies.png
768,directors-area__governance.png,1024,5383,39.11,CHANGED,audit/screenshots/diff/768/directors-area__governance.png
768,directors-area__policies.png,1024,5383,39.11,CHANGED,audit/screenshots/diff/768/directors-area__policies.png
768,faqs.png,8778,8737,32.07,CHANGED,audit/screenshots/diff/768/faqs.png
768,feel-positive-about-saving-and-borrowing.png,3286,3202,14.43,CHANGED,audit/screenshots/diff/768/feel-positive-about-saving-and-borrowing.png
768,file__13th-july-2022.png,1024,1024,75.33,CHANGED,audit/screenshots/diff/768/file__13th-july-2022.png
768,file__14th-september-2022.png,1024,1024,75.22,CHANGED,audit/screenshots/diff/768/file__14th-september-2022.png
768,file__16th-december-2021.png,1024,1024,75.25,CHANGED,audit/screenshots/diff/768/file__16th-december-2021.png
768,file__23rd-february-2022.png,1024,1024,75.25,CHANGED,audit/screenshots/diff/768/file__23rd-february-2022.png
768,file__23rd-november-2022.png,1024,1024,75.23,CHANGED,audit/screenshots/diff/768/file__23rd-november-2022.png
768,file__25th-may-2022.png,1024,1024,75.31,CHANGED,audit/screenshots/diff/768/file__25th-may-2022.png
768,file__3rd-march-2026.png,1024,1024,75.30,CHANGED,audit/screenshots/diff/768/file__3rd-march-2026.png
768,file__7th-february-2023.png,1024,1024,75.26,CHANGED,audit/screenshots/diff/768/file__7th-february-2023.png
768,file__abcul-the-credit-union-directors-handbook.png,1024,1024,75.18,CHANGED,audit/screenshots/diff/768/file__abcul-the-credit-union-directors-handbook.png
768,file__agm-agenda-2024.png,1024,1024,75.43,CHANGED,audit/screenshots/diff/768/file__agm-agenda-2024.png
768,file__aml-financial-crime-policy.png,1024,1024,75.33,CHANGED,audit/screenshots/diff/768/file__aml-financial-crime-policy.png
768,file__annual-audited-accounts-2023.png,1024,1024,75.32,CHANGED,audit/screenshots/diff/768/file__annual-audited-accounts-2023.png
768,file__annual-audited-accounts.png,1024,1024,75.31,CHANGED,audit/screenshots/diff/768/file__annual-audited-accounts.png
768,file__annual-report-2023.png,1024,1024,75.43,CHANGED,audit/screenshots/diff/768/file__annual-report-2023.png
768,file__annual-report-2024.png,1024,1024,75.43,CHANGED,audit/screenshots/diff/768/file__annual-report-2024.png
768,file__annual-report.png,1024,1024,75.40,CHANGED,audit/screenshots/diff/768/file__annual-report.png
768,file__anti-bribery-corruption-policy.png,1024,1024,75.33,CHANGED,audit/screenshots/diff/768/file__anti-bribery-corruption-policy.png
768,file__april-2023-marketing-overview.png,1024,1024,75.30,CHANGED,audit/screenshots/diff/768/file__april-2023-marketing-overview.png
768,file__april-2023-monthly-loan-stats.png,1024,1024,75.31,CHANGED,audit/screenshots/diff/768/file__april-2023-monthly-loan-stats.png
768,file__april-2023-monthly-processing-stats.png,1024,1024,75.23,CHANGED,audit/screenshots/diff/768/file__april-2023-monthly-processing-stats.png
768,file__april-2023-monthly-report.png,1024,1024,75.35,CHANGED,audit/screenshots/diff/768/file__april-2023-monthly-report.png
768,file__august-2023-loan-stats-2.png,1024,1024,75.35,CHANGED,audit/screenshots/diff/768/file__august-2023-loan-stats-2.png
768,file__august-2023-loan-stats.png,1024,1024,75.35,CHANGED,audit/screenshots/diff/768/file__august-2023-loan-stats.png
768,file__august-2023-marketing-overview.png,1024,1024,75.26,CHANGED,audit/screenshots/diff/768/file__august-2023-marketing-overview.png
768,file__august-2023-monthly-processing-stats.png,1024,1024,75.18,CHANGED,audit/screenshots/diff/768/file__august-2023-monthly-processing-stats.png
768,file__august-2023-monthly-report.png,1024,1024,75.29,CHANGED,audit/screenshots/diff/768/file__august-2023-monthly-report.png
768,file__august-2023-processing-stats.png,1024,1024,75.27,CHANGED,audit/screenshots/diff/768/file__august-2023-processing-stats.png
768,file__board-minutes-14th-june-2023.png,1024,1024,75.33,CHANGED,audit/screenshots/diff/768/file__board-minutes-14th-june-2023.png
768,file__board-minutes-20th-june-2024.png,1024,1024,75.32,CHANGED,audit/screenshots/diff/768/file__board-minutes-20th-june-2024.png
768,file__board-minutes-22nd-march-2023.png,1024,1024,75.29,CHANGED,audit/screenshots/diff/768/file__board-minutes-22nd-march-2023.png
768,file__board-minutes-27th-september-2023.png,1024,1024,75.20,CHANGED,audit/screenshots/diff/768/file__board-minutes-27th-september-2023.png
768,file__board-minutes-29th-nov-2023.png,1024,1024,75.23,CHANGED,audit/screenshots/diff/768/file__board-minutes-29th-nov-2023.png
768,file__board-minutes-5th-september-2024.png,1024,1024,75.21,CHANGED,audit/screenshots/diff/768/file__board-minutes-5th-september-2024.png
768,file__board-minutes-7th-nov-2024.png,1024,1024,75.25,CHANGED,audit/screenshots/diff/768/file__board-minutes-7th-nov-2024.png
768,file__board-of-directors-report.png,1024,1024,75.37,CHANGED,audit/screenshots/diff/768/file__board-of-directors-report.png
768,file__breaches-policy.png,1024,1024,75.45,CHANGED,audit/screenshots/diff/768/file__breaches-policy.png
768,file__budget.png,1024,1024,75.48,CHANGED,audit/screenshots/diff/768/file__budget.png
768,file__bullying-and-harrassment.png,1024,1024,75.34,CHANGED,audit/screenshots/diff/768/file__bullying-and-harrassment.png
768,file__business-continuity-plan.png,1024,1024,75.37,CHANGED,audit/screenshots/diff/768/file__business-continuity-plan.png
768,file__business-plan-2024.png,1024,1024,75.43,CHANGED,audit/screenshots/diff/768/file__business-plan-2024.png
768,file__business-plan-2025.png,1024,1024,75.42,CHANGED,audit/screenshots/diff/768/file__business-plan-2025.png
768,file__business-plan.png,1024,1024,75.41,CHANGED,audit/screenshots/diff/768/file__business-plan.png
768,file__capability-and-performance-management.png,1024,1024,75.18,CHANGED,audit/screenshots/diff/768/file__capability-and-performance-management.png
768,file__code-of-governance-for-gmbcu-board.png,1024,1024,75.25,CHANGED,audit/screenshots/diff/768/file__code-of-governance-for-gmbcu-board.png
768,file__compassionate-leave.png,1024,1024,75.39,CHANGED,audit/screenshots/diff/768/file__compassionate-leave.png
768,file__complaint-handling-policy-and-procedures.png,1024,1024,75.17,CHANGED,audit/screenshots/diff/768/file__complaint-handling-policy-and-procedures.png
768,file__complaints-directors-report.png,1024,1024,75.32,CHANGED,audit/screenshots/diff/768/file__complaints-directors-report.png
768,file__compliance-framework-policies-and-procedures.png,1024,1024,75.12,CHANGED,audit/screenshots/diff/768/file__compliance-framework-policies-and-procedures.png
768,file__confidentiality-policy-declaration.png,1024,1024,75.25,CHANGED,audit/screenshots/diff/768/file__confidentiality-policy-declaration.png
768,file__conflicts-of-interest-policy.png,1024,1024,75.35,CHANGED,audit/screenshots/diff/768/file__conflicts-of-interest-policy.png
768,file__consumer-duty-implementation-plan.png,1024,1024,75.26,CHANGED,audit/screenshots/diff/768/file__consumer-duty-implementation-plan.png
768,file__consumer-duty-treating-members-fairly-policy.png,1024,1024,75.13,CHANGED,audit/screenshots/diff/768/file__consumer-duty-treating-members-fairly-policy.png
768,file__consumer-duty.png,1024,1024,75.35,CHANGED,audit/screenshots/diff/768/file__consumer-duty.png
768,file__credit-control-policy.png,1024,1024,75.40,CHANGED,audit/screenshots/diff/768/file__credit-control-policy.png
768,file__cyber-information-policy.png,1024,1024,75.35,CHANGED,audit/screenshots/diff/768/file__cyber-information-policy.png
768,file__disciplinary-procedure.png,1024,1024,75.38,CHANGED,audit/screenshots/diff/768/file__disciplinary-procedure.png
768,file__emergency-dependants-leave.png,1024,1024,75.30,CHANGED,audit/screenshots/diff/768/file__emergency-dependants-leave.png
768,file__employment-terms-conditions.png,1024,1024,75.28,CHANGED,audit/screenshots/diff/768/file__employment-terms-conditions.png
768,file__equality-diversity-inclusion.png,1024,1024,75.32,CHANGED,audit/screenshots/diff/768/file__equality-diversity-inclusion.png
768,file__february-2023-marketing-overview.png,1024,1024,75.25,CHANGED,audit/screenshots/diff/768/file__february-2023-marketing-overview.png
768,file__february-2023-monthly-loan-stats.png,1024,1024,75.26,CHANGED,audit/screenshots/diff/768/file__february-2023-monthly-loan-stats.png
768,file__february-2023-monthly-processing-stats.png,1024,1024,75.19,CHANGED,audit/screenshots/diff/768/file__february-2023-monthly-processing-stats.png
768,file__february-2023-monthly-report.png,1024,1024,75.31,CHANGED,audit/screenshots/diff/768/file__february-2023-monthly-report.png
768,file__financial-management-policy.png,1024,1024,75.33,CHANGED,audit/screenshots/diff/768/file__financial-management-policy.png
768,file__financial-promotions-policy.png,1024,1024,75.34,CHANGED,audit/screenshots/diff/768/file__financial-promotions-policy.png
768,file__flexible-working.png,1024,1024,75.44,CHANGED,audit/screenshots/diff/768/file__flexible-working.png
768,file__friends-of-gmbcu-prize-draw-report.png,1024,1024,75.25,CHANGED,audit/screenshots/diff/768/file__friends-of-gmbcu-prize-draw-report.png
768,file__gifts-hospitality-policy.png,1024,1024,75.35,CHANGED,audit/screenshots/diff/768/file__gifts-hospitality-policy.png
768,file__gmb-risk-appetite-statements-2023.png,1024,1024,75.21,CHANGED,audit/screenshots/diff/768/file__gmb-risk-appetite-statements-2023.png
768,file__gmbcu-board-evaluation.png,1024,1024,75.37,CHANGED,audit/screenshots/diff/768/file__gmbcu-board-evaluation.png
768,file__gmbcu-confidentiality-policy-declaration-form-2024.png,1024,1024,75.07,CHANGED,audit/screenshots/diff/768/file__gmbcu-confidentiality-policy-declaration-form-2024.png
768,file__gmbcu-director-recruitment-and-succession.png,1024,1024,75.16,CHANGED,audit/screenshots/diff/768/file__gmbcu-director-recruitment-and-succession.png
768,file__gmbcu-organisational-chart-2024.png,1024,1024,75.26,CHANGED,audit/screenshots/diff/768/file__gmbcu-organisational-chart-2024.png
768,file__gmbcu-risk-appetite-statement-2024.png,1024,1024,75.20,CHANGED,audit/screenshots/diff/768/file__gmbcu-risk-appetite-statement-2024.png
768,file__governance-and-senior-management.png,1024,1024,75.13,CHANGED,audit/screenshots/diff/768/file__governance-and-senior-management.png
768,file__governance-for-effective-boards.png,1024,1024,75.30,CHANGED,audit/screenshots/diff/768/file__governance-for-effective-boards.png
768,file__governance-roles.png,1024,1024,75.44,CHANGED,audit/screenshots/diff/768/file__governance-roles.png
768,file__governance-statement-on-authorities.png,1024,1024,75.25,CHANGED,audit/screenshots/diff/768/file__governance-statement-on-authorities.png
768,file__governance.png,1024,1024,75.50,CHANGED,audit/screenshots/diff/768/file__governance.png
768,file__health-safety.png,1024,1024,75.44,CHANGED,audit/screenshots/diff/768/file__health-safety.png
768,file__information-security-policy.png,1024,1024,75.35,CHANGED,audit/screenshots/diff/768/file__information-security-policy.png
768,file__it-infrastructure.png,1024,1024,75.46,CHANGED,audit/screenshots/diff/768/file__it-infrastructure.png
768,file__january-2023-marketing-overview.png,1024,1024,75.27,CHANGED,audit/screenshots/diff/768/file__january-2023-marketing-overview.png
768,file__january-2023-monthly-loan-stat.png,1024,1024,75.29,CHANGED,audit/screenshots/diff/768/file__january-2023-monthly-loan-stat.png
768,file__january-2023-monthly-processing-stats.png,1024,1024,75.20,CHANGED,audit/screenshots/diff/768/file__january-2023-monthly-processing-stats.png
768,file__january-2023-monthly-report.png,1024,1024,75.32,CHANGED,audit/screenshots/diff/768/file__january-2023-monthly-report.png
768,file__july-2023-marketing-overview.png,1024,1024,75.31,CHANGED,audit/screenshots/diff/768/file__july-2023-marketing-overview.png
768,file__july-2023-monthly-loan-stats.png,1024,1024,75.32,CHANGED,audit/screenshots/diff/768/file__july-2023-monthly-loan-stats.png
768,file__july-2023-monthly-processing-stats.png,1024,1024,75.24,CHANGED,audit/screenshots/diff/768/file__july-2023-monthly-processing-stats.png
768,file__july-2023-monthly-report.png,1024,1024,75.36,CHANGED,audit/screenshots/diff/768/file__july-2023-monthly-report.png
768,file__june-2023-marketing-overview.png,1024,1024,75.31,CHANGED,audit/screenshots/diff/768/file__june-2023-marketing-overview.png
768,file__june-2023-monthly-loan-stats.png,1024,1024,75.31,CHANGED,audit/screenshots/diff/768/file__june-2023-monthly-loan-stats.png
768,file__june-2023-monthly-processing-stats.png,1024,1024,75.23,CHANGED,audit/screenshots/diff/768/file__june-2023-monthly-processing-stats.png
768,file__june-2023-monthly-report.png,1024,1024,75.35,CHANGED,audit/screenshots/diff/768/file__june-2023-monthly-report.png
768,file__liquidity-policy.png,1024,1024,75.45,CHANGED,audit/screenshots/diff/768/file__liquidity-policy.png
768,file__loan-stats-april-2025.png,1024,1024,75.40,CHANGED,audit/screenshots/diff/768/file__loan-stats-april-2025.png
768,file__loan-stats-jan-2025.png,1024,1024,75.39,CHANGED,audit/screenshots/diff/768/file__loan-stats-jan-2025.png
768,file__loan-stats-july-2024.png,1024,1024,75.39,CHANGED,audit/screenshots/diff/768/file__loan-stats-july-2024.png
768,file__loan-stats-march-2024.png,1024,1024,75.38,CHANGED,audit/screenshots/diff/768/file__loan-stats-march-2024.png
768,file__loan-stats-march-2025.png,1024,1024,75.38,CHANGED,audit/screenshots/diff/768/file__loan-stats-march-2025.png
768,file__loan-stats-october-2023.png,1024,1024,75.34,CHANGED,audit/screenshots/diff/768/file__loan-stats-october-2023.png
768,file__loans-policy.png,1024,1024,75.50,CHANGED,audit/screenshots/diff/768/file__loans-policy.png
768,file__march-2023-marketing-overview.png,1024,1024,75.29,CHANGED,audit/screenshots/diff/768/file__march-2023-marketing-overview.png
768,file__march-2023-monthly-loan-stats.png,1024,1024,75.30,CHANGED,audit/screenshots/diff/768/file__march-2023-monthly-loan-stats.png
768,file__march-2023-monthly-processing-stats.png,1024,1024,75.22,CHANGED,audit/screenshots/diff/768/file__march-2023-monthly-processing-stats.png
768,file__march-2023-monthly-report.png,1024,1024,75.34,CHANGED,audit/screenshots/diff/768/file__march-2023-monthly-report.png
768,file__marketing-overview-10.png,1024,1024,75.40,CHANGED,audit/screenshots/diff/768/file__marketing-overview-10.png
768,file__marketing-overview-11.png,1024,1024,75.40,CHANGED,audit/screenshots/diff/768/file__marketing-overview-11.png
768,file__marketing-overview-12.png,1024,1024,75.42,CHANGED,audit/screenshots/diff/768/file__marketing-overview-12.png
768,file__marketing-overview-13.png,1024,1024,75.41,CHANGED,audit/screenshots/diff/768/file__marketing-overview-13.png
768,file__marketing-overview-14.png,1024,1024,75.42,CHANGED,audit/screenshots/diff/768/file__marketing-overview-14.png
768,file__marketing-overview-15.png,1024,1024,75.42,CHANGED,audit/screenshots/diff/768/file__marketing-overview-15.png
768,file__marketing-overview-16.png,1024,1024,75.43,CHANGED,audit/screenshots/diff/768/file__marketing-overview-16.png
768,file__marketing-overview-17.png,1024,1024,75.42,CHANGED,audit/screenshots/diff/768/file__marketing-overview-17.png
768,file__marketing-overview-18.png,1024,1024,75.43,CHANGED,audit/screenshots/diff/768/file__marketing-overview-18.png
768,file__marketing-overview-19.png,1024,1024,75.41,CHANGED,audit/screenshots/diff/768/file__marketing-overview-19.png
768,file__marketing-overview-2.png,1024,1024,75.41,CHANGED,audit/screenshots/diff/768/file__marketing-overview-2.png
768,file__marketing-overview-20.png,1024,1024,75.40,CHANGED,audit/screenshots/diff/768/file__marketing-overview-20.png
768,file__marketing-overview-21.png,1024,1024,75.40,CHANGED,audit/screenshots/diff/768/file__marketing-overview-21.png
768,file__marketing-overview-22.png,1024,1024,75.40,CHANGED,audit/screenshots/diff/768/file__marketing-overview-22.png
768,file__marketing-overview-23.png,1024,1024,75.41,CHANGED,audit/screenshots/diff/768/file__marketing-overview-23.png
768,file__marketing-overview-24.png,1024,1024,75.41,CHANGED,audit/screenshots/diff/768/file__marketing-overview-24.png
768,file__marketing-overview-25.png,1024,1024,75.42,CHANGED,audit/screenshots/diff/768/file__marketing-overview-25.png
768,file__marketing-overview-26.png,1024,1024,75.42,CHANGED,audit/screenshots/diff/768/file__marketing-overview-26.png
768,file__marketing-overview-27.png,1024,1024,75.43,CHANGED,audit/screenshots/diff/768/file__marketing-overview-27.png
768,file__marketing-overview-28.png,1024,1024,75.42,CHANGED,audit/screenshots/diff/768/file__marketing-overview-28.png
768,file__marketing-overview-29.png,1024,1024,75.42,CHANGED,audit/screenshots/diff/768/file__marketing-overview-29.png
768,file__marketing-overview-3.png,1024,1024,75.43,CHANGED,audit/screenshots/diff/768/file__marketing-overview-3.png
768,file__marketing-overview-30.png,1024,1024,75.41,CHANGED,audit/screenshots/diff/768/file__marketing-overview-30.png
768,file__marketing-overview-31.png,1024,1024,75.39,CHANGED,audit/screenshots/diff/768/file__marketing-overview-31.png
768,file__marketing-overview-4.png,1024,1024,75.43,CHANGED,audit/screenshots/diff/768/file__marketing-overview-4.png
768,file__marketing-overview-5.png,1024,1024,75.43,CHANGED,audit/screenshots/diff/768/file__marketing-overview-5.png
768,file__marketing-overview-6.png,1024,1024,75.43,CHANGED,audit/screenshots/diff/768/file__marketing-overview-6.png
768,file__marketing-overview-7.png,1024,1024,75.41,CHANGED,audit/screenshots/diff/768/file__marketing-overview-7.png
768,file__marketing-overview-8.png,1024,1024,75.40,CHANGED,audit/screenshots/diff/768/file__marketing-overview-8.png
768,file__marketing-overview-9.png,1024,1024,75.41,CHANGED,audit/screenshots/diff/768/file__marketing-overview-9.png
768,file__marketing-overview.png,1024,1024,75.40,CHANGED,audit/screenshots/diff/768/file__marketing-overview.png
768,file__marketing-report-december-2023.png,1024,1024,75.27,CHANGED,audit/screenshots/diff/768/file__marketing-report-december-2023.png
768,file__marketing-report-february-2024.png,1024,1024,75.29,CHANGED,audit/screenshots/diff/768/file__marketing-report-february-2024.png
768,file__marketing-report-january-2024.png,1024,1024,75.29,CHANGED,audit/screenshots/diff/768/file__marketing-report-january-2024.png
768,file__maternity-paternity-adoption.png,1024,1024,75.28,CHANGED,audit/screenshots/diff/768/file__maternity-paternity-adoption.png
768,file__may-2023-marketing-overview.png,1024,1024,75.30,CHANGED,audit/screenshots/diff/768/file__may-2023-marketing-overview.png
768,file__may-2023-monthly-loan-stats.png,1024,1024,75.31,CHANGED,audit/screenshots/diff/768/file__may-2023-monthly-loan-stats.png
768,file__may-2023-monthly-processing-stats.png,1024,1024,75.23,CHANGED,audit/screenshots/diff/768/file__may-2023-monthly-processing-stats.png
768,file__may-2023-monthly-report.png,1024,1024,75.35,CHANGED,audit/screenshots/diff/768/file__may-2023-monthly-report.png
768,file__member-processing-statistics-october-2025.png,1024,1024,75.11,CHANGED,audit/screenshots/diff/768/file__member-processing-statistics-october-2025.png
768,file__menopause.png,1024,1024,75.50,CHANGED,audit/screenshots/diff/768/file__menopause.png
768,file__minutes-of-the-2023-agm.png,1024,1024,75.36,CHANGED,audit/screenshots/diff/768/file__minutes-of-the-2023-agm.png
768,file__money-laundering-officers-report.png,1024,1024,75.26,CHANGED,audit/screenshots/diff/768/file__money-laundering-officers-report.png
768,file__monthly-loan-stats-april-2024.png,1024,1024,75.31,CHANGED,audit/screenshots/diff/768/file__monthly-loan-stats-april-2024.png
768,file__monthly-loan-stats-april-2026.png,1024,1024,75.30,CHANGED,audit/screenshots/diff/768/file__monthly-loan-stats-april-2026.png
768,file__monthly-loan-stats-august-2024.png,1024,1024,75.25,CHANGED,audit/screenshots/diff/768/file__monthly-loan-stats-august-2024.png
768,file__monthly-loan-stats-august-2025.png,1024,1024,75.24,CHANGED,audit/screenshots/diff/768/file__monthly-loan-stats-august-2025.png
768,file__monthly-loan-stats-august-2026.png,1024,1024,75.24,CHANGED,audit/screenshots/diff/768/file__monthly-loan-stats-august-2026.png
768,file__monthly-loan-stats-dec-2024.png,1024,1024,75.30,CHANGED,audit/screenshots/diff/768/file__monthly-loan-stats-dec-2024.png
768,file__monthly-loan-stats-december-2023.png,1024,1024,75.23,CHANGED,audit/screenshots/diff/768/file__monthly-loan-stats-december-2023.png
768,file__monthly-loan-stats-december-2025.png,1024,1024,75.23,CHANGED,audit/screenshots/diff/768/file__monthly-loan-stats-december-2025.png
768,file__monthly-loan-stats-feb-2024.png,1024,1024,75.31,CHANGED,audit/screenshots/diff/768/file__monthly-loan-stats-feb-2024.png
768,file__monthly-loan-stats-february-2026.png,1024,1024,75.25,CHANGED,audit/screenshots/diff/768/file__monthly-loan-stats-february-2026.png
768,file__monthly-loan-stats-jan-2024.png,1024,1024,75.31,CHANGED,audit/screenshots/diff/768/file__monthly-loan-stats-jan-2024.png
768,file__monthly-loan-stats-january-2026.png,1024,1024,75.25,CHANGED,audit/screenshots/diff/768/file__monthly-loan-stats-january-2026.png
768,file__monthly-loan-stats-july-2025.png,1024,1024,75.30,CHANGED,audit/screenshots/diff/768/file__monthly-loan-stats-july-2025.png
768,file__monthly-loan-stats-july-2026.png,1024,1024,75.31,CHANGED,audit/screenshots/diff/768/file__monthly-loan-stats-july-2026.png
768,file__monthly-loan-stats-june-2024.png,1024,1024,75.32,CHANGED,audit/screenshots/diff/768/file__monthly-loan-stats-june-2024.png
768,file__monthly-loan-stats-june-2025.png,1024,1024,75.31,CHANGED,audit/screenshots/diff/768/file__monthly-loan-stats-june-2025.png
768,file__monthly-loan-stats-june-2026.png,1024,1024,75.31,CHANGED,audit/screenshots/diff/768/file__monthly-loan-stats-june-2026.png
768,file__monthly-loan-stats-march-2026.png,1024,1024,75.29,CHANGED,audit/screenshots/diff/768/file__monthly-loan-stats-march-2026.png
768,file__monthly-loan-stats-may-2024.png,1024,1024,75.31,CHANGED,audit/screenshots/diff/768/file__monthly-loan-stats-may-2024.png
768,file__monthly-loan-stats-may-2025.png,1024,1024,75.30,CHANGED,audit/screenshots/diff/768/file__monthly-loan-stats-may-2025.png
768,file__monthly-loan-stats-may-2026.png,1024,1024,75.31,CHANGED,audit/screenshots/diff/768/file__monthly-loan-stats-may-2026.png
768,file__monthly-loan-stats-nov-2023.png,1024,1024,75.29,CHANGED,audit/screenshots/diff/768/file__monthly-loan-stats-nov-2023.png
768,file__monthly-loan-stats-nov-2024.png,1024,1024,75.29,CHANGED,audit/screenshots/diff/768/file__monthly-loan-stats-nov-2024.png
768,file__monthly-loan-stats-november-2025.png,1024,1024,75.22,CHANGED,audit/screenshots/diff/768/file__monthly-loan-stats-november-2025.png
768,file__monthly-loan-stats-october-2024.png,1024,1024,75.25,CHANGED,audit/screenshots/diff/768/file__monthly-loan-stats-october-2024.png
768,file__monthly-loan-stats-october-2025.png,1024,1024,75.24,CHANGED,audit/screenshots/diff/768/file__monthly-loan-stats-october-2025.png
768,file__monthly-loan-stats-sep-2024.png,1024,1024,75.29,CHANGED,audit/screenshots/diff/768/file__monthly-loan-stats-sep-2024.png
768,file__monthly-loan-stats-september-2025.png,1024,1024,75.21,CHANGED,audit/screenshots/diff/768/file__monthly-loan-stats-september-2025.png
768,file__monthly-loan-stats-september-2026.png,1024,1024,75.21,CHANGED,audit/screenshots/diff/768/file__monthly-loan-stats-september-2026.png
768,file__monthly-loan-stats.png,1024,1024,75.42,CHANGED,audit/screenshots/diff/768/file__monthly-loan-stats.png
768,file__monthly-processing-stats-april-2024.png,1024,1024,75.23,CHANGED,audit/screenshots/diff/768/file__monthly-processing-stats-april-2024.png
768,file__monthly-processing-stats-april-2026.png,1024,1024,75.22,CHANGED,audit/screenshots/diff/768/file__monthly-processing-stats-april-2026.png
768,file__monthly-processing-stats-august-2024.png,1024,1024,75.17,CHANGED,audit/screenshots/diff/768/file__monthly-processing-stats-august-2024.png
768,file__monthly-processing-stats-august-2025.png,1024,1024,75.16,CHANGED,audit/screenshots/diff/768/file__monthly-processing-stats-august-2025.png
768,file__monthly-processing-stats-december-2024.png,1024,1024,75.16,CHANGED,audit/screenshots/diff/768/file__monthly-processing-stats-december-2024.png
768,file__monthly-processing-stats-december-2025.png,1024,1024,75.15,CHANGED,audit/screenshots/diff/768/file__monthly-processing-stats-december-2025.png
768,file__monthly-processing-stats-feb-2024.png,1024,1024,75.24,CHANGED,audit/screenshots/diff/768/file__monthly-processing-stats-feb-2024.png
768,file__monthly-processing-stats-february-2026.png,1024,1024,75.17,CHANGED,audit/screenshots/diff/768/file__monthly-processing-stats-february-2026.png
768,file__monthly-processing-stats-jan-2024.png,1024,1024,75.22,CHANGED,audit/screenshots/diff/768/file__monthly-processing-stats-jan-2024.png
768,file__monthly-processing-stats-january.png,1024,1024,75.17,CHANGED,audit/screenshots/diff/768/file__monthly-processing-stats-january.png
768,file__monthly-processing-stats-july-2024.png,1024,1024,75.22,CHANGED,audit/screenshots/diff/768/file__monthly-processing-stats-july-2024.png
768,file__monthly-processing-stats-july-2025.png,1024,1024,75.22,CHANGED,audit/screenshots/diff/768/file__monthly-processing-stats-july-2025.png
768,file__monthly-processing-stats-july-2026.png,1024,1024,75.23,CHANGED,audit/screenshots/diff/768/file__monthly-processing-stats-july-2026.png
768,file__monthly-processing-stats-june-2024.png,1024,1024,75.24,CHANGED,audit/screenshots/diff/768/file__monthly-processing-stats-june-2024.png
768,file__monthly-processing-stats-june-2025.png,1024,1024,75.23,CHANGED,audit/screenshots/diff/768/file__monthly-processing-stats-june-2025.png
768,file__monthly-processing-stats-june-2026.png,1024,1024,75.23,CHANGED,audit/screenshots/diff/768/file__monthly-processing-stats-june-2026.png
768,file__monthly-processing-stats-march-2026.png,1024,1024,75.20,CHANGED,audit/screenshots/diff/768/file__monthly-processing-stats-march-2026.png
768,file__monthly-processing-stats-may-2024.png,1024,1024,75.23,CHANGED,audit/screenshots/diff/768/file__monthly-processing-stats-may-2024.png
768,file__monthly-processing-stats-may-2025.png,1024,1024,75.22,CHANGED,audit/screenshots/diff/768/file__monthly-processing-stats-may-2025.png
768,file__monthly-processing-stats-may-2026.png,1024,1024,75.23,CHANGED,audit/screenshots/diff/768/file__monthly-processing-stats-may-2026.png
768,file__monthly-processing-stats-nov-2023.png,1024,1024,75.21,CHANGED,audit/screenshots/diff/768/file__monthly-processing-stats-nov-2023.png
768,file__monthly-processing-stats-nov-2024.png,1024,1024,75.21,CHANGED,audit/screenshots/diff/768/file__monthly-processing-stats-nov-2024.png
768,file__monthly-processing-stats-november-2025.png,1024,1024,75.14,CHANGED,audit/screenshots/diff/768/file__monthly-processing-stats-november-2025.png
768,file__monthly-processing-stats-october-2024.png,1024,1024,75.17,CHANGED,audit/screenshots/diff/768/file__monthly-processing-stats-october-2024.png
768,file__monthly-processing-stats-october-2025.png,1024,1024,75.16,CHANGED,audit/screenshots/diff/768/file__monthly-processing-stats-october-2025.png
768,file__monthly-processing-stats-sep-2024.png,1024,1024,75.22,CHANGED,audit/screenshots/diff/768/file__monthly-processing-stats-sep-2024.png
768,file__monthly-processing-stats-september-2025.png,1024,1024,75.13,CHANGED,audit/screenshots/diff/768/file__monthly-processing-stats-september-2025.png
768,file__monthly-processing-stats-september-2026.png,1024,1024,75.13,CHANGED,audit/screenshots/diff/768/file__monthly-processing-stats-september-2026.png
768,file__monthly-processing-stats.png,1024,1024,75.34,CHANGED,audit/screenshots/diff/768/file__monthly-processing-stats.png
768,file__monthly-report-2.png,1024,1024,75.45,CHANGED,audit/screenshots/diff/768/file__monthly-report-2.png
768,file__monthly-report-april-2025.png,1024,1024,75.34,CHANGED,audit/screenshots/diff/768/file__monthly-report-april-2025.png
768,file__monthly-report-april-2026.png,1024,1024,75.34,CHANGED,audit/screenshots/diff/768/file__monthly-report-april-2026.png
768,file__monthly-report-august-2024.png,1024,1024,75.29,CHANGED,audit/screenshots/diff/768/file__monthly-report-august-2024.png
768,file__monthly-report-august-2025.png,1024,1024,75.28,CHANGED,audit/screenshots/diff/768/file__monthly-report-august-2025.png
768,file__monthly-report-august-2026-2.png,1024,1024,75.29,CHANGED,audit/screenshots/diff/768/file__monthly-report-august-2026-2.png
768,file__monthly-report-august-2026.png,1024,1024,75.28,CHANGED,audit/screenshots/diff/768/file__monthly-report-august-2026.png
768,file__monthly-report-dec-2023-2.png,1024,1024,75.33,CHANGED,audit/screenshots/diff/768/file__monthly-report-dec-2023-2.png
768,file__monthly-report-dec-2023.png,1024,1024,75.22,CHANGED,audit/screenshots/diff/768/file__monthly-report-dec-2023.png
768,file__monthly-report-dec-2024.png,1024,1024,75.33,CHANGED,audit/screenshots/diff/768/file__monthly-report-dec-2024.png
768,file__monthly-report-december-2025.png,1024,1024,75.27,CHANGED,audit/screenshots/diff/768/file__monthly-report-december-2025.png
768,file__monthly-report-feb-2024.png,1024,1024,75.35,CHANGED,audit/screenshots/diff/768/file__monthly-report-feb-2024.png
768,file__monthly-report-february-2026.png,1024,1024,75.29,CHANGED,audit/screenshots/diff/768/file__monthly-report-february-2026.png
768,file__monthly-report-jan-2024.png,1024,1024,75.34,CHANGED,audit/screenshots/diff/768/file__monthly-report-jan-2024.png
768,file__monthly-report-jan-2025.png,1024,1024,75.33,CHANGED,audit/screenshots/diff/768/file__monthly-report-jan-2025.png
768,file__monthly-report-january-2026.png,1024,1024,75.29,CHANGED,audit/screenshots/diff/768/file__monthly-report-january-2026.png
768,file__monthly-report-july-2024.png,1024,1024,75.34,CHANGED,audit/screenshots/diff/768/file__monthly-report-july-2024.png
768,file__monthly-report-july-2025.png,1024,1024,75.33,CHANGED,audit/screenshots/diff/768/file__monthly-report-july-2025.png
768,file__monthly-report-july-2026.png,1024,1024,75.34,CHANGED,audit/screenshots/diff/768/file__monthly-report-july-2026.png
768,file__monthly-report-june-2024.png,1024,1024,75.35,CHANGED,audit/screenshots/diff/768/file__monthly-report-june-2024.png
768,file__monthly-report-june-2025.png,1024,1024,75.34,CHANGED,audit/screenshots/diff/768/file__monthly-report-june-2025.png
768,file__monthly-report-june-2026.png,1024,1024,75.34,CHANGED,audit/screenshots/diff/768/file__monthly-report-june-2026.png
768,file__monthly-report-march-2024-2.png,1024,1024,75.33,CHANGED,audit/screenshots/diff/768/file__monthly-report-march-2024-2.png
768,file__monthly-report-march-2024.png,1024,1024,75.21,CHANGED,audit/screenshots/diff/768/file__monthly-report-march-2024.png
768,file__monthly-report-march-2025.png,1024,1024,75.33,CHANGED,audit/screenshots/diff/768/file__monthly-report-march-2025.png
768,file__monthly-report-march-2026.png,1024,1024,75.33,CHANGED,audit/screenshots/diff/768/file__monthly-report-march-2026.png
768,file__monthly-report-may-2024.png,1024,1024,75.35,CHANGED,audit/screenshots/diff/768/file__monthly-report-may-2024.png
768,file__monthly-report-may-2025.png,1024,1024,75.34,CHANGED,audit/screenshots/diff/768/file__monthly-report-may-2025.png
768,file__monthly-report-may-2026.png,1024,1024,75.34,CHANGED,audit/screenshots/diff/768/file__monthly-report-may-2026.png
768,file__monthly-report-nov-2023.png,1024,1024,75.33,CHANGED,audit/screenshots/diff/768/file__monthly-report-nov-2023.png
768,file__monthly-report-nov-2024.png,1024,1024,75.33,CHANGED,audit/screenshots/diff/768/file__monthly-report-nov-2024.png
768,file__monthly-report-november-2025.png,1024,1024,75.25,CHANGED,audit/screenshots/diff/768/file__monthly-report-november-2025.png
768,file__monthly-report-october-2023.png,1024,1024,75.28,CHANGED,audit/screenshots/diff/768/file__monthly-report-october-2023.png
768,file__monthly-report-october-2024.png,1024,1024,75.28,CHANGED,audit/screenshots/diff/768/file__monthly-report-october-2024.png
768,file__monthly-report-sep-2024.png,1024,1024,75.33,CHANGED,audit/screenshots/diff/768/file__monthly-report-sep-2024.png
768,file__monthly-report-september-2023.png,1024,1024,75.25,CHANGED,audit/screenshots/diff/768/file__monthly-report-september-2023.png
768,file__monthly-report-september-2025.png,1024,1024,75.24,CHANGED,audit/screenshots/diff/768/file__monthly-report-september-2025.png
768,file__monthly-report.png,1024,1024,75.36,CHANGED,audit/screenshots/diff/768/file__monthly-report.png
768,file__organisational-chart.png,1024,1024,75.39,CHANGED,audit/screenshots/diff/768/file__organisational-chart.png
768,file__privacy-policy.png,1024,1024,75.48,CHANGED,audit/screenshots/diff/768/file__privacy-policy.png
768,file__prizesaver-termsandconditions.png,1024,1024,75.28,CHANGED,audit/screenshots/diff/768/file__prizesaver-termsandconditions.png
768,file__processing-stats-april-2025.png,1024,1024,75.32,CHANGED,audit/screenshots/diff/768/file__processing-stats-april-2025.png
768,file__processing-stats-jan-2025.png,1024,1024,75.31,CHANGED,audit/screenshots/diff/768/file__processing-stats-jan-2025.png
768,file__processing-stats-march-2025.png,1024,1024,75.31,CHANGED,audit/screenshots/diff/768/file__processing-stats-march-2025.png
768,file__processing-stats-october-2023.png,1024,1024,75.27,CHANGED,audit/screenshots/diff/768/file__processing-stats-october-2023.png
768,file__redundancy.png,1024,1024,75.49,CHANGED,audit/screenshots/diff/768/file__redundancy.png
768,file__responsibility-of-directors.png,1024,1024,75.35,CHANGED,audit/screenshots/diff/768/file__responsibility-of-directors.png
768,file__retaining-archiving-records.png,1024,1024,75.30,CHANGED,audit/screenshots/diff/768/file__retaining-archiving-records.png
768,file__risk-appetite-statements-2025.png,1024,1024,75.27,CHANGED,audit/screenshots/diff/768/file__risk-appetite-statements-2025.png
768,file__risk-key-area-summary.png,1024,1024,75.38,CHANGED,audit/screenshots/diff/768/file__risk-key-area-summary.png
768,file__risk-management-framework.png,1024,1024,75.31,CHANGED,audit/screenshots/diff/768/file__risk-management-framework.png
768,file__scv-procedure.png,1024,1024,75.49,CHANGED,audit/screenshots/diff/768/file__scv-procedure.png
768,file__senior-manager-handover-policy.png,1024,1024,75.28,CHANGED,audit/screenshots/diff/768/file__senior-manager-handover-policy.png
768,file__september-2023-marketing-overview.png,1024,1024,75.41,CHANGED,audit/screenshots/diff/768/file__september-2023-marketing-overview.png
768,file__smcr-policy.png,1024,1024,75.48,CHANGED,audit/screenshots/diff/768/file__smcr-policy.png
768,file__supervisor-report.png,1024,1024,75.44,CHANGED,audit/screenshots/diff/768/file__supervisor-report.png
768,file__supervisory-internal-audit.png,1024,1024,75.34,CHANGED,audit/screenshots/diff/768/file__supervisory-internal-audit.png
768,file__tcu-rule-book-final-fsa-approved.png,1024,1024,75.26,CHANGED,audit/screenshots/diff/768/file__tcu-rule-book-final-fsa-approved.png
768,file__the-role-of-the-board.png,1024,1024,75.42,CHANGED,audit/screenshots/diff/768/file__the-role-of-the-board.png
768,file__the-role-of-the-ceo.png,1024,1024,75.44,CHANGED,audit/screenshots/diff/768/file__the-role-of-the-ceo.png
768,file__the-role-of-the-chair-of-the-board-2.png,1024,1024,75.31,CHANGED,audit/screenshots/diff/768/file__the-role-of-the-chair-of-the-board-2.png
768,file__the-role-of-the-treasurer.png,1024,1024,75.39,CHANGED,audit/screenshots/diff/768/file__the-role-of-the-treasurer.png
768,file__third-party-due-diligence-policy.png,1024,1024,75.29,CHANGED,audit/screenshots/diff/768/file__third-party-due-diligence-policy.png
768,file__training-competence-framework.png,1024,1024,75.27,CHANGED,audit/screenshots/diff/768/file__training-competence-framework.png
768,file__treasurers-report.png,1024,1024,75.44,CHANGED,audit/screenshots/diff/768/file__treasurers-report.png
768,file__treasury-management-policy.png,1024,1024,75.32,CHANGED,audit/screenshots/diff/768/file__treasury-management-policy.png
768,file__treating-members-fairly.png,1024,1024,75.38,CHANGED,audit/screenshots/diff/768/file__treating-members-fairly.png
768,file__vulnerable-customers-policy.png,1024,1024,75.33,CHANGED,audit/screenshots/diff/768/file__vulnerable-customers-policy.png
768,file__vulnerable-members.png,1024,1024,75.42,CHANGED,audit/screenshots/diff/768/file__vulnerable-members.png
768,file__whistleblowing-policy.png,1024,1024,75.38,CHANGED,audit/screenshots/diff/768/file__whistleblowing-policy.png
768,filter__annual-audited-accounts.png,1288,1024,59.16,CHANGED,audit/screenshots/diff/768/filter__annual-audited-accounts.png
768,filter__annual-report.png,1288,1024,59.09,CHANGED,audit/screenshots/diff/768/filter__annual-report.png
768,filter__april-2023.png,1586,1024,48.30,CHANGED,audit/screenshots/diff/768/filter__april-2023.png
768,filter__april-2024.png,1586,1024,48.29,CHANGED,audit/screenshots/diff/768/filter__april-2024.png
768,filter__april-2025.png,1586,1024,48.24,CHANGED,audit/screenshots/diff/768/filter__april-2025.png
768,filter__april-2026.png,1586,1024,48.29,CHANGED,audit/screenshots/diff/768/filter__april-2026.png
768,filter__august-2023.png,1586,1024,48.32,CHANGED,audit/screenshots/diff/768/filter__august-2023.png
768,filter__august-2024.png,1586,1024,48.31,CHANGED,audit/screenshots/diff/768/filter__august-2024.png
768,filter__august-2025.png,1586,1024,48.31,CHANGED,audit/screenshots/diff/768/filter__august-2025.png
768,filter__august-2026.png,1586,1024,48.17,CHANGED,audit/screenshots/diff/768/filter__august-2026.png
768,filter__board-minutes.png,2261,1024,34.53,CHANGED,audit/screenshots/diff/768/filter__board-minutes.png
768,filter__board-minutes__page__2.png,2261,1024,34.44,CHANGED,audit/screenshots/diff/768/filter__board-minutes__page__2.png
768,filter__budget.png,1288,1024,58.96,CHANGED,audit/screenshots/diff/768/filter__budget.png
768,filter__business-plan.png,1586,1024,48.11,CHANGED,audit/screenshots/diff/768/filter__business-plan.png
768,filter__business-policies.png,1288,1024,59.14,CHANGED,audit/screenshots/diff/768/filter__business-policies.png
768,filter__december-2023.png,1586,1024,48.34,CHANGED,audit/screenshots/diff/768/filter__december-2023.png
768,filter__december-2024.png,1586,1024,48.30,CHANGED,audit/screenshots/diff/768/filter__december-2024.png
768,filter__december-2025-monthly-reports.png,1586,1024,48.33,CHANGED,audit/screenshots/diff/768/filter__december-2025-monthly-reports.png
768,filter__employee-policies.png,1288,1024,59.11,CHANGED,audit/screenshots/diff/768/filter__employee-policies.png
768,filter__february-2023.png,1586,1024,48.35,CHANGED,audit/screenshots/diff/768/filter__february-2023.png
768,filter__february-2024.png,1586,1024,48.31,CHANGED,audit/screenshots/diff/768/filter__february-2024.png
768,filter__february-2025.png,1586,1024,48.19,CHANGED,audit/screenshots/diff/768/filter__february-2025.png
768,filter__february-2026.png,1586,1024,48.32,CHANGED,audit/screenshots/diff/768/filter__february-2026.png
768,filter__governance.png,2261,1024,34.47,CHANGED,audit/screenshots/diff/768/filter__governance.png
768,filter__governance__page__2.png,2261,1024,34.43,CHANGED,audit/screenshots/diff/768/filter__governance__page__2.png
768,filter__january-2023.png,1586,1024,48.33,CHANGED,audit/screenshots/diff/768/filter__january-2023.png
768,filter__january-2024.png,1586,1024,48.30,CHANGED,audit/screenshots/diff/768/filter__january-2024.png
768,filter__january-2025.png,1586,1024,48.23,CHANGED,audit/screenshots/diff/768/filter__january-2025.png
768,filter__january-2026-monthly-reports.png,1586,1024,48.31,CHANGED,audit/screenshots/diff/768/filter__january-2026-monthly-reports.png
768,filter__july-2023.png,1586,1024,48.29,CHANGED,audit/screenshots/diff/768/filter__july-2023.png
768,filter__july-2024.png,1586,1024,48.25,CHANGED,audit/screenshots/diff/768/filter__july-2024.png
768,filter__july-2025.png,1586,1024,48.28,CHANGED,audit/screenshots/diff/768/filter__july-2025.png
768,filter__july2026-monthly-reports.png,1586,1024,48.28,CHANGED,audit/screenshots/diff/768/filter__july2026-monthly-reports.png
768,filter__june-2023.png,1586,1024,48.30,CHANGED,audit/screenshots/diff/768/filter__june-2023.png
768,filter__june-2024.png,1586,1024,48.28,CHANGED,audit/screenshots/diff/768/filter__june-2024.png
768,filter__june-2025.png,1586,1024,48.28,CHANGED,audit/screenshots/diff/768/filter__june-2025.png
768,filter__june-2026.png,1586,1024,48.29,CHANGED,audit/screenshots/diff/768/filter__june-2026.png
768,filter__march-2023.png,1586,1024,48.32,CHANGED,audit/screenshots/diff/768/filter__march-2023.png
768,filter__march-2024.png,1586,1024,48.28,CHANGED,audit/screenshots/diff/768/filter__march-2024.png
768,filter__march-2025.png,1586,1024,48.25,CHANGED,audit/screenshots/diff/768/filter__march-2025.png
768,filter__march-2026.png,1586,1024,48.30,CHANGED,audit/screenshots/diff/768/filter__march-2026.png
768,filter__may-2023.png,1586,1024,48.30,CHANGED,audit/screenshots/diff/768/filter__may-2023.png
768,filter__may-2024.png,1586,1024,48.29,CHANGED,audit/screenshots/diff/768/filter__may-2024.png
768,filter__may-2025.png,1586,1024,48.29,CHANGED,audit/screenshots/diff/768/filter__may-2025.png
768,filter__may-2026.png,1586,1024,48.29,CHANGED,audit/screenshots/diff/768/filter__may-2026.png
768,filter__monthly-reports.png,2261,1024,34.96,CHANGED,audit/screenshots/diff/768/filter__monthly-reports.png
768,filter__monthly-reports__page__2.png,2261,1024,35.20,CHANGED,audit/screenshots/diff/768/filter__monthly-reports__page__2.png
768,filter__monthly-reports__page__23.png,1368,1024,56.83,CHANGED,audit/screenshots/diff/768/filter__monthly-reports__page__23.png
768,filter__monthly-reports__page__3.png,2261,1024,35.30,CHANGED,audit/screenshots/diff/768/filter__monthly-reports__page__3.png
768,filter__monthly-reports__page__4.png,2261,1024,35.39,CHANGED,audit/screenshots/diff/768/filter__monthly-reports__page__4.png
768,filter__monthly-reports__page__5.png,2261,1024,35.50,CHANGED,audit/screenshots/diff/768/filter__monthly-reports__page__5.png
768,filter__monthly-reports__page__6.png,2261,1024,35.65,CHANGED,audit/screenshots/diff/768/filter__monthly-reports__page__6.png
768,filter__november-2023.png,1586,1024,48.28,CHANGED,audit/screenshots/diff/768/filter__november-2023.png
768,filter__november-2024.png,1586,1024,48.28,CHANGED,audit/screenshots/diff/768/filter__november-2024.png
768,filter__november-2025.png,1586,1024,48.34,CHANGED,audit/screenshots/diff/768/filter__november-2025.png
768,filter__october-2023.png,1586,1024,48.26,CHANGED,audit/screenshots/diff/768/filter__october-2023.png
768,filter__october-2024.png,1586,1024,48.31,CHANGED,audit/screenshots/diff/768/filter__october-2024.png
768,filter__october-2025.png,1586,1024,48.35,CHANGED,audit/screenshots/diff/768/filter__october-2025.png
768,filter__policies.png,2261,1024,34.89,CHANGED,audit/screenshots/diff/768/filter__policies.png
768,filter__policies__page__2.png,2261,1024,35.02,CHANGED,audit/screenshots/diff/768/filter__policies__page__2.png
768,filter__policies__page__3.png,2261,1024,34.92,CHANGED,audit/screenshots/diff/768/filter__policies__page__3.png
768,filter__policies__page__4.png,2261,1024,34.93,CHANGED,audit/screenshots/diff/768/filter__policies__page__4.png
768,filter__policies__page__5.png,2261,1024,35.00,CHANGED,audit/screenshots/diff/768/filter__policies__page__5.png
768,filter__policies__page__6.png,2261,1024,35.07,CHANGED,audit/screenshots/diff/768/filter__policies__page__6.png
768,filter__policies__page__7.png,1368,1024,56.67,CHANGED,audit/screenshots/diff/768/filter__policies__page__7.png
768,filter__september-2023.png,1586,1024,48.27,CHANGED,audit/screenshots/diff/768/filter__september-2023.png
768,filter__september-2024.png,1586,1024,48.28,CHANGED,audit/screenshots/diff/768/filter__september-2024.png
768,filter__september-2025.png,1586,1024,48.26,CHANGED,audit/screenshots/diff/768/filter__september-2025.png
768,filter__september-2026.png,1586,1024,48.24,CHANGED,audit/screenshots/diff/768/filter__september-2026.png
768,five-financial-goals-next-financial-year.png,3524,3404,15.94,CHANGED,audit/screenshots/diff/768/five-financial-goals-next-financial-year.png
768,gmb-credit-union-prize-draw.png,4438,4532,10.40,CHANGED,audit/screenshots/diff/768/gmb-credit-union-prize-draw.png
768,help-your-children-form-good-money-habits.png,3260,2926,25.86,CHANGED,audit/screenshots/diff/768/help-your-children-form-good-money-habits.png
768,heres-why-you-should-teach-your-children-how-to-manage-their-money-this-summer.png,4557,4436,29.71,CHANGED,audit/screenshots/diff/768/heres-why-you-should-teach-your-children-how-to-manage-their-money-this-summer.png
768,home.png,5529,5383,26.17,CHANGED,audit/screenshots/diff/768/home.png
768,how-build-or-improve-your-credit-score.png,4322,4385,9.58,CHANGED,audit/screenshots/diff/768/how-build-or-improve-your-credit-score.png
768,how-check-your-credit-score-free.png,2613,2600,9.95,CHANGED,audit/screenshots/diff/768/how-check-your-credit-score-free.png
768,how-did-our-members-get-involved-us.png,1775,1730,22.56,CHANGED,audit/screenshots/diff/768/how-did-our-members-get-involved-us.png
768,how-financial-problems-affect-your-mental-health.png,4633,4441,15.71,CHANGED,audit/screenshots/diff/768/how-financial-problems-affect-your-mental-health.png
768,how-recognise-and-avoid-most-common-finance-scams.png,4888,4483,21.77,CHANGED,audit/screenshots/diff/768/how-recognise-and-avoid-most-common-finance-scams.png
768,how-to-get-involved-in-the-gmb-credit-union.png,2877,2971,3.65,CHANGED,audit/screenshots/diff/768/how-to-get-involved-in-the-gmb-credit-union.png
768,importance-understanding-ivas.png,4457,4373,12.55,CHANGED,audit/screenshots/diff/768/importance-understanding-ivas.png
768,join-gmbcu-get-25-and-a-chance-to-win-big.png,4591,4577,14.24,CHANGED,audit/screenshots/diff/768/join-gmbcu-get-25-and-a-chance-to-win-big.png
768,join-us-at-congress-2025.png,2175,2268,7.94,CHANGED,audit/screenshots/diff/768/join-us-at-congress-2025.png
768,join-us-congress-2023.png,1684,1742,12.67,CHANGED,audit/screenshots/diff/768/join-us-congress-2023.png
768,join-us-congress-2024.png,2719,2813,6.59,CHANGED,audit/screenshots/diff/768/join-us-congress-2024.png
768,lets-get-transparent-loan-interest-rates.png,3460,3197,22.15,CHANGED,audit/screenshots/diff/768/lets-get-transparent-loan-interest-rates.png
768,loan-application-rejected-what-now.png,4435,4223,17.73,CHANGED,audit/screenshots/diff/768/loan-application-rejected-what-now.png
768,loans.png,3465,3661,23.67,CHANGED,audit/screenshots/diff/768/loans.png
768,loans____q__conesso_link_tag_ebd837df0_utm_campaign_Jan_2B26_2BNewsletter_utm_medium_email_utm_source_Conesso.png,3465,3661,23.67,CHANGED,audit/screenshots/diff/768/loans____q__conesso_link_tag_ebd837df0_utm_campaign_Jan_2B26_2BNewsletter_utm_medium_email_utm_source_Conesso.png
768,loans__consolidation-loan.png,4273,4400,11.07,CHANGED,audit/screenshots/diff/768/loans__consolidation-loan.png
768,loans__family-loan.png,4775,4396,11.74,CHANGED,audit/screenshots/diff/768/loans__family-loan.png
768,loans__handy-loan.png,4094,4220,11.51,CHANGED,audit/screenshots/diff/768/loans__handy-loan.png
768,loans__member-loan.png,4436,4082,12.41,CHANGED,audit/screenshots/diff/768/loans__member-loan.png
768,loans__save-borrow-loan.png,4789,4374,11.23,CHANGED,audit/screenshots/diff/768/loans__save-borrow-loan.png
768,loans__savings-secured-loan.png,4625,4245,12.12,CHANGED,audit/screenshots/diff/768/loans__savings-secured-loan.png
768,loans__starter-loan.png,4462,4083,12.50,CHANGED,audit/screenshots/diff/768/loans__starter-loan.png
768,loans__top-up-loan.png,4057,3688,13.65,CHANGED,audit/screenshots/diff/768/loans__top-up-loan.png
768,managing-your-money-with-your-credit-union.png,3728,4697,27.84,CHANGED,audit/screenshots/diff/768/managing-your-money-with-your-credit-union.png
768,meet-dennis-member-case-study.png,3586,3466,15.14,CHANGED,audit/screenshots/diff/768/meet-dennis-member-case-study.png
768,meet-gary-member-case-study.png,2754,2741,11.01,CHANGED,audit/screenshots/diff/768/meet-gary-member-case-study.png
768,member-hub-faqs.png,1946,1995,9.27,CHANGED,audit/screenshots/diff/768/member-hub-faqs.png
768,members-saver-accounts.png,3204,4334,46.24,CHANGED,audit/screenshots/diff/768/members-saver-accounts.png
768,navigating-financial-storm-how-we-can-help.png,3651,3531,14.66,CHANGED,audit/screenshots/diff/768/navigating-financial-storm-how-we-can-help.png
768,one-year-members-prize-draw.png,4489,4074,23.31,CHANGED,audit/screenshots/diff/768/one-year-members-prize-draw.png
768,options-dealing-debt.png,4458,4303,15.81,CHANGED,audit/screenshots/diff/768/options-dealing-debt.png
768,our-blog.png,3061,3227,22.72,CHANGED,audit/screenshots/diff/768/our-blog.png
768,our-blog____q__conesso_link_tag_ebd837df0_utm_campaign_Jan_2B26_2BNewsletter_utm_medium_email_utm_source_Conesso.png,3061,3227,22.72,CHANGED,audit/screenshots/diff/768/our-blog____q__conesso_link_tag_ebd837df0_utm_campaign_Jan_2B26_2BNewsletter_utm_medium_email_utm_source_Conesso.png
768,our-blog__page__2.png,3061,3227,23.08,CHANGED,audit/screenshots/diff/768/our-blog__page__2.png
768,our-blog__page__3.png,3091,3278,21.64,CHANGED,audit/screenshots/diff/768/our-blog__page__3.png
768,our-blog__page__4.png,3061,3251,24.85,CHANGED,audit/screenshots/diff/768/our-blog__page__4.png
768,our-blog__page__5.png,3061,3227,29.98,CHANGED,audit/screenshots/diff/768/our-blog__page__5.png
768,our-blog__page__6.png,3061,3251,31.76,CHANGED,audit/screenshots/diff/768/our-blog__page__6.png
768,our-blog__page__7.png,3061,3227,29.18,CHANGED,audit/screenshots/diff/768/our-blog__page__7.png
768,our-blog__page__8.png,3061,3227,29.65,CHANGED,audit/screenshots/diff/768/our-blog__page__8.png
768,our-enhanced-member-loans-explained.png,6657,8080,13.66,CHANGED,audit/screenshots/diff/768/our-enhanced-member-loans-explained.png
768,overdraft-fees-are-changing.png,2818,2698,18.56,CHANGED,audit/screenshots/diff/768/overdraft-fees-are-changing.png
768,page__2.png,5529,5383,26.13,CHANGED,audit/screenshots/diff/768/page__2.png
768,privacy-policy.png,6183,6277,2.23,CHANGED,audit/screenshots/diff/768/privacy-policy.png
768,resources.png,3032,3023,26.93,CHANGED,audit/screenshots/diff/768/resources.png
768,resources____q__conesso_link_tag_ebd837df0_utm_campaign_Jan_2B26_2BNewsletter_utm_medium_email_utm_source_Conesso.png,3032,3023,26.93,CHANGED,audit/screenshots/diff/768/resources____q__conesso_link_tag_ebd837df0_utm_campaign_Jan_2B26_2BNewsletter_utm_medium_email_utm_source_Conesso.png
768,resources__member-helper.png,2780,2724,21.45,CHANGED,audit/screenshots/diff/768/resources__member-helper.png
768,resources__member-helper____q__conesso_link_tag_ebd837df0_utm_campaign_Jan_2B26_2BNewsletter_utm_medium_email_utm_source_Conesso.png,2780,2724,21.45,CHANGED,audit/screenshots/diff/768/resources__member-helper____q__conesso_link_tag_ebd837df0_utm_campaign_Jan_2B26_2BNewsletter_utm_medium_email_utm_source_Conesso.png
768,resources__member-helper__benefit-calculator.png,3514,1424,23.49,CHANGED,audit/screenshots/diff/768/resources__member-helper__benefit-calculator.png
768,resources__member-helper__budget-planner.png,3510,1424,23.96,CHANGED,audit/screenshots/diff/768/resources__member-helper__budget-planner.png
768,resources__member-helper__budget-planner____q__conesso_link_tag_ebd837df0_utm_campaign_Jan_2B26_2BNewsletter_utm_medium_email_utm_source_Conesso.png,2706,1424,31.04,CHANGED,audit/screenshots/diff/768/resources__member-helper__budget-planner____q__conesso_link_tag_ebd837df0_utm_campaign_Jan_2B26_2BNewsletter_utm_medium_email_utm_source_Conesso.png
768,resources__member-helper__debt-advice-locator.png,1689,1424,36.98,CHANGED,audit/screenshots/diff/768/resources__member-helper__debt-advice-locator.png
768,resources__member-helper__debt-advice-locator____q__conesso_link_tag_ebd837df0_utm_campaign_Jan_2B26_2BNewsletter_utm_medium_email_utm_source_Conesso.png,1689,1424,36.98,CHANGED,audit/screenshots/diff/768/resources__member-helper__debt-advice-locator____q__conesso_link_tag_ebd837df0_utm_campaign_Jan_2B26_2BNewsletter_utm_medium_email_utm_source_Conesso.png
768,retail-therapy-or-financial-trap-the-real-reason-we-overspend.png,4377,4414,20.60,CHANGED,audit/screenshots/diff/768/retail-therapy-or-financial-trap-the-real-reason-we-overspend.png
768,save-now-spend-later.png,2987,2902,15.16,CHANGED,audit/screenshots/diff/768/save-now-spend-later.png
768,saving-money-for-life-events.png,3910,4611,39.11,CHANGED,audit/screenshots/diff/768/saving-money-for-life-events.png
768,savings.png,3355,3538,21.91,CHANGED,audit/screenshots/diff/768/savings.png
768,savings__365-saver.png,3842,3399,7.93,CHANGED,audit/screenshots/diff/768/savings__365-saver.png
768,savings__christmas-saver.png,3316,3369,10.64,CHANGED,audit/screenshots/diff/768/savings__christmas-saver.png
768,savings__life-savings-insurance-protection.png,3306,3417,14.54,CHANGED,audit/screenshots/diff/768/savings__life-savings-insurance-protection.png
768,savings__member-saver.png,4020,3541,8.04,CHANGED,audit/screenshots/diff/768/savings__member-saver.png
768,savings__premium-saver.png,4037,3558,8.00,CHANGED,audit/screenshots/diff/768/savings__premium-saver.png
768,savings__prizesaver.png,3272,3325,10.73,CHANGED,audit/screenshots/diff/768/savings__prizesaver.png
768,savings__young-saver.png,4139,3660,11.53,CHANGED,audit/screenshots/diff/768/savings__young-saver.png
768,shocking-truth-about-short-term-credit.png,2888,2804,15.22,CHANGED,audit/screenshots/diff/768/shocking-truth-about-short-term-credit.png
768,simple-money-management-tips.png,3614,3423,18.46,CHANGED,audit/screenshots/diff/768/simple-money-management-tips.png
768,simplify-your-personal-finance-options.png,3179,3023,17.80,CHANGED,audit/screenshots/diff/768/simplify-your-personal-finance-options.png
768,summer-fun-on-a-budget.png,6107,5927,35.31,CHANGED,audit/screenshots/diff/768/summer-fun-on-a-budget.png
768,supporting-our-members-through-covid-19.png,5820,5629,13.26,CHANGED,audit/screenshots/diff/768/supporting-our-members-through-covid-19.png
768,tag__budget.png,1488,1606,12.99,CHANGED,audit/screenshots/diff/768/tag__budget.png
768,tag__summer.png,1488,1606,12.99,CHANGED,audit/screenshots/diff/768/tag__summer.png
768,test.png,1519,1024,53.52,CHANGED,audit/screenshots/diff/768/test.png
768,thank-you-for-your-interest-agm-2024.png,2009,2067,11.43,CHANGED,audit/screenshots/diff/768/thank-you-for-your-interest-agm-2024.png
768,thank-you-for-your-interest-agm-2025.png,2009,2067,11.21,CHANGED,audit/screenshots/diff/768/thank-you-for-your-interest-agm-2025.png
768,thank-you-for-your-interest-agm-2026.png,2068,2039,14.12,CHANGED,audit/screenshots/diff/768/thank-you-for-your-interest-agm-2026.png
768,the-gmbcu-member-hub-is-coming-in-june-2026.png,3332,3360,11.13,CHANGED,audit/screenshots/diff/768/the-gmbcu-member-hub-is-coming-in-june-2026.png
768,ultimate-guide-open-banking.png,6347,5729,18.10,CHANGED,audit/screenshots/diff/768/ultimate-guide-open-banking.png
768,virtuous-circle.png,3462,3632,21.69,CHANGED,audit/screenshots/diff/768/virtuous-circle.png
768,we-are-delivering-how-were-responding-our-members-needs.png,2842,2722,17.62,CHANGED,audit/screenshots/diff/768/we-are-delivering-how-were-responding-our-members-needs.png
768,we-asked-our-members-describe-us-3-words.png,1714,1704,20.06,CHANGED,audit/screenshots/diff/768/we-asked-our-members-describe-us-3-words.png
768,what-a-change-of-government-means-for-your-wallet.png,4223,4312,17.18,CHANGED,audit/screenshots/diff/768/what-a-change-of-government-means-for-your-wallet.png
768,what-credit-and-why-does-it-matter.png,3046,3767,23.69,CHANGED,audit/screenshots/diff/768/what-credit-and-why-does-it-matter.png
768,what-do-members-need-know-applying-loan.png,3389,3259,16.49,CHANGED,audit/screenshots/diff/768/what-do-members-need-know-applying-loan.png
768,what-do-our-members-most-about-us.png,1714,1704,21.86,CHANGED,audit/screenshots/diff/768/what-do-our-members-most-about-us.png
768,what-is-a-credit-union-and-how-does-it-work.png,3037,3130,3.45,CHANGED,audit/screenshots/diff/768/what-is-a-credit-union-and-how-does-it-work.png
768,where-go-if-youre-feeling-stressed-about-money.png,3591,3685,3.49,CHANGED,audit/screenshots/diff/768/where-go-if-youre-feeling-stressed-about-money.png
768,which-loan-best-you.png,5650,5378,15.48,CHANGED,audit/screenshots/diff/768/which-loan-best-you.png
768,why-credit-unions-are-now-more-important-ever.png,3266,3111,18.52,CHANGED,audit/screenshots/diff/768/why-credit-unions-are-now-more-important-ever.png
768,why-is-saving-money-important.png,4469,5669,46.76,CHANGED,audit/screenshots/diff/768/why-is-saving-money-important.png
768,why-our-members-choose-us.png,1678,1704,16.79,CHANGED,audit/screenshots/diff/768/why-our-members-choose-us.png
768,working-towards-brighter-financial-future.png,4364,4691,15.95,CHANGED,audit/screenshots/diff/768/working-towards-brighter-financial-future.png
768,your-money-now-and-whats-next.png,3614,3352,21.04,CHANGED,audit/screenshots/diff/768/your-money-now-and-whats-next.png
768,your-phone-may-be-giving-fraudsters-a-way-into-your-finances.png,3452,3423,12.28,CHANGED,audit/screenshots/diff/768/your-phone-may-be-giving-fraudsters-a-way-into-your-finances.png
390,10-ways-improve-your-credit-score.png,5843,5959,14.38,CHANGED,audit/screenshots/diff/390/10-ways-improve-your-credit-score.png
390,2023-agm-summary.png,3087,3042,13.84,CHANGED,audit/screenshots/diff/390/2023-agm-summary.png
390,2024-agm-summary.png,3087,3042,13.94,CHANGED,audit/screenshots/diff/390/2024-agm-summary.png
390,2025-agm-summary.png,2849,3087,15.28,CHANGED,audit/screenshots/diff/390/2025-agm-summary.png
390,2026-agm-summary.png,2875,3113,15.20,CHANGED,audit/screenshots/diff/390/2026-agm-summary.png
390,7-ways-to-save-money-over-the-summer-holidays.png,6983,6849,24.69,CHANGED,audit/screenshots/diff/390/7-ways-to-save-money-over-the-summer-holidays.png
390,__q__page_0.png,7776,7782,22.98,CHANGED,audit/screenshots/diff/390/__q__page_0.png
390,__q__s_test.png,1524,7782,45.15,CHANGED,audit/screenshots/diff/390/__q__s_test.png
390,about-us.png,4837,4800,21.71,CHANGED,audit/screenshots/diff/390/about-us.png
390,alternatives-short-term-credit.png,4210,4235,12.71,CHANGED,audit/screenshots/diff/390/alternatives-short-term-credit.png
390,annual-general-meeting-2024.png,3767,3755,8.21,CHANGED,audit/screenshots/diff/390/annual-general-meeting-2024.png
390,annual-general-meeting-2025.png,3748,3736,13.07,CHANGED,audit/screenshots/diff/390/annual-general-meeting-2025.png
390,annual-general-meeting-2026.png,4390,3708,49.21,CHANGED,audit/screenshots/diff/390/annual-general-meeting-2026.png
390,avoid-loan-sharks-and-stay-smart-with-your-money.png,6205,6419,18.91,CHANGED,audit/screenshots/diff/390/avoid-loan-sharks-and-stay-smart-with-your-money.png
390,become-a-credit-union-advocate.png,2164,2126,15.41,CHANGED,audit/screenshots/diff/390/become-a-credit-union-advocate.png
390,cash-flow-king.png,5055,5010,13.26,CHANGED,audit/screenshots/diff/390/cash-flow-king.png
390,category__uncategorised.png,5417,5662,23.43,CHANGED,audit/screenshots/diff/390/category__uncategorised.png
390,category__uncategorised__page__2.png,5435,5693,25.83,CHANGED,audit/screenshots/diff/390/category__uncategorised__page__2.png
390,category__uncategorised__page__3.png,5480,5738,21.85,CHANGED,audit/screenshots/diff/390/category__uncategorised__page__3.png
390,category__uncategorised__page__4.png,5437,5689,25.32,CHANGED,audit/screenshots/diff/390/category__uncategorised__page__4.png
390,category__uncategorised__page__5.png,5415,5666,32.55,CHANGED,audit/screenshots/diff/390/category__uncategorised__page__5.png
390,category__uncategorised__page__6.png,5435,5693,33.88,CHANGED,audit/screenshots/diff/390/category__uncategorised__page__6.png
390,category__uncategorised__page__7.png,5500,5765,32.16,CHANGED,audit/screenshots/diff/390/category__uncategorised__page__7.png
390,category__uncategorised__page__8.png,5460,5247,35.94,CHANGED,audit/screenshots/diff/390/category__uncategorised__page__8.png
390,celebrating-25-years-of-gmbcu.png,6171,6211,18.65,CHANGED,audit/screenshots/diff/390/celebrating-25-years-of-gmbcu.png
390,celebrating-two-years-members-prize-draw.png,7810,7317,21.93,CHANGED,audit/screenshots/diff/390/celebrating-two-years-members-prize-draw.png
390,childrens-financial-education.png,6282,6073,16.32,CHANGED,audit/screenshots/diff/390/childrens-financial-education.png
390,complaints.png,3669,3835,6.64,CHANGED,audit/screenshots/diff/390/complaints.png
390,consolidation-loans-plan-brighter-financial-future.png,5687,5565,15.16,CHANGED,audit/screenshots/diff/390/consolidation-loans-plan-brighter-financial-future.png
390,contact-us.png,3061,3061,8.82,CHANGED,audit/screenshots/diff/390/contact-us.png
390,contact-us____q__conesso_link_tag_ebd837df0_utm_campaign_Jan_2B26_2BNewsletter_utm_medium_email_utm_source_Conesso.png,3061,3061,8.82,CHANGED,audit/screenshots/diff/390/contact-us____q__conesso_link_tag_ebd837df0_utm_campaign_Jan_2B26_2BNewsletter_utm_medium_email_utm_source_Conesso.png
390,cost-of-living.png,6714,6874,14.10,CHANGED,audit/screenshots/diff/390/cost-of-living.png
390,creating-good-money-habits-save-as-you-borrow.png,2910,3092,13.63,CHANGED,audit/screenshots/diff/390/creating-good-money-habits-save-as-you-borrow.png
390,credit-crisis-real-impact-short-term-credit.png,5119,5093,13.12,CHANGED,audit/screenshots/diff/390/credit-crisis-real-impact-short-term-credit.png
390,dealing-coronavirus.png,2142,2239,11.56,CHANGED,audit/screenshots/diff/390/dealing-coronavirus.png
390,directors-area.png,1428,7782,45.34,CHANGED,audit/screenshots/diff/390/directors-area.png
390,directors-area__annual-audited-accounts.png,1428,7782,45.34,CHANGED,audit/screenshots/diff/390/directors-area__annual-audited-accounts.png
390,directors-area__annual-report.png,1428,7782,45.34,CHANGED,audit/screenshots/diff/390/directors-area__annual-report.png
390,directors-area__board-minutes.png,1428,7782,45.34,CHANGED,audit/screenshots/diff/390/directors-area__board-minutes.png
390,directors-area__budget.png,1428,7782,45.34,CHANGED,audit/screenshots/diff/390/directors-area__budget.png
390,directors-area__business-plan.png,1428,7782,45.34,CHANGED,audit/screenshots/diff/390/directors-area__business-plan.png
390,directors-area__business-policies.png,1428,7782,45.34,CHANGED,audit/screenshots/diff/390/directors-area__business-policies.png
390,directors-area__employee-policies.png,1428,7782,45.34,CHANGED,audit/screenshots/diff/390/directors-area__employee-policies.png
390,directors-area__governance.png,1428,7782,45.34,CHANGED,audit/screenshots/diff/390/directors-area__governance.png
390,directors-area__policies.png,1428,7782,45.34,CHANGED,audit/screenshots/diff/390/directors-area__policies.png
390,faqs.png,11223,11390,1.59,CHANGED,audit/screenshots/diff/390/faqs.png
390,feel-positive-about-saving-and-borrowing.png,5076,5066,11.94,CHANGED,audit/screenshots/diff/390/feel-positive-about-saving-and-borrowing.png
390,file__13th-july-2022.png,1156,844,77.41,CHANGED,audit/screenshots/diff/390/file__13th-july-2022.png
390,file__14th-september-2022.png,1200,844,77.77,CHANGED,audit/screenshots/diff/390/file__14th-september-2022.png
390,file__16th-december-2021.png,1200,844,77.81,CHANGED,audit/screenshots/diff/390/file__16th-december-2021.png
390,file__23rd-february-2022.png,1200,844,77.81,CHANGED,audit/screenshots/diff/390/file__23rd-february-2022.png
390,file__23rd-november-2022.png,1200,844,77.79,CHANGED,audit/screenshots/diff/390/file__23rd-november-2022.png
390,file__25th-may-2022.png,1156,844,77.38,CHANGED,audit/screenshots/diff/390/file__25th-may-2022.png
390,file__3rd-march-2026.png,1156,844,77.35,CHANGED,audit/screenshots/diff/390/file__3rd-march-2026.png
390,file__7th-february-2023.png,1156,844,77.29,CHANGED,audit/screenshots/diff/390/file__7th-february-2023.png
390,file__abcul-the-credit-union-directors-handbook.png,1200,844,77.72,CHANGED,audit/screenshots/diff/390/file__abcul-the-credit-union-directors-handbook.png
390,file__agm-agenda-2024.png,1156,844,77.58,CHANGED,audit/screenshots/diff/390/file__agm-agenda-2024.png
390,file__aml-financial-crime-policy.png,1156,844,77.40,CHANGED,audit/screenshots/diff/390/file__aml-financial-crime-policy.png
390,file__annual-audited-accounts-2023.png,1156,844,77.39,CHANGED,audit/screenshots/diff/390/file__annual-audited-accounts-2023.png
390,file__annual-audited-accounts.png,1156,844,77.37,CHANGED,audit/screenshots/diff/390/file__annual-audited-accounts.png
390,file__annual-report-2023.png,1156,844,77.58,CHANGED,audit/screenshots/diff/390/file__annual-report-2023.png
390,file__annual-report-2024.png,1156,844,77.58,CHANGED,audit/screenshots/diff/390/file__annual-report-2024.png
390,file__annual-report.png,1156,844,77.53,CHANGED,audit/screenshots/diff/390/file__annual-report.png
390,file__anti-bribery-corruption-policy.png,1156,844,77.42,CHANGED,audit/screenshots/diff/390/file__anti-bribery-corruption-policy.png
390,file__april-2023-marketing-overview.png,1200,844,77.90,CHANGED,audit/screenshots/diff/390/file__april-2023-marketing-overview.png
390,file__april-2023-monthly-loan-stats.png,1200,844,77.92,CHANGED,audit/screenshots/diff/390/file__april-2023-monthly-loan-stats.png
390,file__april-2023-monthly-processing-stats.png,1200,844,77.79,CHANGED,audit/screenshots/diff/390/file__april-2023-monthly-processing-stats.png
390,file__april-2023-monthly-report.png,1156,844,77.45,CHANGED,audit/screenshots/diff/390/file__april-2023-monthly-report.png
390,file__august-2023-loan-stats-2.png,1156,844,77.45,CHANGED,audit/screenshots/diff/390/file__august-2023-loan-stats-2.png
390,file__august-2023-loan-stats.png,1156,844,77.45,CHANGED,audit/screenshots/diff/390/file__august-2023-loan-stats.png
390,file__august-2023-marketing-overview.png,1200,844,77.84,CHANGED,audit/screenshots/diff/390/file__august-2023-marketing-overview.png
390,file__august-2023-monthly-processing-stats.png,1200,844,77.70,CHANGED,audit/screenshots/diff/390/file__august-2023-monthly-processing-stats.png
390,file__august-2023-monthly-report.png,1156,844,77.34,CHANGED,audit/screenshots/diff/390/file__august-2023-monthly-report.png
390,file__august-2023-processing-stats.png,1156,844,77.31,CHANGED,audit/screenshots/diff/390/file__august-2023-processing-stats.png
390,file__board-minutes-14th-june-2023.png,1156,844,77.39,CHANGED,audit/screenshots/diff/390/file__board-minutes-14th-june-2023.png
390,file__board-minutes-20th-june-2024.png,1156,844,77.37,CHANGED,audit/screenshots/diff/390/file__board-minutes-20th-june-2024.png
390,file__board-minutes-22nd-march-2023.png,1156,844,77.33,CHANGED,audit/screenshots/diff/390/file__board-minutes-22nd-march-2023.png
390,file__board-minutes-27th-september-2023.png,1200,844,77.76,CHANGED,audit/screenshots/diff/390/file__board-minutes-27th-september-2023.png
390,file__board-minutes-29th-nov-2023.png,1200,844,77.77,CHANGED,audit/screenshots/diff/390/file__board-minutes-29th-nov-2023.png
390,file__board-minutes-5th-september-2024.png,1200,844,77.77,CHANGED,audit/screenshots/diff/390/file__board-minutes-5th-september-2024.png
390,file__board-minutes-7th-nov-2024.png,1200,844,77.82,CHANGED,audit/screenshots/diff/390/file__board-minutes-7th-nov-2024.png
390,file__board-of-directors-report.png,1156,844,77.48,CHANGED,audit/screenshots/diff/390/file__board-of-directors-report.png
390,file__breaches-policy.png,1112,844,77.04,CHANGED,audit/screenshots/diff/390/file__breaches-policy.png
390,file__budget.png,1112,844,77.09,CHANGED,audit/screenshots/diff/390/file__budget.png
390,file__bullying-and-harrassment.png,1156,844,77.43,CHANGED,audit/screenshots/diff/390/file__bullying-and-harrassment.png
390,file__business-continuity-plan.png,1156,844,77.46,CHANGED,audit/screenshots/diff/390/file__business-continuity-plan.png
390,file__business-plan-2024.png,1156,844,77.58,CHANGED,audit/screenshots/diff/390/file__business-plan-2024.png
390,file__business-plan-2025.png,1156,844,77.56,CHANGED,audit/screenshots/diff/390/file__business-plan-2025.png
390,file__business-plan.png,1156,844,77.54,CHANGED,audit/screenshots/diff/390/file__business-plan.png
390,file__capability-and-performance-management.png,1200,844,77.71,CHANGED,audit/screenshots/diff/390/file__capability-and-performance-management.png
390,file__code-of-governance-for-gmbcu-board.png,1200,844,77.80,CHANGED,audit/screenshots/diff/390/file__code-of-governance-for-gmbcu-board.png
390,file__compassionate-leave.png,1156,844,77.50,CHANGED,audit/screenshots/diff/390/file__compassionate-leave.png
390,file__complaint-handling-policy-and-procedures.png,1200,844,77.68,CHANGED,audit/screenshots/diff/390/file__complaint-handling-policy-and-procedures.png
390,file__complaints-directors-report.png,1156,844,77.39,CHANGED,audit/screenshots/diff/390/file__complaints-directors-report.png
390,file__compliance-framework-policies-and-procedures.png,1244,844,78.13,CHANGED,audit/screenshots/diff/390/file__compliance-framework-policies-and-procedures.png
390,file__confidentiality-policy-declaration.png,1200,844,77.83,CHANGED,audit/screenshots/diff/390/file__confidentiality-policy-declaration.png
390,file__conflicts-of-interest-policy.png,1156,844,77.44,CHANGED,audit/screenshots/diff/390/file__conflicts-of-interest-policy.png
390,file__consumer-duty-implementation-plan.png,1200,844,77.84,CHANGED,audit/screenshots/diff/390/file__consumer-duty-implementation-plan.png
390,file__consumer-duty-treating-members-fairly-policy.png,1200,844,77.62,CHANGED,audit/screenshots/diff/390/file__consumer-duty-treating-members-fairly-policy.png
390,file__consumer-duty.png,1156,844,77.44,CHANGED,audit/screenshots/diff/390/file__consumer-duty.png
390,file__credit-control-policy.png,1156,844,77.54,CHANGED,audit/screenshots/diff/390/file__credit-control-policy.png
390,file__cyber-information-policy.png,1156,844,77.44,CHANGED,audit/screenshots/diff/390/file__cyber-information-policy.png
390,file__disciplinary-procedure.png,1156,844,77.50,CHANGED,audit/screenshots/diff/390/file__disciplinary-procedure.png
390,file__emergency-dependants-leave.png,1156,844,77.34,CHANGED,audit/screenshots/diff/390/file__emergency-dependants-leave.png
390,file__employment-terms-conditions.png,1200,844,77.87,CHANGED,audit/screenshots/diff/390/file__employment-terms-conditions.png
390,file__equality-diversity-inclusion.png,1156,844,77.39,CHANGED,audit/screenshots/diff/390/file__equality-diversity-inclusion.png
390,file__february-2023-marketing-overview.png,1200,844,77.83,CHANGED,audit/screenshots/diff/390/file__february-2023-marketing-overview.png
390,file__february-2023-monthly-loan-stats.png,1200,844,77.84,CHANGED,audit/screenshots/diff/390/file__february-2023-monthly-loan-stats.png
390,file__february-2023-monthly-processing-stats.png,1200,844,77.71,CHANGED,audit/screenshots/diff/390/file__february-2023-monthly-processing-stats.png
390,file__february-2023-monthly-report.png,1156,844,77.37,CHANGED,audit/screenshots/diff/390/file__february-2023-monthly-report.png
390,file__financial-management-policy.png,1200,844,77.96,CHANGED,audit/screenshots/diff/390/file__financial-management-policy.png
390,file__financial-promotions-policy.png,1156,844,77.41,CHANGED,audit/screenshots/diff/390/file__financial-promotions-policy.png
390,file__flexible-working.png,1112,844,77.03,CHANGED,audit/screenshots/diff/390/file__flexible-working.png
390,file__friends-of-gmbcu-prize-draw-report.png,1156,844,77.30,CHANGED,audit/screenshots/diff/390/file__friends-of-gmbcu-prize-draw-report.png
390,file__gifts-hospitality-policy.png,1156,844,77.45,CHANGED,audit/screenshots/diff/390/file__gifts-hospitality-policy.png
390,file__gmb-risk-appetite-statements-2023.png,1200,844,77.76,CHANGED,audit/screenshots/diff/390/file__gmb-risk-appetite-statements-2023.png
390,file__gmbcu-board-evaluation.png,1156,844,77.49,CHANGED,audit/screenshots/diff/390/file__gmbcu-board-evaluation.png
390,file__gmbcu-confidentiality-policy-declaration-form-2024.png,1244,844,78.05,CHANGED,audit/screenshots/diff/390/file__gmbcu-confidentiality-policy-declaration-form-2024.png
390,file__gmbcu-director-recruitment-and-succession.png,1200,844,77.68,CHANGED,audit/screenshots/diff/390/file__gmbcu-director-recruitment-and-succession.png
390,file__gmbcu-organisational-chart-2024.png,1200,844,77.84,CHANGED,audit/screenshots/diff/390/file__gmbcu-organisational-chart-2024.png
390,file__gmbcu-risk-appetite-statement-2024.png,1200,844,77.76,CHANGED,audit/screenshots/diff/390/file__gmbcu-risk-appetite-statement-2024.png
390,file__governance-and-senior-management.png,1244,844,78.13,CHANGED,audit/screenshots/diff/390/file__governance-and-senior-management.png
390,file__governance-for-effective-boards.png,1156,844,77.35,CHANGED,audit/screenshots/diff/390/file__governance-for-effective-boards.png
390,file__governance-roles.png,1112,844,77.00,CHANGED,audit/screenshots/diff/390/file__governance-roles.png
390,file__governance-statement-on-authorities.png,1200,844,77.80,CHANGED,audit/screenshots/diff/390/file__governance-statement-on-authorities.png
390,file__governance.png,1112,844,77.11,CHANGED,audit/screenshots/diff/390/file__governance.png
390,file__health-safety.png,1112,844,77.03,CHANGED,audit/screenshots/diff/390/file__health-safety.png
390,file__information-security-policy.png,1156,844,77.42,CHANGED,audit/screenshots/diff/390/file__information-security-policy.png
390,file__it-infrastructure.png,1112,844,77.06,CHANGED,audit/screenshots/diff/390/file__it-infrastructure.png
390,file__january-2023-marketing-overview.png,1200,844,77.85,CHANGED,audit/screenshots/diff/390/file__january-2023-marketing-overview.png
390,file__january-2023-monthly-loan-stat.png,1156,844,77.34,CHANGED,audit/screenshots/diff/390/file__january-2023-monthly-loan-stat.png
390,file__january-2023-monthly-processing-stats.png,1200,844,77.73,CHANGED,audit/screenshots/diff/390/file__january-2023-monthly-processing-stats.png
390,file__january-2023-monthly-report.png,1156,844,77.40,CHANGED,audit/screenshots/diff/390/file__january-2023-monthly-report.png
390,file__july-2023-marketing-overview.png,1200,844,77.92,CHANGED,audit/screenshots/diff/390/file__july-2023-marketing-overview.png
390,file__july-2023-monthly-loan-stats.png,1200,844,77.93,CHANGED,audit/screenshots/diff/390/file__july-2023-monthly-loan-stats.png
390,file__july-2023-monthly-processing-stats.png,1200,844,77.80,CHANGED,audit/screenshots/diff/390/file__july-2023-monthly-processing-stats.png
390,file__july-2023-monthly-report.png,1156,844,77.47,CHANGED,audit/screenshots/diff/390/file__july-2023-monthly-report.png
390,file__june-2023-marketing-overview.png,1200,844,77.91,CHANGED,audit/screenshots/diff/390/file__june-2023-marketing-overview.png
390,file__june-2023-monthly-loan-stats.png,1200,844,77.92,CHANGED,audit/screenshots/diff/390/file__june-2023-monthly-loan-stats.png
390,file__june-2023-monthly-processing-stats.png,1200,844,77.79,CHANGED,audit/screenshots/diff/390/file__june-2023-monthly-processing-stats.png
390,file__june-2023-monthly-report.png,1156,844,77.46,CHANGED,audit/screenshots/diff/390/file__june-2023-monthly-report.png
390,file__liquidity-policy.png,1112,844,77.05,CHANGED,audit/screenshots/diff/390/file__liquidity-policy.png
390,file__loan-stats-april-2025.png,1156,844,77.53,CHANGED,audit/screenshots/diff/390/file__loan-stats-april-2025.png
390,file__loan-stats-jan-2025.png,1156,844,77.52,CHANGED,audit/screenshots/diff/390/file__loan-stats-jan-2025.png
390,file__loan-stats-july-2024.png,1156,844,77.52,CHANGED,audit/screenshots/diff/390/file__loan-stats-july-2024.png
390,file__loan-stats-march-2024.png,1156,844,77.51,CHANGED,audit/screenshots/diff/390/file__loan-stats-march-2024.png
390,file__loan-stats-march-2025.png,1156,844,77.50,CHANGED,audit/screenshots/diff/390/file__loan-stats-march-2025.png
390,file__loan-stats-october-2023.png,1156,844,77.43,CHANGED,audit/screenshots/diff/390/file__loan-stats-october-2023.png
390,file__loans-policy.png,1112,844,77.11,CHANGED,audit/screenshots/diff/390/file__loans-policy.png
390,file__march-2023-marketing-overview.png,1200,844,77.88,CHANGED,audit/screenshots/diff/390/file__march-2023-marketing-overview.png
390,file__march-2023-monthly-loan-stats.png,1200,844,77.90,CHANGED,audit/screenshots/diff/390/file__march-2023-monthly-loan-stats.png
390,file__march-2023-monthly-processing-stats.png,1200,844,77.77,CHANGED,audit/screenshots/diff/390/file__march-2023-monthly-processing-stats.png
390,file__march-2023-monthly-report.png,1156,844,77.43,CHANGED,audit/screenshots/diff/390/file__march-2023-monthly-report.png
390,file__marketing-overview-10.png,1156,844,77.54,CHANGED,audit/screenshots/diff/390/file__marketing-overview-10.png
390,file__marketing-overview-11.png,1156,844,77.53,CHANGED,audit/screenshots/diff/390/file__marketing-overview-11.png
390,file__marketing-overview-12.png,1156,844,77.55,CHANGED,audit/screenshots/diff/390/file__marketing-overview-12.png
390,file__marketing-overview-13.png,1156,844,77.54,CHANGED,audit/screenshots/diff/390/file__marketing-overview-13.png
390,file__marketing-overview-14.png,1156,844,77.56,CHANGED,audit/screenshots/diff/390/file__marketing-overview-14.png
390,file__marketing-overview-15.png,1156,844,77.56,CHANGED,audit/screenshots/diff/390/file__marketing-overview-15.png
390,file__marketing-overview-16.png,1156,844,77.58,CHANGED,audit/screenshots/diff/390/file__marketing-overview-16.png
390,file__marketing-overview-17.png,1156,844,77.56,CHANGED,audit/screenshots/diff/390/file__marketing-overview-17.png
390,file__marketing-overview-18.png,1156,844,77.57,CHANGED,audit/screenshots/diff/390/file__marketing-overview-18.png
390,file__marketing-overview-19.png,1156,844,77.55,CHANGED,audit/screenshots/diff/390/file__marketing-overview-19.png
390,file__marketing-overview-2.png,1156,844,77.54,CHANGED,audit/screenshots/diff/390/file__marketing-overview-2.png
390,file__marketing-overview-20.png,1156,844,77.53,CHANGED,audit/screenshots/diff/390/file__marketing-overview-20.png
390,file__marketing-overview-21.png,1156,844,77.53,CHANGED,audit/screenshots/diff/390/file__marketing-overview-21.png
390,file__marketing-overview-22.png,1156,844,77.53,CHANGED,audit/screenshots/diff/390/file__marketing-overview-22.png
390,file__marketing-overview-23.png,1156,844,77.55,CHANGED,audit/screenshots/diff/390/file__marketing-overview-23.png
390,file__marketing-overview-24.png,1156,844,77.55,CHANGED,audit/screenshots/diff/390/file__marketing-overview-24.png
390,file__marketing-overview-25.png,1156,844,77.55,CHANGED,audit/screenshots/diff/390/file__marketing-overview-25.png
390,file__marketing-overview-26.png,1156,844,77.57,CHANGED,audit/screenshots/diff/390/file__marketing-overview-26.png
390,file__marketing-overview-27.png,1156,844,77.58,CHANGED,audit/screenshots/diff/390/file__marketing-overview-27.png
390,file__marketing-overview-28.png,1156,844,77.56,CHANGED,audit/screenshots/diff/390/file__marketing-overview-28.png
390,file__marketing-overview-29.png,1156,844,77.55,CHANGED,audit/screenshots/diff/390/file__marketing-overview-29.png
390,file__marketing-overview-3.png,1156,844,77.57,CHANGED,audit/screenshots/diff/390/file__marketing-overview-3.png
390,file__marketing-overview-30.png,1156,844,77.55,CHANGED,audit/screenshots/diff/390/file__marketing-overview-30.png
390,file__marketing-overview-31.png,1156,844,77.52,CHANGED,audit/screenshots/diff/390/file__marketing-overview-31.png
390,file__marketing-overview-4.png,1156,844,77.57,CHANGED,audit/screenshots/diff/390/file__marketing-overview-4.png
390,file__marketing-overview-5.png,1156,844,77.58,CHANGED,audit/screenshots/diff/390/file__marketing-overview-5.png
390,file__marketing-overview-6.png,1156,844,77.58,CHANGED,audit/screenshots/diff/390/file__marketing-overview-6.png
390,file__marketing-overview-7.png,1156,844,77.55,CHANGED,audit/screenshots/diff/390/file__marketing-overview-7.png
390,file__marketing-overview-8.png,1156,844,77.53,CHANGED,audit/screenshots/diff/390/file__marketing-overview-8.png
390,file__marketing-overview-9.png,1156,844,77.54,CHANGED,audit/screenshots/diff/390/file__marketing-overview-9.png
390,file__marketing-overview.png,1156,844,77.53,CHANGED,audit/screenshots/diff/390/file__marketing-overview.png
390,file__marketing-report-december-2023.png,1156,844,77.29,CHANGED,audit/screenshots/diff/390/file__marketing-report-december-2023.png
390,file__marketing-report-february-2024.png,1156,844,77.34,CHANGED,audit/screenshots/diff/390/file__marketing-report-february-2024.png
390,file__marketing-report-january-2024.png,1156,844,77.34,CHANGED,audit/screenshots/diff/390/file__marketing-report-january-2024.png
390,file__maternity-paternity-adoption.png,1200,844,77.88,CHANGED,audit/screenshots/diff/390/file__maternity-paternity-adoption.png
390,file__may-2023-marketing-overview.png,1200,844,77.91,CHANGED,audit/screenshots/diff/390/file__may-2023-marketing-overview.png
390,file__may-2023-monthly-loan-stats.png,1200,844,77.92,CHANGED,audit/screenshots/diff/390/file__may-2023-monthly-loan-stats.png
390,file__may-2023-monthly-processing-stats.png,1200,844,77.79,CHANGED,audit/screenshots/diff/390/file__may-2023-monthly-processing-stats.png
390,file__may-2023-monthly-report.png,1156,844,77.45,CHANGED,audit/screenshots/diff/390/file__may-2023-monthly-report.png
390,file__member-processing-statistics-october-2025.png,1244,844,78.12,CHANGED,audit/screenshots/diff/390/file__member-processing-statistics-october-2025.png
390,file__menopause.png,1112,844,77.12,CHANGED,audit/screenshots/diff/390/file__menopause.png
390,file__minutes-of-the-2023-agm.png,1156,844,77.45,CHANGED,audit/screenshots/diff/390/file__minutes-of-the-2023-agm.png
390,file__money-laundering-officers-report.png,1200,844,77.83,CHANGED,audit/screenshots/diff/390/file__money-laundering-officers-report.png
390,file__monthly-loan-stats-april-2024.png,1156,844,77.36,CHANGED,audit/screenshots/diff/390/file__monthly-loan-stats-april-2024.png
390,file__monthly-loan-stats-april-2026.png,1156,844,77.36,CHANGED,audit/screenshots/diff/390/file__monthly-loan-stats-april-2026.png
390,file__monthly-loan-stats-august-2024.png,1200,844,77.81,CHANGED,audit/screenshots/diff/390/file__monthly-loan-stats-august-2024.png
390,file__monthly-loan-stats-august-2025.png,1200,844,77.81,CHANGED,audit/screenshots/diff/390/file__monthly-loan-stats-august-2025.png
390,file__monthly-loan-stats-august-2026.png,1200,844,77.82,CHANGED,audit/screenshots/diff/390/file__monthly-loan-stats-august-2026.png
390,file__monthly-loan-stats-dec-2024.png,1156,844,77.36,CHANGED,audit/screenshots/diff/390/file__monthly-loan-stats-dec-2024.png
390,file__monthly-loan-stats-december-2023.png,1200,844,77.79,CHANGED,audit/screenshots/diff/390/file__monthly-loan-stats-december-2023.png
390,file__monthly-loan-stats-december-2025.png,1200,844,77.78,CHANGED,audit/screenshots/diff/390/file__monthly-loan-stats-december-2025.png
390,file__monthly-loan-stats-feb-2024.png,1156,844,77.37,CHANGED,audit/screenshots/diff/390/file__monthly-loan-stats-feb-2024.png
390,file__monthly-loan-stats-february-2026.png,1200,844,77.82,CHANGED,audit/screenshots/diff/390/file__monthly-loan-stats-february-2026.png
390,file__monthly-loan-stats-jan-2024.png,1156,844,77.36,CHANGED,audit/screenshots/diff/390/file__monthly-loan-stats-jan-2024.png
390,file__monthly-loan-stats-january-2026.png,1200,844,77.82,CHANGED,audit/screenshots/diff/390/file__monthly-loan-stats-january-2026.png
390,file__monthly-loan-stats-july-2025.png,1156,844,77.35,CHANGED,audit/screenshots/diff/390/file__monthly-loan-stats-july-2025.png
390,file__monthly-loan-stats-july-2026.png,1156,844,77.36,CHANGED,audit/screenshots/diff/390/file__monthly-loan-stats-july-2026.png
390,file__monthly-loan-stats-june-2024.png,1156,844,77.38,CHANGED,audit/screenshots/diff/390/file__monthly-loan-stats-june-2024.png
390,file__monthly-loan-stats-june-2025.png,1156,844,77.36,CHANGED,audit/screenshots/diff/390/file__monthly-loan-stats-june-2025.png
390,file__monthly-loan-stats-june-2026.png,1156,844,77.36,CHANGED,audit/screenshots/diff/390/file__monthly-loan-stats-june-2026.png
390,file__monthly-loan-stats-march-2026.png,1200,844,77.87,CHANGED,audit/screenshots/diff/390/file__monthly-loan-stats-march-2026.png
390,file__monthly-loan-stats-may-2024.png,1156,844,77.36,CHANGED,audit/screenshots/diff/390/file__monthly-loan-stats-may-2024.png
390,file__monthly-loan-stats-may-2025.png,1156,844,77.35,CHANGED,audit/screenshots/diff/390/file__monthly-loan-stats-may-2025.png
390,file__monthly-loan-stats-may-2026.png,1156,844,77.36,CHANGED,audit/screenshots/diff/390/file__monthly-loan-stats-may-2026.png
390,file__monthly-loan-stats-nov-2023.png,1156,844,77.34,CHANGED,audit/screenshots/diff/390/file__monthly-loan-stats-nov-2023.png
390,file__monthly-loan-stats-nov-2024.png,1156,844,77.35,CHANGED,audit/screenshots/diff/390/file__monthly-loan-stats-nov-2024.png
390,file__monthly-loan-stats-november-2025.png,1200,844,77.77,CHANGED,audit/screenshots/diff/390/file__monthly-loan-stats-november-2025.png
390,file__monthly-loan-stats-october-2024.png,1200,844,77.82,CHANGED,audit/screenshots/diff/390/file__monthly-loan-stats-october-2024.png
390,file__monthly-loan-stats-october-2025.png,1200,844,77.81,CHANGED,audit/screenshots/diff/390/file__monthly-loan-stats-october-2025.png
390,file__monthly-loan-stats-sep-2024.png,1156,844,77.34,CHANGED,audit/screenshots/diff/390/file__monthly-loan-stats-sep-2024.png
390,file__monthly-loan-stats-september-2025.png,1200,844,77.75,CHANGED,audit/screenshots/diff/390/file__monthly-loan-stats-september-2025.png
390,file__monthly-loan-stats-september-2026.png,1200,844,77.75,CHANGED,audit/screenshots/diff/390/file__monthly-loan-stats-september-2026.png
390,file__monthly-loan-stats.png,1156,844,77.56,CHANGED,audit/screenshots/diff/390/file__monthly-loan-stats.png
390,file__monthly-processing-stats-april-2024.png,1200,844,77.78,CHANGED,audit/screenshots/diff/390/file__monthly-processing-stats-april-2024.png
390,file__monthly-processing-stats-april-2026.png,1200,844,77.78,CHANGED,audit/screenshots/diff/390/file__monthly-processing-stats-april-2026.png
390,file__monthly-processing-stats-august-2024.png,1200,844,77.69,CHANGED,audit/screenshots/diff/390/file__monthly-processing-stats-august-2024.png
390,file__monthly-processing-stats-august-2025.png,1200,844,77.68,CHANGED,audit/screenshots/diff/390/file__monthly-processing-stats-august-2025.png
390,file__monthly-processing-stats-december-2024.png,1200,844,77.67,CHANGED,audit/screenshots/diff/390/file__monthly-processing-stats-december-2024.png
390,file__monthly-processing-stats-december-2025.png,1200,844,77.66,CHANGED,audit/screenshots/diff/390/file__monthly-processing-stats-december-2025.png
390,file__monthly-processing-stats-feb-2024.png,1200,844,77.79,CHANGED,audit/screenshots/diff/390/file__monthly-processing-stats-feb-2024.png
390,file__monthly-processing-stats-february-2026.png,1200,844,77.69,CHANGED,audit/screenshots/diff/390/file__monthly-processing-stats-february-2026.png
390,file__monthly-processing-stats-jan-2024.png,1200,844,77.79,CHANGED,audit/screenshots/diff/390/file__monthly-processing-stats-jan-2024.png
390,file__monthly-processing-stats-january.png,1200,844,77.70,CHANGED,audit/screenshots/diff/390/file__monthly-processing-stats-january.png
390,file__monthly-processing-stats-july-2024.png,1200,844,77.78,CHANGED,audit/screenshots/diff/390/file__monthly-processing-stats-july-2024.png
390,file__monthly-processing-stats-july-2025.png,1200,844,77.78,CHANGED,audit/screenshots/diff/390/file__monthly-processing-stats-july-2025.png
390,file__monthly-processing-stats-july-2026.png,1200,844,77.79,CHANGED,audit/screenshots/diff/390/file__monthly-processing-stats-july-2026.png
390,file__monthly-processing-stats-june-2024.png,1200,844,77.80,CHANGED,audit/screenshots/diff/390/file__monthly-processing-stats-june-2024.png
390,file__monthly-processing-stats-june-2025.png,1200,844,77.79,CHANGED,audit/screenshots/diff/390/file__monthly-processing-stats-june-2025.png
390,file__monthly-processing-stats-june-2026.png,1200,844,77.79,CHANGED,audit/screenshots/diff/390/file__monthly-processing-stats-june-2026.png
390,file__monthly-processing-stats-march-2026.png,1200,844,77.76,CHANGED,audit/screenshots/diff/390/file__monthly-processing-stats-march-2026.png
390,file__monthly-processing-stats-may-2024.png,1200,844,77.79,CHANGED,audit/screenshots/diff/390/file__monthly-processing-stats-may-2024.png
390,file__monthly-processing-stats-may-2025.png,1200,844,77.78,CHANGED,audit/screenshots/diff/390/file__monthly-processing-stats-may-2025.png
390,file__monthly-processing-stats-may-2026.png,1200,844,77.78,CHANGED,audit/screenshots/diff/390/file__monthly-processing-stats-may-2026.png
390,file__monthly-processing-stats-nov-2023.png,1200,844,77.76,CHANGED,audit/screenshots/diff/390/file__monthly-processing-stats-nov-2023.png
390,file__monthly-processing-stats-nov-2024.png,1200,844,77.77,CHANGED,audit/screenshots/diff/390/file__monthly-processing-stats-nov-2024.png
390,file__monthly-processing-stats-november-2025.png,1200,844,77.64,CHANGED,audit/screenshots/diff/390/file__monthly-processing-stats-november-2025.png
390,file__monthly-processing-stats-october-2024.png,1200,844,77.69,CHANGED,audit/screenshots/diff/390/file__monthly-processing-stats-october-2024.png
390,file__monthly-processing-stats-october-2025.png,1200,844,77.67,CHANGED,audit/screenshots/diff/390/file__monthly-processing-stats-october-2025.png
390,file__monthly-processing-stats-sep-2024.png,1200,844,77.75,CHANGED,audit/screenshots/diff/390/file__monthly-processing-stats-sep-2024.png
390,file__monthly-processing-stats-september-2025.png,1200,844,77.62,CHANGED,audit/screenshots/diff/390/file__monthly-processing-stats-september-2025.png
390,file__monthly-processing-stats-september-2026.png,1200,844,77.62,CHANGED,audit/screenshots/diff/390/file__monthly-processing-stats-september-2026.png
390,file__monthly-processing-stats.png,1156,844,77.42,CHANGED,audit/screenshots/diff/390/file__monthly-processing-stats.png
390,file__monthly-report-2.png,1112,844,77.05,CHANGED,audit/screenshots/diff/390/file__monthly-report-2.png
390,file__monthly-report-april-2025.png,1156,844,77.43,CHANGED,audit/screenshots/diff/390/file__monthly-report-april-2025.png
390,file__monthly-report-april-2026.png,1156,844,77.43,CHANGED,audit/screenshots/diff/390/file__monthly-report-april-2026.png
390,file__monthly-report-august-2024.png,1156,844,77.34,CHANGED,audit/screenshots/diff/390/file__monthly-report-august-2024.png
390,file__monthly-report-august-2025.png,1156,844,77.32,CHANGED,audit/screenshots/diff/390/file__monthly-report-august-2025.png
390,file__monthly-report-august-2026-2.png,1156,844,77.34,CHANGED,audit/screenshots/diff/390/file__monthly-report-august-2026-2.png
390,file__monthly-report-august-2026.png,1156,844,77.33,CHANGED,audit/screenshots/diff/390/file__monthly-report-august-2026.png
390,file__monthly-report-dec-2023-2.png,1156,844,77.42,CHANGED,audit/screenshots/diff/390/file__monthly-report-dec-2023-2.png
390,file__monthly-report-dec-2023.png,1200,844,77.77,CHANGED,audit/screenshots/diff/390/file__monthly-report-dec-2023.png
390,file__monthly-report-dec-2024.png,1156,844,77.42,CHANGED,audit/screenshots/diff/390/file__monthly-report-dec-2024.png
390,file__monthly-report-december-2025.png,1156,844,77.30,CHANGED,audit/screenshots/diff/390/file__monthly-report-december-2025.png
390,file__monthly-report-feb-2024.png,1156,844,77.44,CHANGED,audit/screenshots/diff/390/file__monthly-report-feb-2024.png
390,file__monthly-report-february-2026.png,1156,844,77.34,CHANGED,audit/screenshots/diff/390/file__monthly-report-february-2026.png
390,file__monthly-report-jan-2024.png,1156,844,77.43,CHANGED,audit/screenshots/diff/390/file__monthly-report-jan-2024.png
390,file__monthly-report-jan-2025.png,1156,844,77.42,CHANGED,audit/screenshots/diff/390/file__monthly-report-jan-2025.png
390,file__monthly-report-january-2026.png,1156,844,77.34,CHANGED,audit/screenshots/diff/390/file__monthly-report-january-2026.png
390,file__monthly-report-july-2024.png,1156,844,77.43,CHANGED,audit/screenshots/diff/390/file__monthly-report-july-2024.png
390,file__monthly-report-july-2025.png,1156,844,77.43,CHANGED,audit/screenshots/diff/390/file__monthly-report-july-2025.png
390,file__monthly-report-july-2026.png,1156,844,77.44,CHANGED,audit/screenshots/diff/390/file__monthly-report-july-2026.png
390,file__monthly-report-june-2024.png,1156,844,77.45,CHANGED,audit/screenshots/diff/390/file__monthly-report-june-2024.png
390,file__monthly-report-june-2025.png,1156,844,77.44,CHANGED,audit/screenshots/diff/390/file__monthly-report-june-2025.png
390,file__monthly-report-june-2026.png,1156,844,77.44,CHANGED,audit/screenshots/diff/390/file__monthly-report-june-2026.png
390,file__monthly-report-march-2024-2.png,1156,844,77.41,CHANGED,audit/screenshots/diff/390/file__monthly-report-march-2024-2.png
390,file__monthly-report-march-2024.png,1200,844,77.76,CHANGED,audit/screenshots/diff/390/file__monthly-report-march-2024.png
390,file__monthly-report-march-2025.png,1156,844,77.41,CHANGED,audit/screenshots/diff/390/file__monthly-report-march-2025.png
390,file__monthly-report-march-2026.png,1156,844,77.41,CHANGED,audit/screenshots/diff/390/file__monthly-report-march-2026.png
390,file__monthly-report-may-2024.png,1156,844,77.44,CHANGED,audit/screenshots/diff/390/file__monthly-report-may-2024.png
390,file__monthly-report-may-2025.png,1156,844,77.43,CHANGED,audit/screenshots/diff/390/file__monthly-report-may-2025.png
390,file__monthly-report-may-2026.png,1156,844,77.43,CHANGED,audit/screenshots/diff/390/file__monthly-report-may-2026.png
390,file__monthly-report-nov-2023.png,1156,844,77.41,CHANGED,audit/screenshots/diff/390/file__monthly-report-nov-2023.png
390,file__monthly-report-nov-2024.png,1156,844,77.42,CHANGED,audit/screenshots/diff/390/file__monthly-report-nov-2024.png
390,file__monthly-report-november-2025.png,1156,844,77.28,CHANGED,audit/screenshots/diff/390/file__monthly-report-november-2025.png
390,file__monthly-report-october-2023.png,1156,844,77.33,CHANGED,audit/screenshots/diff/390/file__monthly-report-october-2023.png
390,file__monthly-report-october-2024.png,1156,844,77.33,CHANGED,audit/screenshots/diff/390/file__monthly-report-october-2024.png
390,file__monthly-report-sep-2024.png,1156,844,77.40,CHANGED,audit/screenshots/diff/390/file__monthly-report-sep-2024.png
390,file__monthly-report-september-2023.png,1156,844,77.26,CHANGED,audit/screenshots/diff/390/file__monthly-report-september-2023.png
390,file__monthly-report-september-2025.png,1156,844,77.26,CHANGED,audit/screenshots/diff/390/file__monthly-report-september-2025.png
390,file__monthly-report.png,1156,844,77.45,CHANGED,audit/screenshots/diff/390/file__monthly-report.png
390,file__organisational-chart.png,1156,844,77.51,CHANGED,audit/screenshots/diff/390/file__organisational-chart.png
390,file__privacy-policy.png,1112,844,77.09,CHANGED,audit/screenshots/diff/390/file__privacy-policy.png
390,file__prizesaver-termsandconditions.png,1200,844,77.86,CHANGED,audit/screenshots/diff/390/file__prizesaver-termsandconditions.png
390,file__processing-stats-april-2025.png,1156,844,77.39,CHANGED,audit/screenshots/diff/390/file__processing-stats-april-2025.png
390,file__processing-stats-jan-2025.png,1156,844,77.39,CHANGED,audit/screenshots/diff/390/file__processing-stats-jan-2025.png
390,file__processing-stats-march-2025.png,1156,844,77.37,CHANGED,audit/screenshots/diff/390/file__processing-stats-march-2025.png
390,file__processing-stats-october-2023.png,1156,844,77.30,CHANGED,audit/screenshots/diff/390/file__processing-stats-october-2023.png
390,file__redundancy.png,1112,844,77.09,CHANGED,audit/screenshots/diff/390/file__redundancy.png
390,file__responsibility-of-directors.png,1156,844,77.46,CHANGED,audit/screenshots/diff/390/file__responsibility-of-directors.png
390,file__retaining-archiving-records.png,1156,844,77.35,CHANGED,audit/screenshots/diff/390/file__retaining-archiving-records.png
390,file__risk-appetite-statements-2025.png,1156,844,77.31,CHANGED,audit/screenshots/diff/390/file__risk-appetite-statements-2025.png
390,file__risk-key-area-summary.png,1156,844,77.49,CHANGED,audit/screenshots/diff/390/file__risk-key-area-summary.png
390,file__risk-management-framework.png,1156,844,77.37,CHANGED,audit/screenshots/diff/390/file__risk-management-framework.png
390,file__scv-procedure.png,1112,844,77.11,CHANGED,audit/screenshots/diff/390/file__scv-procedure.png
390,file__senior-manager-handover-policy.png,1156,844,77.31,CHANGED,audit/screenshots/diff/390/file__senior-manager-handover-policy.png
390,file__september-2023-marketing-overview.png,1156,844,77.54,CHANGED,audit/screenshots/diff/390/file__september-2023-marketing-overview.png
390,file__smcr-policy.png,1112,844,77.11,CHANGED,audit/screenshots/diff/390/file__smcr-policy.png
390,file__supervisor-report.png,1112,844,77.01,CHANGED,audit/screenshots/diff/390/file__supervisor-report.png
390,file__supervisory-internal-audit.png,1156,844,77.41,CHANGED,audit/screenshots/diff/390/file__supervisory-internal-audit.png
390,file__tcu-rule-book-final-fsa-approved.png,1200,844,77.85,CHANGED,audit/screenshots/diff/390/file__tcu-rule-book-final-fsa-approved.png
390,file__the-role-of-the-board.png,1156,844,77.58,CHANGED,audit/screenshots/diff/390/file__the-role-of-the-board.png
390,file__the-role-of-the-ceo.png,1156,844,77.61,CHANGED,audit/screenshots/diff/390/file__the-role-of-the-ceo.png
390,file__the-role-of-the-chair-of-the-board-2.png,1156,844,77.37,CHANGED,audit/screenshots/diff/390/file__the-role-of-the-chair-of-the-board-2.png
390,file__the-role-of-the-treasurer.png,1156,844,77.52,CHANGED,audit/screenshots/diff/390/file__the-role-of-the-treasurer.png
390,file__third-party-due-diligence-policy.png,1156,844,77.34,CHANGED,audit/screenshots/diff/390/file__third-party-due-diligence-policy.png
390,file__training-competence-framework.png,1200,844,77.85,CHANGED,audit/screenshots/diff/390/file__training-competence-framework.png
390,file__treasurers-report.png,1112,844,77.02,CHANGED,audit/screenshots/diff/390/file__treasurers-report.png
390,file__treasury-management-policy.png,1200,844,77.93,CHANGED,audit/screenshots/diff/390/file__treasury-management-policy.png
390,file__treating-members-fairly.png,1156,844,77.50,CHANGED,audit/screenshots/diff/390/file__treating-members-fairly.png
390,file__vulnerable-customers-policy.png,1156,844,77.39,CHANGED,audit/screenshots/diff/390/file__vulnerable-customers-policy.png
390,file__vulnerable-members.png,1156,844,77.57,CHANGED,audit/screenshots/diff/390/file__vulnerable-members.png
390,file__whistleblowing-policy.png,1156,844,77.50,CHANGED,audit/screenshots/diff/390/file__whistleblowing-policy.png
390,filter__annual-audited-accounts.png,2070,844,61.09,CHANGED,audit/screenshots/diff/390/filter__annual-audited-accounts.png
390,filter__annual-report.png,2070,844,61.01,CHANGED,audit/screenshots/diff/390/filter__annual-report.png
390,filter__april-2023.png,2585,844,49.20,CHANGED,audit/screenshots/diff/390/filter__april-2023.png
390,filter__april-2024.png,2585,844,49.17,CHANGED,audit/screenshots/diff/390/filter__april-2024.png
390,filter__april-2025.png,2585,844,49.12,CHANGED,audit/screenshots/diff/390/filter__april-2025.png
390,filter__april-2026.png,2585,844,49.18,CHANGED,audit/screenshots/diff/390/filter__april-2026.png
390,filter__august-2023.png,2605,844,48.84,CHANGED,audit/screenshots/diff/390/filter__august-2023.png
390,filter__august-2024.png,2605,844,48.82,CHANGED,audit/screenshots/diff/390/filter__august-2024.png
390,filter__august-2025.png,2605,844,48.82,CHANGED,audit/screenshots/diff/390/filter__august-2025.png
390,filter__august-2026.png,2327,844,54.53,CHANGED,audit/screenshots/diff/390/filter__august-2026.png
390,filter__board-minutes.png,3695,844,35.24,CHANGED,audit/screenshots/diff/390/filter__board-minutes.png
390,filter__board-minutes__page__2.png,3437,844,37.71,CHANGED,audit/screenshots/diff/390/filter__board-minutes__page__2.png
390,filter__budget.png,1812,844,69.52,CHANGED,audit/screenshots/diff/390/filter__budget.png
390,filter__business-plan.png,2327,844,54.45,CHANGED,audit/screenshots/diff/390/filter__business-plan.png
390,filter__business-policies.png,2070,844,61.08,CHANGED,audit/screenshots/diff/390/filter__business-policies.png
390,filter__december-2023.png,2585,844,49.24,CHANGED,audit/screenshots/diff/390/filter__december-2023.png
390,filter__december-2024.png,2605,844,48.81,CHANGED,audit/screenshots/diff/390/filter__december-2024.png
390,filter__december-2025-monthly-reports.png,2605,844,48.86,CHANGED,audit/screenshots/diff/390/filter__december-2025-monthly-reports.png
390,filter__employee-policies.png,2070,844,61.04,CHANGED,audit/screenshots/diff/390/filter__employee-policies.png
390,filter__february-2023.png,2605,844,48.87,CHANGED,audit/screenshots/diff/390/filter__february-2023.png
390,filter__february-2024.png,2585,844,49.21,CHANGED,audit/screenshots/diff/390/filter__february-2024.png
390,filter__february-2025.png,2585,844,49.06,CHANGED,audit/screenshots/diff/390/filter__february-2025.png
390,filter__february-2026.png,2605,844,48.84,CHANGED,audit/screenshots/diff/390/filter__february-2026.png
390,filter__governance.png,3735,844,34.81,CHANGED,audit/screenshots/diff/390/filter__governance.png
390,filter__governance__page__2.png,3457,844,37.49,CHANGED,audit/screenshots/diff/390/filter__governance__page__2.png
390,filter__january-2023.png,2605,844,48.85,CHANGED,audit/screenshots/diff/390/filter__january-2023.png
390,filter__january-2024.png,2585,844,49.19,CHANGED,audit/screenshots/diff/390/filter__january-2024.png
390,filter__january-2025.png,2585,844,49.10,CHANGED,audit/screenshots/diff/390/filter__january-2025.png
390,filter__january-2026-monthly-reports.png,2605,844,48.82,CHANGED,audit/screenshots/diff/390/filter__january-2026-monthly-reports.png
390,filter__july-2023.png,2585,844,49.18,CHANGED,audit/screenshots/diff/390/filter__july-2023.png
390,filter__july-2024.png,2585,844,49.13,CHANGED,audit/screenshots/diff/390/filter__july-2024.png
390,filter__july-2025.png,2585,844,49.16,CHANGED,audit/screenshots/diff/390/filter__july-2025.png
390,filter__july2026-monthly-reports.png,2585,844,49.17,CHANGED,audit/screenshots/diff/390/filter__july2026-monthly-reports.png
390,filter__june-2023.png,2585,844,49.19,CHANGED,audit/screenshots/diff/390/filter__june-2023.png
390,filter__june-2024.png,2585,844,49.17,CHANGED,audit/screenshots/diff/390/filter__june-2024.png
390,filter__june-2025.png,2585,844,49.17,CHANGED,audit/screenshots/diff/390/filter__june-2025.png
390,filter__june-2026.png,2585,844,49.17,CHANGED,audit/screenshots/diff/390/filter__june-2026.png
390,filter__march-2023.png,2585,844,49.21,CHANGED,audit/screenshots/diff/390/filter__march-2023.png
390,filter__march-2024.png,2605,844,48.79,CHANGED,audit/screenshots/diff/390/filter__march-2024.png
390,filter__march-2025.png,2585,844,49.14,CHANGED,audit/screenshots/diff/390/filter__march-2025.png
390,filter__march-2026.png,2605,844,48.82,CHANGED,audit/screenshots/diff/390/filter__march-2026.png
390,filter__may-2023.png,2585,844,49.20,CHANGED,audit/screenshots/diff/390/filter__may-2023.png
390,filter__may-2024.png,2585,844,49.17,CHANGED,audit/screenshots/diff/390/filter__may-2024.png
390,filter__may-2025.png,2585,844,49.18,CHANGED,audit/screenshots/diff/390/filter__may-2025.png
390,filter__may-2026.png,2585,844,49.18,CHANGED,audit/screenshots/diff/390/filter__may-2026.png
390,filter__monthly-reports.png,3755,844,35.22,CHANGED,audit/screenshots/diff/390/filter__monthly-reports.png
390,filter__monthly-reports__page__2.png,3735,844,35.68,CHANGED,audit/screenshots/diff/390/filter__monthly-reports__page__2.png
390,filter__monthly-reports__page__23.png,1932,844,67.07,CHANGED,audit/screenshots/diff/390/filter__monthly-reports__page__23.png
390,filter__monthly-reports__page__3.png,3735,844,35.82,CHANGED,audit/screenshots/diff/390/filter__monthly-reports__page__3.png
390,filter__monthly-reports__page__4.png,3775,844,35.53,CHANGED,audit/screenshots/diff/390/filter__monthly-reports__page__4.png
390,filter__monthly-reports__page__5.png,3775,844,35.69,CHANGED,audit/screenshots/diff/390/filter__monthly-reports__page__5.png
390,filter__monthly-reports__page__6.png,3835,844,35.29,CHANGED,audit/screenshots/diff/390/filter__monthly-reports__page__6.png
390,filter__november-2023.png,2585,844,49.17,CHANGED,audit/screenshots/diff/390/filter__november-2023.png
390,filter__november-2024.png,2585,844,49.16,CHANGED,audit/screenshots/diff/390/filter__november-2024.png
390,filter__november-2025.png,2605,844,48.85,CHANGED,audit/screenshots/diff/390/filter__november-2025.png
390,filter__october-2023.png,2585,844,49.14,CHANGED,audit/screenshots/diff/390/filter__october-2023.png
390,filter__october-2024.png,2605,844,48.83,CHANGED,audit/screenshots/diff/390/filter__october-2024.png
390,filter__october-2025.png,2625,844,48.50,CHANGED,audit/screenshots/diff/390/filter__october-2025.png
390,filter__policies.png,3755,844,35.13,CHANGED,audit/screenshots/diff/390/filter__policies.png
390,filter__policies__page__2.png,3735,844,35.46,CHANGED,audit/screenshots/diff/390/filter__policies__page__2.png
390,filter__policies__page__3.png,3735,844,35.35,CHANGED,audit/screenshots/diff/390/filter__policies__page__3.png
390,filter__policies__page__4.png,3755,844,35.18,CHANGED,audit/screenshots/diff/390/filter__policies__page__4.png
390,filter__policies__page__5.png,3735,844,35.46,CHANGED,audit/screenshots/diff/390/filter__policies__page__5.png
390,filter__policies__page__6.png,3795,844,34.97,CHANGED,audit/screenshots/diff/390/filter__policies__page__6.png
390,filter__policies__page__7.png,1932,844,66.83,CHANGED,audit/screenshots/diff/390/filter__policies__page__7.png
390,filter__september-2023.png,2585,844,49.16,CHANGED,audit/screenshots/diff/390/filter__september-2023.png
390,filter__september-2024.png,2585,844,49.17,CHANGED,audit/screenshots/diff/390/filter__september-2024.png
390,filter__september-2025.png,2347,844,54.18,CHANGED,audit/screenshots/diff/390/filter__september-2025.png
390,filter__september-2026.png,2347,844,54.16,CHANGED,audit/screenshots/diff/390/filter__september-2026.png
390,five-financial-goals-next-financial-year.png,5210,5135,16.69,CHANGED,audit/screenshots/diff/390/five-financial-goals-next-financial-year.png
390,gmb-credit-union-prize-draw.png,8788,8655,25.99,CHANGED,audit/screenshots/diff/390/gmb-credit-union-prize-draw.png
390,help-your-children-form-good-money-habits.png,4848,4589,19.99,CHANGED,audit/screenshots/diff/390/help-your-children-form-good-money-habits.png
390,heres-why-you-should-teach-your-children-how-to-manage-their-money-this-summer.png,5816,5767,19.74,CHANGED,audit/screenshots/diff/390/heres-why-you-should-teach-your-children-how-to-manage-their-money-this-summer.png
390,home.png,7776,7782,23.01,CHANGED,audit/screenshots/diff/390/home.png
390,how-build-or-improve-your-credit-score.png,6522,6660,12.05,CHANGED,audit/screenshots/diff/390/how-build-or-improve-your-credit-score.png
390,how-check-your-credit-score-free.png,3836,3897,11.40,CHANGED,audit/screenshots/diff/390/how-check-your-credit-score-free.png
390,how-did-our-members-get-involved-us.png,2364,2181,9.02,CHANGED,audit/screenshots/diff/390/how-did-our-members-get-involved-us.png
390,how-financial-problems-affect-your-mental-health.png,6997,6808,15.87,CHANGED,audit/screenshots/diff/390/how-financial-problems-affect-your-mental-health.png
390,how-recognise-and-avoid-most-common-finance-scams.png,7313,6982,18.97,CHANGED,audit/screenshots/diff/390/how-recognise-and-avoid-most-common-finance-scams.png
390,how-to-get-involved-in-the-gmb-credit-union.png,4446,4613,3.87,CHANGED,audit/screenshots/diff/390/how-to-get-involved-in-the-gmb-credit-union.png
390,importance-understanding-ivas.png,6892,6881,11.54,CHANGED,audit/screenshots/diff/390/importance-understanding-ivas.png
390,join-gmbcu-get-25-and-a-chance-to-win-big.png,6438,6378,20.82,CHANGED,audit/screenshots/diff/390/join-gmbcu-get-25-and-a-chance-to-win-big.png
390,join-us-at-congress-2025.png,3124,3281,15.01,CHANGED,audit/screenshots/diff/390/join-us-at-congress-2025.png
390,join-us-congress-2023.png,2314,2436,17.04,CHANGED,audit/screenshots/diff/390/join-us-congress-2023.png
390,join-us-congress-2024.png,3702,3859,14.85,CHANGED,audit/screenshots/diff/390/join-us-congress-2024.png
390,lets-get-transparent-loan-interest-rates.png,5200,5012,18.17,CHANGED,audit/screenshots/diff/390/lets-get-transparent-loan-interest-rates.png
390,loan-application-rejected-what-now.png,6758,6620,15.94,CHANGED,audit/screenshots/diff/390/loan-application-rejected-what-now.png
390,loans.png,4842,4854,23.68,CHANGED,audit/screenshots/diff/390/loans.png
390,loans____q__conesso_link_tag_ebd837df0_utm_campaign_Jan_2B26_2BNewsletter_utm_medium_email_utm_source_Conesso.png,4842,4854,23.68,CHANGED,audit/screenshots/diff/390/loans____q__conesso_link_tag_ebd837df0_utm_campaign_Jan_2B26_2BNewsletter_utm_medium_email_utm_source_Conesso.png
390,loans__consolidation-loan.png,6847,6754,26.99,CHANGED,audit/screenshots/diff/390/loans__consolidation-loan.png
390,loans__family-loan.png,6673,6543,17.35,CHANGED,audit/screenshots/diff/390/loans__family-loan.png
390,loans__handy-loan.png,6430,6367,25.67,CHANGED,audit/screenshots/diff/390/loans__handy-loan.png
390,loans__member-loan.png,6168,6058,17.29,CHANGED,audit/screenshots/diff/390/loans__member-loan.png
390,loans__save-borrow-loan.png,6783,6601,18.51,CHANGED,audit/screenshots/diff/390/loans__save-borrow-loan.png
390,loans__savings-secured-loan.png,6697,6673,12.60,CHANGED,audit/screenshots/diff/390/loans__savings-secured-loan.png
390,loans__starter-loan.png,6271,6139,17.80,CHANGED,audit/screenshots/diff/390/loans__starter-loan.png
390,loans__top-up-loan.png,5503,5342,16.88,CHANGED,audit/screenshots/diff/390/loans__top-up-loan.png
390,managing-your-money-with-your-credit-union.png,5875,5801,16.35,CHANGED,audit/screenshots/diff/390/managing-your-money-with-your-credit-union.png
390,meet-dennis-member-case-study.png,5504,5458,12.93,CHANGED,audit/screenshots/diff/390/meet-dennis-member-case-study.png
390,meet-gary-member-case-study.png,4392,4452,12.14,CHANGED,audit/screenshots/diff/390/meet-gary-member-case-study.png
390,member-hub-faqs.png,2657,2825,6.36,CHANGED,audit/screenshots/diff/390/member-hub-faqs.png
390,members-saver-accounts.png,5361,5441,14.06,CHANGED,audit/screenshots/diff/390/members-saver-accounts.png
390,navigating-financial-storm-how-we-can-help.png,5360,5314,12.97,CHANGED,audit/screenshots/diff/390/navigating-financial-storm-how-we-can-help.png
390,one-year-members-prize-draw.png,6967,6626,19.73,CHANGED,audit/screenshots/diff/390/one-year-members-prize-draw.png
390,options-dealing-debt.png,6970,6888,14.22,CHANGED,audit/screenshots/diff/390/options-dealing-debt.png
390,our-blog.png,5417,5662,23.43,CHANGED,audit/screenshots/diff/390/our-blog.png
390,our-blog____q__conesso_link_tag_ebd837df0_utm_campaign_Jan_2B26_2BNewsletter_utm_medium_email_utm_source_Conesso.png,5417,5662,23.43,CHANGED,audit/screenshots/diff/390/our-blog____q__conesso_link_tag_ebd837df0_utm_campaign_Jan_2B26_2BNewsletter_utm_medium_email_utm_source_Conesso.png
390,our-blog__page__2.png,5435,5693,25.83,CHANGED,audit/screenshots/diff/390/our-blog__page__2.png
390,our-blog__page__3.png,5480,5738,21.86,CHANGED,audit/screenshots/diff/390/our-blog__page__3.png
390,our-blog__page__4.png,5437,5689,25.32,CHANGED,audit/screenshots/diff/390/our-blog__page__4.png
390,our-blog__page__5.png,5415,5666,32.55,CHANGED,audit/screenshots/diff/390/our-blog__page__5.png
390,our-blog__page__6.png,5435,5693,33.88,CHANGED,audit/screenshots/diff/390/our-blog__page__6.png
390,our-blog__page__7.png,5500,5765,32.16,CHANGED,audit/screenshots/diff/390/our-blog__page__7.png
390,our-blog__page__8.png,5460,5247,35.96,CHANGED,audit/screenshots/diff/390/our-blog__page__8.png
390,our-enhanced-member-loans-explained.png,9103,10550,19.82,CHANGED,audit/screenshots/diff/390/our-enhanced-member-loans-explained.png
390,overdraft-fees-are-changing.png,4213,4167,15.62,CHANGED,audit/screenshots/diff/390/overdraft-fees-are-changing.png
390,page__2.png,7776,7782,22.98,CHANGED,audit/screenshots/diff/390/page__2.png
390,privacy-policy.png,9498,9632,12.86,CHANGED,audit/screenshots/diff/390/privacy-policy.png
390,resources.png,4833,4926,24.13,CHANGED,audit/screenshots/diff/390/resources.png
390,resources____q__conesso_link_tag_ebd837df0_utm_campaign_Jan_2B26_2BNewsletter_utm_medium_email_utm_source_Conesso.png,4833,4926,24.14,CHANGED,audit/screenshots/diff/390/resources____q__conesso_link_tag_ebd837df0_utm_campaign_Jan_2B26_2BNewsletter_utm_medium_email_utm_source_Conesso.png
390,resources__member-helper.png,4307,4433,16.02,CHANGED,audit/screenshots/diff/390/resources__member-helper.png
390,resources__member-helper____q__conesso_link_tag_ebd837df0_utm_campaign_Jan_2B26_2BNewsletter_utm_medium_email_utm_source_Conesso.png,4307,4433,16.02,CHANGED,audit/screenshots/diff/390/resources__member-helper____q__conesso_link_tag_ebd837df0_utm_campaign_Jan_2B26_2BNewsletter_utm_medium_email_utm_source_Conesso.png
390,resources__member-helper__benefit-calculator.png,4728,1869,35.03,CHANGED,audit/screenshots/diff/390/resources__member-helper__benefit-calculator.png
390,resources__member-helper__budget-planner.png,3164,1864,52.78,CHANGED,audit/screenshots/diff/390/resources__member-helper__budget-planner.png
390,resources__member-helper__budget-planner____q__conesso_link_tag_ebd837df0_utm_campaign_Jan_2B26_2BNewsletter_utm_medium_email_utm_source_Conesso.png,3164,1864,52.78,CHANGED,audit/screenshots/diff/390/resources__member-helper__budget-planner____q__conesso_link_tag_ebd837df0_utm_campaign_Jan_2B26_2BNewsletter_utm_medium_email_utm_source_Conesso.png
390,resources__member-helper__debt-advice-locator.png,2099,1908,29.85,CHANGED,audit/screenshots/diff/390/resources__member-helper__debt-advice-locator.png
390,resources__member-helper__debt-advice-locator____q__conesso_link_tag_ebd837df0_utm_campaign_Jan_2B26_2BNewsletter_utm_medium_email_utm_source_Conesso.png,2099,1908,29.85,CHANGED,audit/screenshots/diff/390/resources__member-helper__debt-advice-locator____q__conesso_link_tag_ebd837df0_utm_campaign_Jan_2B26_2BNewsletter_utm_medium_email_utm_source_Conesso.png
390,retail-therapy-or-financial-trap-the-real-reason-we-overspend.png,6335,6445,16.48,CHANGED,audit/screenshots/diff/390/retail-therapy-or-financial-trap-the-real-reason-we-overspend.png
390,save-now-spend-later.png,4697,4687,12.35,CHANGED,audit/screenshots/diff/390/save-now-spend-later.png
390,saving-money-for-life-events.png,6032,6216,17.87,CHANGED,audit/screenshots/diff/390/saving-money-for-life-events.png
390,savings.png,4844,5081,21.25,CHANGED,audit/screenshots/diff/390/savings.png
390,savings__365-saver.png,5301,5072,16.97,CHANGED,audit/screenshots/diff/390/savings__365-saver.png
390,savings__christmas-saver.png,5390,5273,23.99,CHANGED,audit/screenshots/diff/390/savings__christmas-saver.png
390,savings__life-savings-insurance-protection.png,5292,5191,30.25,CHANGED,audit/screenshots/diff/390/savings__life-savings-insurance-protection.png
390,savings__member-saver.png,5323,5351,16.34,CHANGED,audit/screenshots/diff/390/savings__member-saver.png
390,savings__premium-saver.png,5267,5091,15.40,CHANGED,audit/screenshots/diff/390/savings__premium-saver.png
390,savings__prizesaver.png,5231,5037,29.66,CHANGED,audit/screenshots/diff/390/savings__prizesaver.png
390,savings__young-saver.png,5562,5492,11.21,CHANGED,audit/screenshots/diff/390/savings__young-saver.png
390,shocking-truth-about-short-term-credit.png,4429,4419,12.50,CHANGED,audit/screenshots/diff/390/shocking-truth-about-short-term-credit.png
390,simple-money-management-tips.png,5629,5512,15.29,CHANGED,audit/screenshots/diff/390/simple-money-management-tips.png
390,simplify-your-personal-finance-options.png,4957,4874,14.81,CHANGED,audit/screenshots/diff/390/simplify-your-personal-finance-options.png
390,summer-fun-on-a-budget.png,7478,7336,25.95,CHANGED,audit/screenshots/diff/390/summer-fun-on-a-budget.png
390,supporting-our-members-through-covid-19.png,8336,8219,12.83,CHANGED,audit/screenshots/diff/390/supporting-our-members-through-covid-19.png
390,tag__budget.png,2490,2678,13.30,CHANGED,audit/screenshots/diff/390/tag__budget.png
390,tag__summer.png,2490,2678,13.30,CHANGED,audit/screenshots/diff/390/tag__summer.png
390,test.png,1394,1212,39.85,CHANGED,audit/screenshots/diff/390/test.png
390,thank-you-for-your-interest-agm-2024.png,2887,3020,10.16,CHANGED,audit/screenshots/diff/390/thank-you-for-your-interest-agm-2024.png
390,thank-you-for-your-interest-agm-2025.png,2887,3020,10.13,CHANGED,audit/screenshots/diff/390/thank-you-for-your-interest-agm-2025.png
390,thank-you-for-your-interest-agm-2026.png,3071,2991,21.58,CHANGED,audit/screenshots/diff/390/thank-you-for-your-interest-agm-2026.png
390,the-gmbcu-member-hub-is-coming-in-june-2026.png,5172,4903,27.51,CHANGED,audit/screenshots/diff/390/the-gmbcu-member-hub-is-coming-in-june-2026.png
390,ultimate-guide-open-banking.png,9107,8562,20.76,CHANGED,audit/screenshots/diff/390/ultimate-guide-open-banking.png
390,virtuous-circle.png,5277,5307,9.91,CHANGED,audit/screenshots/diff/390/virtuous-circle.png
390,we-are-delivering-how-were-responding-our-members-needs.png,4524,4479,13.59,CHANGED,audit/screenshots/diff/390/we-are-delivering-how-were-responding-our-members-needs.png
390,we-asked-our-members-describe-us-3-words.png,2296,2148,8.74,CHANGED,audit/screenshots/diff/390/we-asked-our-members-describe-us-3-words.png
390,what-a-change-of-government-means-for-your-wallet.png,6368,6189,27.41,CHANGED,audit/screenshots/diff/390/what-a-change-of-government-means-for-your-wallet.png
390,what-credit-and-why-does-it-matter.png,4876,5491,22.66,CHANGED,audit/screenshots/diff/390/what-credit-and-why-does-it-matter.png
390,what-do-members-need-know-applying-loan.png,5238,5182,13.88,CHANGED,audit/screenshots/diff/390/what-do-members-need-know-applying-loan.png
390,what-do-our-members-most-about-us.png,2310,2162,9.03,CHANGED,audit/screenshots/diff/390/what-do-our-members-most-about-us.png
390,what-is-a-credit-union-and-how-does-it-work.png,4727,4894,3.66,CHANGED,audit/screenshots/diff/390/what-is-a-credit-union-and-how-does-it-work.png
390,where-go-if-youre-feeling-stressed-about-money.png,5760,5928,3.60,CHANGED,audit/screenshots/diff/390/where-go-if-youre-feeling-stressed-about-money.png
390,which-loan-best-you.png,8211,8014,13.99,CHANGED,audit/screenshots/diff/390/which-loan-best-you.png
390,why-credit-unions-are-now-more-important-ever.png,5243,5162,14.77,CHANGED,audit/screenshots/diff/390/why-credit-unions-are-now-more-important-ever.png
390,why-is-saving-money-important.png,6938,6866,24.35,CHANGED,audit/screenshots/diff/390/why-is-saving-money-important.png
390,why-our-members-choose-us.png,2241,2129,8.04,CHANGED,audit/screenshots/diff/390/why-our-members-choose-us.png
390,working-towards-brighter-financial-future.png,6067,6417,12.03,CHANGED,audit/screenshots/diff/390/working-towards-brighter-financial-future.png
390,your-money-now-and-whats-next.png,5362,5174,17.53,CHANGED,audit/screenshots/diff/390/your-money-now-and-whats-next.png
390,your-phone-may-be-giving-fraudsters-a-way-into-your-finances.png,5588,5632,12.98,CHANGED,audit/screenshots/diff/390/your-phone-may-be-giving-fraudsters-a-way-into-your-finances.png