"url","status","redirect_target","final_url","content_type","title","meta_description","canonical","robots_meta","x_robots_tag","h1","h1_count","og_title","og_description","og_image","twitter_card","schema_types","word_count","internal_links_in","internal_links_out","images_count","template_guess","last_modified","sitemap_lastmod","source","password_protected","saved_file","error"
"https://www.gmbcreditunion.com/","200","","","text/html","GMB Credit Union | Your money, your future, Your Credit Union","GMB Credit Union is made and managed by people like you, with ethical loans and savings pots to help you reach your financial goals. Learn more today.","https://www.gmbcreditunion.com/","index, follow, max-image-preview:large, max-snippet:-1, max-video-preview:-1","","Your money, your future, your Credit Union","1","GMB Credit Union | Your money, your future, Your Credit Union","GMB Credit Union is made and managed by people like you, with ethical loans and savings pots to help you reach your financial goals. Learn more today.","https://www.gmbcreditunion.com/media/gmbcu-homepage-header-image01-e1691686625416.png","summary_large_image","WebPage|ImageObject|BreadcrumbList|WebSite","601","455","30","22","home","2025-12-18T15:45:17+00:00","2025-12-18T15:45:17+00:00","sitemap","","source/html/index.html",""
"https://www.gmbcreditunion.com/?page=0","200","","","text/html","GMB Credit Union | Your money, your future, Your Credit Union","GMB Credit Union is made and managed by people like you, with ethical loans and savings pots to help you reach your financial goals. Learn more today.","https://www.gmbcreditunion.com/","index, follow, max-image-preview:large, max-snippet:-1, max-video-preview:-1","","Your money, your future, your Credit Union","1","GMB Credit Union | Your money, your future, Your Credit Union","GMB Credit Union is made and managed by people like you, with ethical loans and savings pots to help you reach your financial goals. Learn more today.","https://www.gmbcreditunion.com/media/gmbcu-homepage-header-image01-e1691686625416.png","summary_large_image","WebPage|ImageObject|BreadcrumbList|WebSite","601","27","30","22","home","2025-12-18T15:45:17+00:00","","wayback","","source/html/__q__page_0/index.html",""
"https://www.gmbcreditunion.com/?page=1","301","https://www.gmbcreditunion.com/","https://www.gmbcreditunion.com/","text/html","GMB Credit Union | Your money, your future, Your Credit Union","GMB Credit Union is made and managed by people like you, with ethical loans and savings pots to help you reach your financial goals. Learn more today.","https://www.gmbcreditunion.com/","index, follow, max-image-preview:large, max-snippet:-1, max-video-preview:-1","","Your money, your future, your Credit Union","1","GMB Credit Union | Your money, your future, Your Credit Union","GMB Credit Union is made and managed by people like you, with ethical loans and savings pots to help you reach your financial goals. Learn more today.","https://www.gmbcreditunion.com/media/gmbcu-homepage-header-image01-e1691686625416.png","summary_large_image","WebPage|ImageObject|BreadcrumbList|WebSite","601","0","30","22","home","2025-12-18T15:45:17+00:00","","wayback","","",""
"https://www.gmbcreditunion.com/?page=2","301","https://www.gmbcreditunion.com/","https://www.gmbcreditunion.com/","text/html","GMB Credit Union | Your money, your future, Your Credit Union","GMB Credit Union is made and managed by people like you, with ethical loans and savings pots to help you reach your financial goals. Learn more today.","https://www.gmbcreditunion.com/","index, follow, max-image-preview:large, max-snippet:-1, max-video-preview:-1","","Your money, your future, your Credit Union","1","GMB Credit Union | Your money, your future, Your Credit Union","GMB Credit Union is made and managed by people like you, with ethical loans and savings pots to help you reach your financial goals. Learn more today.","https://www.gmbcreditunion.com/media/gmbcu-homepage-header-image01-e1691686625416.png","summary_large_image","WebPage|ImageObject|BreadcrumbList|WebSite","601","0","30","22","home","2025-12-18T15:45:17+00:00","","wayback","","",""
"https://www.gmbcreditunion.com/?page=3","301","https://www.gmbcreditunion.com/","https://www.gmbcreditunion.com/","text/html","GMB Credit Union | Your money, your future, Your Credit Union","GMB Credit Union is made and managed by people like you, with ethical loans and savings pots to help you reach your financial goals. Learn more today.","https://www.gmbcreditunion.com/","index, follow, max-image-preview:large, max-snippet:-1, max-video-preview:-1","","Your money, your future, your Credit Union","1","GMB Credit Union | Your money, your future, Your Credit Union","GMB Credit Union is made and managed by people like you, with ethical loans and savings pots to help you reach your financial goals. Learn more today.","https://www.gmbcreditunion.com/media/gmbcu-homepage-header-image01-e1691686625416.png","summary_large_image","WebPage|ImageObject|BreadcrumbList|WebSite","601","0","30","22","home","2025-12-18T15:45:17+00:00","","wayback","","",""
"https://www.gmbcreditunion.com/?page=4","301","https://www.gmbcreditunion.com/","https://www.gmbcreditunion.com/","text/html","GMB Credit Union | Your money, your future, Your Credit Union","GMB Credit Union is made and managed by people like you, with ethical loans and savings pots to help you reach your financial goals. Learn more today.","https://www.gmbcreditunion.com/","index, follow, max-image-preview:large, max-snippet:-1, max-video-preview:-1","","Your money, your future, your Credit Union","1","GMB Credit Union | Your money, your future, Your Credit Union","GMB Credit Union is made and managed by people like you, with ethical loans and savings pots to help you reach your financial goals. Learn more today.","https://www.gmbcreditunion.com/media/gmbcu-homepage-header-image01-e1691686625416.png","summary_large_image","WebPage|ImageObject|BreadcrumbList|WebSite","601","0","30","22","home","2025-12-18T15:45:17+00:00","","wayback","","",""
"https://www.gmbcreditunion.com/?page=5","301","https://www.gmbcreditunion.com/","https://www.gmbcreditunion.com/","text/html","GMB Credit Union | Your money, your future, Your Credit Union","GMB Credit Union is made and managed by people like you, with ethical loans and savings pots to help you reach your financial goals. Learn more today.","https://www.gmbcreditunion.com/","index, follow, max-image-preview:large, max-snippet:-1, max-video-preview:-1","","Your money, your future, your Credit Union","1","GMB Credit Union | Your money, your future, Your Credit Union","GMB Credit Union is made and managed by people like you, with ethical loans and savings pots to help you reach your financial goals. Learn more today.","https://www.gmbcreditunion.com/media/gmbcu-homepage-header-image01-e1691686625416.png","summary_large_image","WebPage|ImageObject|BreadcrumbList|WebSite","601","0","30","22","home","2025-12-18T15:45:17+00:00","","wayback","","",""
"https://www.gmbcreditunion.com/?page=6","301","https://www.gmbcreditunion.com/","https://www.gmbcreditunion.com/","text/html","GMB Credit Union | Your money, your future, Your Credit Union","GMB Credit Union is made and managed by people like you, with ethical loans and savings pots to help you reach your financial goals. Learn more today.","https://www.gmbcreditunion.com/","index, follow, max-image-preview:large, max-snippet:-1, max-video-preview:-1","","Your money, your future, your Credit Union","1","GMB Credit Union | Your money, your future, Your Credit Union","GMB Credit Union is made and managed by people like you, with ethical loans and savings pots to help you reach your financial goals. Learn more today.","https://www.gmbcreditunion.com/media/gmbcu-homepage-header-image01-e1691686625416.png","summary_large_image","WebPage|ImageObject|BreadcrumbList|WebSite","601","0","30","22","home","2025-12-18T15:45:17+00:00","","wayback","","",""
"https://www.gmbcreditunion.com/?page=7","301","https://www.gmbcreditunion.com/","https://www.gmbcreditunion.com/","text/html","GMB Credit Union | Your money, your future, Your Credit Union","GMB Credit Union is made and managed by people like you, with ethical loans and savings pots to help you reach your financial goals. Learn more today.","https://www.gmbcreditunion.com/","index, follow, max-image-preview:large, max-snippet:-1, max-video-preview:-1","","Your money, your future, your Credit Union","1","GMB Credit Union | Your money, your future, Your Credit Union","GMB Credit Union is made and managed by people like you, with ethical loans and savings pots to help you reach your financial goals. Learn more today.","https://www.gmbcreditunion.com/media/gmbcu-homepage-header-image01-e1691686625416.png","summary_large_image","WebPage|ImageObject|BreadcrumbList|WebSite","601","0","30","22","home","2025-12-18T15:45:17+00:00","","wayback","","",""
"https://www.gmbcreditunion.com/?page=8","301","https://www.gmbcreditunion.com/","https://www.gmbcreditunion.com/","text/html","GMB Credit Union | Your money, your future, Your Credit Union","GMB Credit Union is made and managed by people like you, with ethical loans and savings pots to help you reach your financial goals. Learn more today.","https://www.gmbcreditunion.com/","index, follow, max-image-preview:large, max-snippet:-1, max-video-preview:-1","","Your money, your future, your Credit Union","1","GMB Credit Union | Your money, your future, Your Credit Union","GMB Credit Union is made and managed by people like you, with ethical loans and savings pots to help you reach your financial goals. Learn more today.","https://www.gmbcreditunion.com/media/gmbcu-homepage-header-image01-e1691686625416.png","summary_large_image","WebPage|ImageObject|BreadcrumbList|WebSite","601","0","30","22","home","2025-12-18T15:45:17+00:00","","wayback","","",""
"https://www.gmbcreditunion.com/?s=test","200","","","text/html","You searched for test | GMBCU","","","noindex, follow","","Results for ""test""","1","You searched for test | GMBCU","","","summary_large_image","CollectionPage|SearchResultsPage|BreadcrumbList|WebSite","897","0","28","6","search","","","probe","","source/html/__q__s_test/index.html",""
"https://www.gmbcreditunion.com/10-ways-improve-your-credit-score","301","https://www.gmbcreditunion.com/10-ways-improve-your-credit-score/","https://www.gmbcreditunion.com/10-ways-improve-your-credit-score/","text/html","10 Ways To Improve Your Credit Score | GMB Credit Union","There are a series of things you can do to boost your credit score and safeguard your financial future. Discover what they are now.","https://www.gmbcreditunion.com/10-ways-improve-your-credit-score/","index, follow, max-image-preview:large, max-snippet:-1, max-video-preview:-1","","10 Ways to Improve Your Credit Score","1","10 Ways To Improve Your Credit Score | GMB Credit Union","There are a series of things you can do to boost your credit score and safeguard your financial future. Discover what they are now.","https://www.gmbcreditunion.com/media/long-e1701097953562.jpg","summary_large_image","Article|WebPage|ImageObject|BreadcrumbList|WebSite|Person","1180","5","29","7","blog-post","2026-02-04T14:05:44+00:00","","wayback","","",""
"https://www.gmbcreditunion.com/10-ways-improve-your-credit-score?conesso_link_tag=ebd837df0&utm_campaign=Jan%2B26%2BNewsletter&utm_medium=email&utm_source=Conesso","301","https://www.gmbcreditunion.com/10-ways-improve-your-credit-score/?conesso_link_tag=ebd837df0&utm_campaign=Jan%2B26%2BNewsletter&utm_medium=email&utm_source=Conesso","https://www.gmbcreditunion.com/10-ways-improve-your-credit-score/?conesso_link_tag=ebd837df0&utm_campaign=Jan%2B26%2BNewsletter&utm_medium=email&utm_source=Conesso","text/html","10 Ways To Improve Your Credit Score | GMB Credit Union","There are a series of things you can do to boost your credit score and safeguard your financial future. Discover what they are now.","https://www.gmbcreditunion.com/10-ways-improve-your-credit-score/","index, follow, max-image-preview:large, max-snippet:-1, max-video-preview:-1","","10 Ways to Improve Your Credit Score","1","10 Ways To Improve Your Credit Score | GMB Credit Union","There are a series of things you can do to boost your credit score and safeguard your financial future. Discover what they are now.","https://www.gmbcreditunion.com/media/long-e1701097953562.jpg","summary_large_image","Article|WebPage|ImageObject|BreadcrumbList|WebSite|Person","1180","1","27","7","blog-post","2026-02-04T14:05:44+00:00","","crawl","","",""
"https://www.gmbcreditunion.com/10-ways-improve-your-credit-score/","200","","","text/html","10 Ways To Improve Your Credit Score | GMB Credit Union","There are a series of things you can do to boost your credit score and safeguard your financial future. Discover what they are now.","https://www.gmbcreditunion.com/10-ways-improve-your-credit-score/","index, follow, max-image-preview:large, max-snippet:-1, max-video-preview:-1","","10 Ways to Improve Your Credit Score","1","10 Ways To Improve Your Credit Score | GMB Credit Union","There are a series of things you can do to boost your credit score and safeguard your financial future. Discover what they are now.","https://www.gmbcreditunion.com/media/long-e1701097953562.jpg","summary_large_image","Article|WebPage|ImageObject|BreadcrumbList|WebSite|Person","1180","0","29","7","blog-post","2026-02-04T14:05:44+00:00","2026-02-04T14:05:44+00:00","sitemap","","source/html/10-ways-improve-your-credit-score/index.html",""
"https://www.gmbcreditunion.com/2021-agm-summary","404","","","text/html","Page not found | GMBCU","","","noindex, follow","","404 - Page not Found","1","Page not found | GMBCU","","","","WebSite","14","0","26","6","404","","","crawl","","source/html/2021-agm-summary/index.html",""
"https://www.gmbcreditunion.com/2023-agm-summary/","200","","","text/html","2023 AGM Summary | GMBCU","For those unable to join us at the 2023 AGM, we have a handy summary of the key takeaways and some further reading for you. Read now.","https://www.gmbcreditunion.com/2023-agm-summary/","index, follow, max-image-preview:large, max-snippet:-1, max-video-preview:-1","","2023 AGM Summary","1","2023 AGM Summary | GMBCU","For those unable to join us at the 2023 AGM, we have a handy summary of the key takeaways and some further reading for you. Read now.","https://www.gmbcreditunion.com/media/simon-abrams-k_T9Zj3SE8k-unsplash-1200x800.jpg","summary_large_image","Article|WebPage|ImageObject|BreadcrumbList|WebSite|Person","329","0","27","7","blog-post","2025-09-25T13:52:10+00:00","2025-09-25T13:52:10+00:00","sitemap","","source/html/2023-agm-summary/index.html",""
"https://www.gmbcreditunion.com/2024-agm-summary/","200","","","text/html","2024 AGM Summary | GMBCU","For those unable to attend our 2024 AGM, here's a handy summary of the key takeaways, including the annual dividend and more. Read now.","https://www.gmbcreditunion.com/2024-agm-summary/","index, follow, max-image-preview:large, max-snippet:-1, max-video-preview:-1","","2024 AGM Summary","1","2024 AGM Summary | GMBCU","For those unable to attend our 2024 AGM, here's a handy summary of the key takeaways, including the annual dividend and more. Read now.","https://www.gmbcreditunion.com/media/Untitled-design.jpg","summary_large_image","Article|WebPage|ImageObject|BreadcrumbList|WebSite|Person","336","1","27","7","blog-post","2025-09-25T13:47:32+00:00","2025-09-25T13:47:32+00:00","sitemap","","source/html/2024-agm-summary/index.html",""
"https://www.gmbcreditunion.com/2025-agm-summary/","200","","","text/html","2025 AGM Summary | GMBCU","Read our summary of the annual general meeting, looking over 2024. We share dividend rates, the Q&A with the treasurer, and the annual report for GMBCU.","https://www.gmbcreditunion.com/2025-agm-summary/","index, follow, max-image-preview:large, max-snippet:-1, max-video-preview:-1","","2025 AGM Summary","1","2025 AGM Summary","Read our summary of the annual general meeting, looking over 2024. We share dividend rates, the Q&A with the treasurer, and the annual report.","https://www.gmbcreditunion.com/media/Untitled-design.jpg","summary_large_image","Article|WebPage|ImageObject|BreadcrumbList|WebSite|Person","343","2","27","7","blog-post","2025-04-01T11:28:01+00:00","2025-04-01T11:28:01+00:00","sitemap","","source/html/2025-agm-summary/index.html",""
"https://www.gmbcreditunion.com/2026-agm-summary/","200","","","text/html","2026 AGM Summary | GMBCU","Read our summary of the annual general meeting, looking over 2024. We share dividend rates, the Q&A with the treasurer, and the annual report for GMBCU.","https://www.gmbcreditunion.com/2026-agm-summary/","index, follow, max-image-preview:large, max-snippet:-1, max-video-preview:-1","","2026 AGM Summary","1","2025 AGM Summary","Read our summary of the annual general meeting, looking over 2024. We share dividend rates, the Q&A with the treasurer, and the annual report.","https://www.gmbcreditunion.com/media/Untitled-design.jpg","summary_large_image","Article|WebPage|ImageObject|BreadcrumbList|WebSite|Person","342","5","27","7","blog-post","2026-04-30T10:49:05+00:00","2026-04-30T10:49:05+00:00","sitemap","","source/html/2026-agm-summary/index.html",""
"https://www.gmbcreditunion.com/404-does-not-exist-abc/","404","","","text/html","Page not found | GMBCU","","","noindex, follow","","404 - Page not Found","1","Page not found | GMBCU","","","","WebSite","14","0","26","6","404","","","probe","","source/html/404-does-not-exist-abc/index.html",""
"https://www.gmbcreditunion.com/7-ways-to-save-money-over-the-summer-holidays/","200","","","text/html","7 ways to save money over the summer holidays | GMBCU","Saving money for big moments in life is key to handling your money well. Whether you're saving for something special like buying a house or a wedding, or just want to be ready for surprises, having some money saved up gives you a great start. ","https://www.gmbcreditunion.com/7-ways-to-save-money-over-the-summer-holidays/","index, follow, max-image-preview:large, max-snippet:-1, max-video-preview:-1","","7 ways to save money over the summer holidays","1","7 ways to save money over the summer holidays | GMBCU","Saving money for big moments in life is key to handling your money well. Whether you're saving for something special like buying a house or a wedding, or just want to be ready for surprises, having some money saved up gives you a great start. ","https://www.gmbcreditunion.com/media/Save-money-over-the-summer-holidays.png","summary_large_image","Article|WebPage|ImageObject|BreadcrumbList|WebSite|Person","1214","1","27","10","blog-post","2024-07-17T13:43:43+00:00","2024-07-17T13:43:43+00:00","sitemap","","source/html/7-ways-to-save-money-over-the-summer-holidays/index.html",""
"https://www.gmbcreditunion.com/About-Us","301","https://www.gmbcreditunion.com/About-Us/","https://www.gmbcreditunion.com/About-Us/","text/html","About Us | GMB Credit Union","GMB Credit Union belongs to you. Our not-for-profit organisation is made to help our members achieve their financial goals. Find out more about us!","https://www.gmbcreditunion.com/about-us/","index, follow, max-image-preview:large, max-snippet:-1, max-video-preview:-1","","About us","1","About Us | GMB Credit Union","GMB Credit Union belongs to you. Our not-for-profit organisation is made to help our members achieve their financial goals. Find out more about us!","","summary_large_image","WebPage|BreadcrumbList|WebSite","444","0","26","11","page-builder","2025-12-01T16:08:52+00:00","","wayback","","",""
"https://www.gmbcreditunion.com/about-us/","200","","","text/html","About Us | GMB Credit Union","GMB Credit Union belongs to you. Our not-for-profit organisation is made to help our members achieve their financial goals. Find out more about us!","https://www.gmbcreditunion.com/about-us/","index, follow, max-image-preview:large, max-snippet:-1, max-video-preview:-1","","About us","1","About Us | GMB Credit Union","GMB Credit Union belongs to you. Our not-for-profit organisation is made to help our members achieve their financial goals. Find out more about us!","","summary_large_image","WebPage|BreadcrumbList|WebSite","444","455","26","11","page-builder","2025-12-01T16:08:52+00:00","2025-12-01T16:08:52+00:00","sitemap","","source/html/about-us/index.html",""
"https://www.gmbcreditunion.com/About-Us/","200","","","text/html","About Us | GMB Credit Union","GMB Credit Union belongs to you. Our not-for-profit organisation is made to help our members achieve their financial goals. Find out more about us!","https://www.gmbcreditunion.com/about-us/","index, follow, max-image-preview:large, max-snippet:-1, max-video-preview:-1","","About us","1","About Us | GMB Credit Union","GMB Credit Union belongs to you. Our not-for-profit organisation is made to help our members achieve their financial goals. Find out more about us!","","summary_large_image","WebPage|BreadcrumbList|WebSite","444","0","26","11","page-builder","2025-12-01T16:08:52+00:00","","crawl","","source/html/About-Us/index.html",""
"https://www.gmbcreditunion.com/ads.txt","404","","","text/html","","","","","","","","","","","","","","0","0","","document","","","probe","","",""
"https://www.gmbcreditunion.com/alternatives-short-term-credit","301","https://www.gmbcreditunion.com/alternatives-short-term-credit/","https://www.gmbcreditunion.com/alternatives-short-term-credit/","text/html","The Alternatives To Short-Term Credit | GMBCU","Accessing short-term credit can be unavoidable, and cause more long-term issues. Take a look as we explore affordable, flexible alternatives.","https://www.gmbcreditunion.com/alternatives-short-term-credit/","index, follow, max-image-preview:large, max-snippet:-1, max-video-preview:-1","","The Alternatives to Short-Term Credit","1","The Alternatives To Short-Term Credit | GMBCU","Accessing short-term credit can be unavoidable, and cause more long-term issues. Take a look as we explore affordable, flexible alternatives.","https://www.gmbcreditunion.com/media/photo-1536010305525-f7aa0834e2c7-1.jpg","summary_large_image","Article|WebPage|ImageObject|BreadcrumbList|WebSite|Person","631","1","26","7","blog-post","2025-09-25T13:53:31+00:00","","wayback","","",""
"https://www.gmbcreditunion.com/alternatives-short-term-credit/","200","","","text/html","The Alternatives To Short-Term Credit | GMBCU","Accessing short-term credit can be unavoidable, and cause more long-term issues. Take a look as we explore affordable, flexible alternatives.","https://www.gmbcreditunion.com/alternatives-short-term-credit/","index, follow, max-image-preview:large, max-snippet:-1, max-video-preview:-1","","The Alternatives to Short-Term Credit","1","The Alternatives To Short-Term Credit | GMBCU","Accessing short-term credit can be unavoidable, and cause more long-term issues. Take a look as we explore affordable, flexible alternatives.","https://www.gmbcreditunion.com/media/photo-1536010305525-f7aa0834e2c7-1.jpg","summary_large_image","Article|WebPage|ImageObject|BreadcrumbList|WebSite|Person","631","0","26","7","blog-post","2025-09-25T13:53:31+00:00","2025-09-25T13:53:31+00:00","sitemap","","source/html/alternatives-short-term-credit/index.html",""
"https://www.gmbcreditunion.com/annual-general-meeting-2024/","200","","","text/html","AGM 2024 | GMB Credit Union","Our Annual General Meeting to run a member-led discussion about the past year at GMBCU.","https://www.gmbcreditunion.com/annual-general-meeting-2024/","index, follow, max-image-preview:large, max-snippet:-1, max-video-preview:-1","","AGM 2024","1","AGM 2024 | GMB Credit Union","Our Annual General Meeting to run a member-led discussion about the past year at GMBCU.","","summary_large_image","WebPage|BreadcrumbList|WebSite","251","0","35","9","page-builder","2024-03-14T17:02:03+00:00","2024-03-14T17:02:03+00:00","sitemap","","source/html/annual-general-meeting-2024/index.html",""
"https://www.gmbcreditunion.com/annual-general-meeting-2025/","200","","","text/html","AGM 2025 | GMB Credit Union","Our Annual General Meeting to run a member-led discussion about the past year at GMBCU.","https://www.gmbcreditunion.com/annual-general-meeting-2025/","index, follow, max-image-preview:large, max-snippet:-1, max-video-preview:-1","","AGM 2025","1","AGM 2025 | GMB Credit Union","Our Annual General Meeting to run a member-led discussion about the past year at GMBCU.","","summary_large_image","WebPage|BreadcrumbList|WebSite","251","0","35","9","page-builder","2025-03-25T09:02:29+00:00","2025-03-25T09:02:29+00:00","sitemap","","source/html/annual-general-meeting-2025/index.html",""
"https://www.gmbcreditunion.com/annual-general-meeting-2026/","200","","","text/html","AGM 2026 | GMB Credit Union","Our Annual General Meeting to run a member-led discussion about the past year at GMBCU.","https://www.gmbcreditunion.com/annual-general-meeting-2026/","index, follow, max-image-preview:large, max-snippet:-1, max-video-preview:-1","","AGM 2026","1","AGM 2026 | GMB Credit Union","Our Annual General Meeting to run a member-led discussion about the past year at GMBCU.","","summary_large_image","WebPage|BreadcrumbList|WebSite","247","0","34","11","page-builder","2026-04-15T10:19:11+00:00","2026-04-15T10:19:11+00:00","sitemap","","source/html/annual-general-meeting-2026/index.html",""
"https://www.gmbcreditunion.com/apple-touch-icon.png","404","","","text/html","","","","","","","","","","","","","","0","0","","document","","","probe","","",""
"https://www.gmbcreditunion.com/author/","404","","","text/html","Page not found | GMBCU","","","noindex, follow","","404 - Page not Found","1","Page not found | GMBCU","","","","WebSite","14","0","26","6","404","","","probe","","source/html/author/index.html",""
"https://www.gmbcreditunion.com/avoid-loan-sharks-and-stay-smart-with-your-money/","200","","","text/html","Avoid loan sharks and stay smart with your money | GMBCU","Saving money for big moments in life is key to handling your money well. Whether you're saving for something special like buying a house or a wedding, or just want to be ready for surprises, having some money saved up gives you a great start. ","https://www.gmbcreditunion.com/avoid-loan-sharks-and-stay-smart-with-your-money/","index, follow, max-image-preview:large, max-snippet:-1, max-video-preview:-1","","Avoid loan sharks and stay smart with your money","1","Avoid loan sharks and stay smart with your money | GMBCU","Saving money for big moments in life is key to handling your money well. Whether you're saving for something special like buying a house or a wedding, or just want to be ready for surprises, having some money saved up gives you a great start. ","https://www.gmbcreditunion.com/media/bridging-finance-loan-vs-bank-loan.webp","summary_large_image","Article|WebPage|ImageObject|BreadcrumbList|WebSite|Person","999","1","27","10","blog-post","2024-10-14T07:36:44+00:00","2024-10-14T07:36:44+00:00","sitemap","","source/html/avoid-loan-sharks-and-stay-smart-with-your-money/index.html",""
"https://www.gmbcreditunion.com/become-a-credit-union-advocate/","200","","","text/html","Become a Credit Union advocate | GMBCU","","https://www.gmbcreditunion.com/become-a-credit-union-advocate/","index, follow, max-image-preview:large, max-snippet:-1, max-video-preview:-1","","Become a Credit Union advocate today","1","Become a Credit Union advocate | GMBCU","","","summary_large_image","WebPage|BreadcrumbList|WebSite","40","3","26","8","page-builder","2023-09-28T14:16:20+00:00","2023-09-28T14:16:20+00:00","sitemap","","source/html/become-a-credit-union-advocate/index.html",""
"https://www.gmbcreditunion.com/blog/","404","","","text/html","Page not found | GMBCU","","","noindex, follow","","404 - Page not Found","1","Page not found | GMBCU","","","","WebSite","14","0","26","6","404","","","probe","","source/html/blog/index.html",""
"https://www.gmbcreditunion.com/budget-planner","301","https://www.gmbcreditunion.com/resources/member-helper/budget-planner/","https://www.gmbcreditunion.com/resources/member-helper/budget-planner/","text/html","Budget Planner | GMB Credit Union","Budget planners are proven to promote financial stability. What are you waiting for? Download your GMB Credit Union Budget Planner today!","https://www.gmbcreditunion.com/resources/member-helper/budget-planner/","index, follow, max-image-preview:large, max-snippet:-1, max-video-preview:-1","","Budget Planner","1","Budget Planner | GMB Credit Union","Budget planners are proven to promote financial stability. What are you waiting for? Download your GMB Credit Union Budget Planner today!","","summary_large_image","WebPage|BreadcrumbList|WebSite","3","4","26","7","page-builder","2023-09-07T16:51:17+00:00","","wayback","","",""
"https://www.gmbcreditunion.com/cash-flow-king","301","https://www.gmbcreditunion.com/cash-flow-king/","https://www.gmbcreditunion.com/cash-flow-king/","text/html","Cash Flow Is King | GMBCU","With living costs on the rise, cash flow is becoming a serious issue. So what is it, why do you need it, and how can you create it? Read more.","https://www.gmbcreditunion.com/cash-flow-king/","index, follow, max-image-preview:large, max-snippet:-1, max-video-preview:-1","","Cash Flow is King","1","Cash Flow Is King | GMBCU","With living costs on the rise, cash flow is becoming a serious issue. So what is it, why do you need it, and how can you create it? Read more.","https://www.gmbcreditunion.com/media/hillshire-farm-YGcleYb9wEQ-unsplash-1200x800.jpg","summary_large_image","Article|WebPage|ImageObject|BreadcrumbList|WebSite|Person","846","0","27","7","blog-post","2025-09-25T13:54:26+00:00","","wayback","","",""
"https://www.gmbcreditunion.com/cash-flow-king/","200","","","text/html","Cash Flow Is King | GMBCU","With living costs on the rise, cash flow is becoming a serious issue. So what is it, why do you need it, and how can you create it? Read more.","https://www.gmbcreditunion.com/cash-flow-king/","index, follow, max-image-preview:large, max-snippet:-1, max-video-preview:-1","","Cash Flow is King","1","Cash Flow Is King | GMBCU","With living costs on the rise, cash flow is becoming a serious issue. So what is it, why do you need it, and how can you create it? Read more.","https://www.gmbcreditunion.com/media/hillshire-farm-YGcleYb9wEQ-unsplash-1200x800.jpg","summary_large_image","Article|WebPage|ImageObject|BreadcrumbList|WebSite|Person","846","0","27","7","blog-post","2025-09-25T13:54:26+00:00","2025-09-25T13:54:26+00:00","sitemap","","source/html/cash-flow-king/index.html",""
"https://www.gmbcreditunion.com/category-sitemap.xml","200","","","text/xml","","","","","","","","","","","","","","0","0","","document","","","wayback","","source/media/category-sitemap.xml",""
"https://www.gmbcreditunion.com/category/uncategorised/","200","","","text/html","Uncategorised Archives | GMBCU","","https://www.gmbcreditunion.com/category/uncategorised/","index, follow, max-image-preview:large, max-snippet:-1, max-video-preview:-1","","Our Blog","1","Uncategorised Archives | GMBCU","","","summary_large_image","CollectionPage|ImageObject|BreadcrumbList|WebSite","284","0","40","15","category-archive","2026-05-11T10:51:27+00:00","2026-05-11T10:51:27+00:00","sitemap","","source/html/category/uncategorised/index.html",""
"https://www.gmbcreditunion.com/category/uncategorised/feed/","301","https://www.gmbcreditunion.com/category/uncategorised/","https://www.gmbcreditunion.com/category/uncategorised/","text/html","","","","","","","","","","","","","","0","0","","document","","","probe","","source/html/category/uncategorised/index.html",""
"https://www.gmbcreditunion.com/category/uncategorised/page/2/","200","","","text/html","Uncategorised Archives | Page 2 of 8 | GMBCU","","https://www.gmbcreditunion.com/category/uncategorised/page/2/","max-image-preview:large, noindex,follow","","Our Blog","1","Uncategorised Archives | Page 2 of 8 | GMBCU","","","summary_large_image","CollectionPage|ImageObject|BreadcrumbList|WebSite","302","1","41","15","category-archive","","","wayback","","source/html/category/uncategorised/page/2/index.html",""
"https://www.gmbcreditunion.com/category/uncategorised/page/3/","200","","","text/html","Uncategorised Archives | Page 3 of 8 | GMBCU","","https://www.gmbcreditunion.com/category/uncategorised/page/3/","max-image-preview:large, noindex,follow","","Our Blog","1","Uncategorised Archives | Page 3 of 8 | GMBCU","","","summary_large_image","CollectionPage|ImageObject|BreadcrumbList|WebSite","299","1","41","15","category-archive","","","wayback","","source/html/category/uncategorised/page/3/index.html",""
"https://www.gmbcreditunion.com/category/uncategorised/page/4/","200","","","text/html","Uncategorised Archives | Page 4 of 8 | GMBCU","","https://www.gmbcreditunion.com/category/uncategorised/page/4/","max-image-preview:large, noindex,follow","","Our Blog","1","Uncategorised Archives | Page 4 of 8 | GMBCU","","","summary_large_image","CollectionPage|ImageObject|BreadcrumbList|WebSite","292","1","41","15","category-archive","","","wayback","","source/html/category/uncategorised/page/4/index.html",""
"https://www.gmbcreditunion.com/category/uncategorised/page/5/","200","","","text/html","Uncategorised Archives | Page 5 of 8 | GMBCU","","https://www.gmbcreditunion.com/category/uncategorised/page/5/","max-image-preview:large, noindex,follow","","Our Blog","1","Uncategorised Archives | Page 5 of 8 | GMBCU","","","summary_large_image","CollectionPage|ImageObject|BreadcrumbList|WebSite","292","1","41","15","category-archive","","","wayback","","source/html/category/uncategorised/page/5/index.html",""
"https://www.gmbcreditunion.com/category/uncategorised/page/6/","200","","","text/html","Uncategorised Archives | Page 6 of 8 | GMBCU","","https://www.gmbcreditunion.com/category/uncategorised/page/6/","max-image-preview:large, noindex,follow","","Our Blog","1","Uncategorised Archives | Page 6 of 8 | GMBCU","","","summary_large_image","CollectionPage|ImageObject|BreadcrumbList|WebSite","306","1","41","15","category-archive","","","wayback","","source/html/category/uncategorised/page/6/index.html",""
"https://www.gmbcreditunion.com/category/uncategorised/page/7/","200","","","text/html","Uncategorised Archives | Page 7 of 8 | GMBCU","","https://www.gmbcreditunion.com/category/uncategorised/page/7/","max-image-preview:large, noindex,follow","","Our Blog","1","Uncategorised Archives | Page 7 of 8 | GMBCU","","","summary_large_image","CollectionPage|ImageObject|BreadcrumbList|WebSite","302","0","41","15","category-archive","","","wayback","","source/html/category/uncategorised/page/7/index.html",""
"https://www.gmbcreditunion.com/category/uncategorised/page/8/","200","","","text/html","Uncategorised Archives | Page 8 of 8 | GMBCU","","https://www.gmbcreditunion.com/category/uncategorised/page/8/","max-image-preview:large, noindex,follow","","Our Blog","1","Uncategorised Archives | Page 8 of 8 | GMBCU","","","summary_large_image","CollectionPage|ImageObject|BreadcrumbList|WebSite","288","1","40","15","category-archive","","","wayback","","source/html/category/uncategorised/page/8/index.html",""
"https://www.gmbcreditunion.com/celebrating-25-years-of-gmbcu/","200","","","text/html","Celebrating 25 Years Of GMBCU | GMB Credit Union","Our Credit Union started off small and simple. Now we support 600,000 GMB members with financial services. Read now to see just how much we've grown.","https://www.gmbcreditunion.com/celebrating-25-years-of-gmbcu/","index, follow, max-image-preview:large, max-snippet:-1, max-video-preview:-1","","Celebrating 25 Years of GMBCU","1","Celebrating 25 Years Of GMBCU | GMB Credit Union","Our Credit Union started off small and simple. Now we support 600,000 GMB members with financial services. Read now to see just how much we've grown.","https://www.gmbcreditunion.com/media/Untitled-design-33.png","summary_large_image","Article|WebPage|ImageObject|BreadcrumbList|WebSite|Person","1045","1","26","10","blog-post","2025-09-25T13:42:50+00:00","2025-09-25T13:42:50+00:00","sitemap","","source/html/celebrating-25-years-of-gmbcu/index.html",""
"https://www.gmbcreditunion.com/celebrating-two-years-members-prize-draw","301","https://www.gmbcreditunion.com/celebrating-two-years-members-prize-draw/","https://www.gmbcreditunion.com/celebrating-two-years-members-prize-draw/","text/html","Celebrating Two Years Of The Members’ Prize Draw | GMBCU","It's been two years of the Members' Prize Draw having a positive impact on members and charities! Let's take a moment to reflect. Read more.","https://www.gmbcreditunion.com/celebrating-two-years-members-prize-draw/","index, follow, max-image-preview:large, max-snippet:-1, max-video-preview:-1","","Celebrating two years of the Members’ Prize Draw","1","Celebrating Two Years Of The Members’ Prize Draw | GMBCU","It's been two years of the Members' Prize Draw having a positive impact on members and charities! Let's take a moment to reflect. Read more.","https://www.gmbcreditunion.com/media/GMBCU-Blog-assets_0.png","summary_large_image","Article|WebPage|ImageObject|BreadcrumbList|WebSite|Person","1406","0","27","7","blog-post","2025-09-25T13:55:28+00:00","","wayback","","",""
"https://www.gmbcreditunion.com/celebrating-two-years-members-prize-draw/","200","","","text/html","Celebrating Two Years Of The Members’ Prize Draw | GMBCU","It's been two years of the Members' Prize Draw having a positive impact on members and charities! Let's take a moment to reflect. Read more.","https://www.gmbcreditunion.com/celebrating-two-years-members-prize-draw/","index, follow, max-image-preview:large, max-snippet:-1, max-video-preview:-1","","Celebrating two years of the Members’ Prize Draw","1","Celebrating Two Years Of The Members’ Prize Draw | GMBCU","It's been two years of the Members' Prize Draw having a positive impact on members and charities! Let's take a moment to reflect. Read more.","https://www.gmbcreditunion.com/media/GMBCU-Blog-assets_0.png","summary_large_image","Article|WebPage|ImageObject|BreadcrumbList|WebSite|Person","1406","0","27","7","blog-post","2025-09-25T13:55:28+00:00","2025-09-25T13:55:28+00:00","sitemap","","source/html/celebrating-two-years-members-prize-draw/index.html",""
"https://www.gmbcreditunion.com/childrens-financial-education/","200","","","text/html","Why You Need To Start Your Child's Financial Education Now","It's vital to educate your children in financial matters to give them the knowledge and tools to make good choices in adulthood. Discover more here.","https://www.gmbcreditunion.com/childrens-financial-education/","index, follow, max-image-preview:large, max-snippet:-1, max-video-preview:-1","","Money talk for kids: why you need to start your children’s financial education now","1","Why You Need To Start Your Child's Financial Education Now","It's vital to educate your children in financial matters to give them the knowledge and tools to make good choices in adulthood. Discover more here.","https://www.gmbcreditunion.com/media/Untitled-design_0-1200x800.png","summary_large_image","Article|WebPage|ImageObject|BreadcrumbList|WebSite|Person","1098","0","33","7","blog-post","2025-09-25T13:45:10+00:00","2025-09-25T13:45:10+00:00","sitemap","","source/html/childrens-financial-education/index.html",""
"https://www.gmbcreditunion.com/comments/feed/","301","https://www.gmbcreditunion.com/","https://www.gmbcreditunion.com/","text/html","","","","","","","","","","","","","","0","0","","document","","","probe","","source/html/index.html",""
"https://www.gmbcreditunion.com/complaints","301","https://www.gmbcreditunion.com/complaints/","https://www.gmbcreditunion.com/complaints/","text/html","Complaints | GMB Credit Union","Let us put things right. Your satisfaction is our top priority, get in touch with us today.","https://www.gmbcreditunion.com/complaints/","index, follow, max-image-preview:large, max-snippet:-1, max-video-preview:-1","","Complaints","1","Complaints | GMB Credit Union","Let us put things right. Your satisfaction is our top priority, get in touch with us today.","","summary_large_image","WebPage|BreadcrumbList|WebSite","182","0","26","11","page-builder","2024-10-11T13:38:00+00:00","","wayback","","",""
"https://www.gmbcreditunion.com/complaints/","200","","","text/html","Complaints | GMB Credit Union","Let us put things right. Your satisfaction is our top priority, get in touch with us today.","https://www.gmbcreditunion.com/complaints/","index, follow, max-image-preview:large, max-snippet:-1, max-video-preview:-1","","Complaints","1","Complaints | GMB Credit Union","Let us put things right. Your satisfaction is our top priority, get in touch with us today.","","summary_large_image","WebPage|BreadcrumbList|WebSite","182","455","26","11","page-builder","2024-10-11T13:38:00+00:00","2024-10-11T13:38:00+00:00","sitemap","","source/html/complaints/index.html",""
"https://www.gmbcreditunion.com/consolidation-loans-plan-brighter-financial-future","301","https://www.gmbcreditunion.com/consolidation-loans-plan-brighter-financial-future/","https://www.gmbcreditunion.com/consolidation-loans-plan-brighter-financial-future/","text/html","Consolidation Loans: Plan For A Brighter Financial Future","We offer Consolidation Loans to members who wish to combine existing debts into one manageable monthly repayment. Learn more about them now.","https://www.gmbcreditunion.com/consolidation-loans-plan-brighter-financial-future/","index, follow, max-image-preview:large, max-snippet:-1, max-video-preview:-1","","Consolidation Loans: Plan for a brighter financial future.","1","Consolidation Loans: Plan For A Brighter Financial Future","We offer Consolidation Loans to members who wish to combine existing debts into one manageable monthly repayment. Learn more about them now.","https://www.gmbcreditunion.com/media/nine-koepfer-zosE9lAYQlo-unsplash-1200x800.jpg","summary_large_image","Article|WebPage|ImageObject|BreadcrumbList|WebSite|Person","902","1","26","7","blog-post","2025-09-25T13:56:18+00:00","","wayback","","",""
"https://www.gmbcreditunion.com/consolidation-loans-plan-brighter-financial-future/","200","","","text/html","Consolidation Loans: Plan For A Brighter Financial Future","We offer Consolidation Loans to members who wish to combine existing debts into one manageable monthly repayment. Learn more about them now.","https://www.gmbcreditunion.com/consolidation-loans-plan-brighter-financial-future/","index, follow, max-image-preview:large, max-snippet:-1, max-video-preview:-1","","Consolidation Loans: Plan for a brighter financial future.","1","Consolidation Loans: Plan For A Brighter Financial Future","We offer Consolidation Loans to members who wish to combine existing debts into one manageable monthly repayment. Learn more about them now.","https://www.gmbcreditunion.com/media/nine-koepfer-zosE9lAYQlo-unsplash-1200x800.jpg","summary_large_image","Article|WebPage|ImageObject|BreadcrumbList|WebSite|Person","902","0","26","7","blog-post","2025-09-25T13:56:18+00:00","2025-09-25T13:56:18+00:00","sitemap","","source/html/consolidation-loans-plan-brighter-financial-future/index.html",""
"https://www.gmbcreditunion.com/contact-us","301","https://www.gmbcreditunion.com/contact-us/","https://www.gmbcreditunion.com/contact-us/","text/html","Contact Us | GMB Credit Union","Your Credit Union is always here to help when you need us. If you've got a question, just ask and contact us today.","https://www.gmbcreditunion.com/contact-us/","index, follow, max-image-preview:large, max-snippet:-1, max-video-preview:-1","","Contact us","1","Contact Us | GMB Credit Union","Your Credit Union is always here to help when you need us. If you've got a question, just ask and contact us today.","","summary_large_image","WebPage|BreadcrumbList|WebSite","135","6","26","9","page-builder","2025-01-06T11:48:10+00:00","","crawl","","",""
"https://www.gmbcreditunion.com/Contact-Us","301","https://www.gmbcreditunion.com/Contact-Us/","https://www.gmbcreditunion.com/Contact-Us/","text/html","Contact Us | GMB Credit Union","Your Credit Union is always here to help when you need us. If you've got a question, just ask and contact us today.","https://www.gmbcreditunion.com/contact-us/","index, follow, max-image-preview:large, max-snippet:-1, max-video-preview:-1","","Contact us","1","Contact Us | GMB Credit Union","Your Credit Union is always here to help when you need us. If you've got a question, just ask and contact us today.","","summary_large_image","WebPage|BreadcrumbList|WebSite","135","0","26","9","page-builder","2025-01-06T11:48:10+00:00","","wayback","","",""
"https://www.gmbcreditunion.com/contact-us/","200","","","text/html","Contact Us | GMB Credit Union","Your Credit Union is always here to help when you need us. If you've got a question, just ask and contact us today.","https://www.gmbcreditunion.com/contact-us/","index, follow, max-image-preview:large, max-snippet:-1, max-video-preview:-1","","Contact us","1","Contact Us | GMB Credit Union","Your Credit Union is always here to help when you need us. If you've got a question, just ask and contact us today.","","summary_large_image","WebPage|BreadcrumbList|WebSite","135","455","26","9","page-builder","2025-01-06T11:48:10+00:00","2025-01-06T11:48:10+00:00","sitemap","","source/html/contact-us/index.html",""
"https://www.gmbcreditunion.com/Contact-Us/","200","","","text/html","Contact Us | GMB Credit Union","Your Credit Union is always here to help when you need us. If you've got a question, just ask and contact us today.","https://www.gmbcreditunion.com/contact-us/","index, follow, max-image-preview:large, max-snippet:-1, max-video-preview:-1","","Contact us","1","Contact Us | GMB Credit Union","Your Credit Union is always here to help when you need us. If you've got a question, just ask and contact us today.","","summary_large_image","WebPage|BreadcrumbList|WebSite","135","0","26","9","page-builder","2025-01-06T11:48:10+00:00","","crawl","","source/html/Contact-Us/index.html",""
"https://www.gmbcreditunion.com/contact-us/?conesso_link_tag=ebd837df0&utm_campaign=Jan%2B26%2BNewsletter&utm_medium=email&utm_source=Conesso","200","","","text/html","Contact Us | GMB Credit Union","Your Credit Union is always here to help when you need us. If you've got a question, just ask and contact us today.","https://www.gmbcreditunion.com/contact-us/","index, follow, max-image-preview:large, max-snippet:-1, max-video-preview:-1","","Contact us","1","Contact Us | GMB Credit Union","Your Credit Union is always here to help when you need us. If you've got a question, just ask and contact us today.","","summary_large_image","WebPage|BreadcrumbList|WebSite","135","9","26","9","page-builder","2025-01-06T11:48:10+00:00","","crawl","","source/html/contact-us/__q__conesso_link_tag_ebd837df0_utm_campaign_Jan_2B26_2BNewsletter_utm_medium_email_utm_source_Conesso/index.html",""
"https://www.gmbcreditunion.com/cost-living","301","https://www.gmbcreditunion.com/cost-of-living/","https://www.gmbcreditunion.com/cost-of-living/","text/html","Cost Of Living Help | GMB Credit Union","Find a detailed list of free guidance and information to help you hold onto some of your hard-earned cash through the Cost of Living Crisis.","https://www.gmbcreditunion.com/cost-of-living/","index, follow, max-image-preview:large, max-snippet:-1, max-video-preview:-1","","Cost of Living","1","Cost Of Living Help | GMB Credit Union","Find a detailed list of free guidance and information to help you hold onto some of your hard-earned cash through the Cost of Living Crisis.","","summary_large_image","WebPage|BreadcrumbList|WebSite","527","2","27","15","page-builder","2023-09-07T16:52:01+00:00","","wayback","","",""
"https://www.gmbcreditunion.com/cost-of-living/","200","","","text/html","Cost Of Living Help | GMB Credit Union","Find a detailed list of free guidance and information to help you hold onto some of your hard-earned cash through the Cost of Living Crisis.","https://www.gmbcreditunion.com/cost-of-living/","index, follow, max-image-preview:large, max-snippet:-1, max-video-preview:-1","","Cost of Living","1","Cost Of Living Help | GMB Credit Union","Find a detailed list of free guidance and information to help you hold onto some of your hard-earned cash through the Cost of Living Crisis.","","summary_large_image","WebPage|BreadcrumbList|WebSite","527","1","27","15","page-builder","2023-09-07T16:52:01+00:00","2023-09-07T16:52:01+00:00","sitemap","","source/html/cost-of-living/index.html",""
"https://www.gmbcreditunion.com/creating-good-money-habits-save-as-you-borrow/","200","","","text/html","Creating Good Money Habits - Save As You Borrow | GMBCU","During uncertain times money concerns can impact you emotionally. That's why we help our members to save while they borrow. Find out more.","https://www.gmbcreditunion.com/creating-good-money-habits-save-as-you-borrow/","index, follow, max-image-preview:large, max-snippet:-1, max-video-preview:-1","","Creating good money habits – save as you borrow","1","Creating Good Money Habits - Save As You Borrow | GMBCU","During uncertain times money concerns can impact you emotionally. That's why we help our members to save while they borrow. Find out more.","https://www.gmbcreditunion.com/media/CyS3SSEf4Gjy7HBgpzEAQ5.jpg","summary_large_image","Article|WebPage|ImageObject|BreadcrumbList|WebSite|Person","304","1","26","8","blog-post","2025-09-25T13:58:34+00:00","2025-09-25T13:58:34+00:00","sitemap","","source/html/creating-good-money-habits-save-as-you-borrow/index.html",""
"https://www.gmbcreditunion.com/credit-crisis-real-impact-short-term-credit","301","https://www.gmbcreditunion.com/credit-crisis-real-impact-short-term-credit/","https://www.gmbcreditunion.com/credit-crisis-real-impact-short-term-credit/","text/html","Credit Crisis: The Real Impact Of Short-Term Credit | GMBCU","Short-term credit is impacting the nation, but what about you? Discover the real impact of short-term credit and how to avoid its pitfalls.","https://www.gmbcreditunion.com/credit-crisis-real-impact-short-term-credit/","index, follow, max-image-preview:large, max-snippet:-1, max-video-preview:-1","","Credit Crisis: The Real Impact of Short-Term Credit","1","Credit Crisis: The Real Impact Of Short-Term Credit | GMBCU","Short-term credit is impacting the nation, but what about you? Discover the real impact of short-term credit and how to avoid its pitfalls.","https://www.gmbcreditunion.com/media/helena-lopes-PGnqT0rXWLs-unsplash-1.jpg","summary_large_image","Article|WebPage|ImageObject|BreadcrumbList|WebSite|Person","847","1","29","7","blog-post","2025-09-25T14:00:35+00:00","","wayback","","",""
"https://www.gmbcreditunion.com/credit-crisis-real-impact-short-term-credit/","200","","","text/html","Credit Crisis: The Real Impact Of Short-Term Credit | GMBCU","Short-term credit is impacting the nation, but what about you? Discover the real impact of short-term credit and how to avoid its pitfalls.","https://www.gmbcreditunion.com/credit-crisis-real-impact-short-term-credit/","index, follow, max-image-preview:large, max-snippet:-1, max-video-preview:-1","","Credit Crisis: The Real Impact of Short-Term Credit","1","Credit Crisis: The Real Impact Of Short-Term Credit | GMBCU","Short-term credit is impacting the nation, but what about you? Discover the real impact of short-term credit and how to avoid its pitfalls.","https://www.gmbcreditunion.com/media/helena-lopes-PGnqT0rXWLs-unsplash-1.jpg","summary_large_image","Article|WebPage|ImageObject|BreadcrumbList|WebSite|Person","847","0","29","7","blog-post","2025-09-25T14:00:35+00:00","2025-09-25T14:00:35+00:00","sitemap","","source/html/credit-crisis-real-impact-short-term-credit/index.html",""
"https://www.gmbcreditunion.com/creditview","301","https://www.gmbcreditunion.com/","https://www.gmbcreditunion.com/","text/html","GMB Credit Union | Your money, your future, Your Credit Union","GMB Credit Union is made and managed by people like you, with ethical loans and savings pots to help you reach your financial goals. Learn more today.","https://www.gmbcreditunion.com/","index, follow, max-image-preview:large, max-snippet:-1, max-video-preview:-1","","Your money, your future, your Credit Union","1","GMB Credit Union | Your money, your future, Your Credit Union","GMB Credit Union is made and managed by people like you, with ethical loans and savings pots to help you reach your financial goals. Learn more today.","https://www.gmbcreditunion.com/media/gmbcu-homepage-header-image01-e1691686625416.png","summary_large_image","WebPage|ImageObject|BreadcrumbList|WebSite","601","0","30","22","home","2025-12-18T15:45:17+00:00","","wayback","","",""
"https://www.gmbcreditunion.com/dealing-coronavirus","301","https://www.gmbcreditunion.com/dealing-coronavirus/","https://www.gmbcreditunion.com/dealing-coronavirus/","text/html","Dealing With Coronavirus | GMBCU","The epidemic will inevitably have a major impact on GMB members over the coming weeks. Here's how to reach out to us should you need support.","https://www.gmbcreditunion.com/dealing-coronavirus/","index, follow, max-image-preview:large, max-snippet:-1, max-video-preview:-1","","Dealing with Coronavirus","1","Dealing With Coronavirus | GMBCU","The epidemic will inevitably have a major impact on GMB members over the coming weeks. Here's how to reach out to us should you need support.","https://www.gmbcreditunion.com/media/Coronavirus.jpg","summary_large_image","Article|WebPage|ImageObject|BreadcrumbList|WebSite|Person","177","0","26","7","blog-post","2025-09-25T14:01:16+00:00","","wayback","","",""
"https://www.gmbcreditunion.com/dealing-coronavirus/","200","","","text/html","Dealing With Coronavirus | GMBCU","The epidemic will inevitably have a major impact on GMB members over the coming weeks. Here's how to reach out to us should you need support.","https://www.gmbcreditunion.com/dealing-coronavirus/","index, follow, max-image-preview:large, max-snippet:-1, max-video-preview:-1","","Dealing with Coronavirus","1","Dealing With Coronavirus | GMBCU","The epidemic will inevitably have a major impact on GMB members over the coming weeks. Here's how to reach out to us should you need support.","https://www.gmbcreditunion.com/media/Coronavirus.jpg","summary_large_image","Article|WebPage|ImageObject|BreadcrumbList|WebSite|Person","177","0","26","7","blog-post","2025-09-25T14:01:16+00:00","2025-09-25T14:01:16+00:00","sitemap","","source/html/dealing-coronavirus/index.html",""
"https://www.gmbcreditunion.com/debt-advice-locator","301","https://www.gmbcreditunion.com/resources/member-helper/debt-advice-locator/","https://www.gmbcreditunion.com/resources/member-helper/debt-advice-locator/","text/html","Debt Advice Locator | GMB Credit Union","If you're struggling with debt and don't know where to turn, many free advice services are available across the UK. Find them here today.","https://www.gmbcreditunion.com/resources/member-helper/debt-advice-locator/","index, follow, max-image-preview:large, max-snippet:-1, max-video-preview:-1","","Debt Advice Locator","1","Debt Advice Locator | GMB Credit Union","If you're struggling with debt and don't know where to turn, many free advice services are available across the UK. Find them here today.","","summary_large_image","WebPage|BreadcrumbList|WebSite","4","2","26","7","page-builder","2023-09-07T16:52:26+00:00","","wayback","","",""
"https://www.gmbcreditunion.com/directors-area/","200","","","text/html","Directors Area | GMBCU","","https://www.gmbcreditunion.com/directors-area/","index, follow, max-image-preview:large, max-snippet:-1, max-video-preview:-1","","Directors Area","1","Directors Area | GMBCU","There is no excerpt because this is a protected post.","","summary_large_image","WebPage|WebSite","20","0","26","7","page-downloads","2025-09-02T10:48:44+00:00","2025-09-02T10:48:44+00:00","sitemap","yes","source/html/directors-area/index.html",""
"https://www.gmbcreditunion.com/directors-area/annual-audited-accounts/","200","","","text/html","Annual Audited Accounts | GMBCU","","https://www.gmbcreditunion.com/directors-area/annual-audited-accounts/","index, follow, max-image-preview:large, max-snippet:-1, max-video-preview:-1","","Directors Area","1","Annual Audited Accounts | GMBCU","There is no excerpt because this is a protected post.","","summary_large_image","WebPage|WebSite","20","0","26","7","page-downloads","2023-08-31T20:32:07+00:00","2023-08-31T20:32:07+00:00","sitemap","yes","source/html/directors-area/annual-audited-accounts/index.html",""
"https://www.gmbcreditunion.com/directors-area/annual-report/","200","","","text/html","Annual Report | GMBCU","","https://www.gmbcreditunion.com/directors-area/annual-report/","index, follow, max-image-preview:large, max-snippet:-1, max-video-preview:-1","","Directors Area","1","Annual Report | GMBCU","There is no excerpt because this is a protected post.","","summary_large_image","WebPage|WebSite","20","0","26","7","page-downloads","2023-09-06T16:18:05+00:00","2023-09-06T16:18:05+00:00","sitemap","yes","source/html/directors-area/annual-report/index.html",""
"https://www.gmbcreditunion.com/directors-area/board-minutes/","200","","","text/html","Board Minutes | GMBCU","","https://www.gmbcreditunion.com/directors-area/board-minutes/","index, follow, max-image-preview:large, max-snippet:-1, max-video-preview:-1","","Directors Area","1","Board Minutes | GMBCU","There is no excerpt because this is a protected post.","","summary_large_image","WebPage|WebSite","20","0","26","7","page-downloads","2023-08-31T20:32:13+00:00","2023-08-31T20:32:13+00:00","sitemap","yes","source/html/directors-area/board-minutes/index.html",""
"https://www.gmbcreditunion.com/directors-area/budget/","200","","","text/html","Budget | GMBCU","","https://www.gmbcreditunion.com/directors-area/budget/","index, follow, max-image-preview:large, max-snippet:-1, max-video-preview:-1","","Directors Area","1","Budget | GMBCU","There is no excerpt because this is a protected post.","","summary_large_image","WebPage|WebSite","20","0","26","7","page-downloads","2023-08-31T20:32:20+00:00","2023-08-31T20:32:20+00:00","sitemap","yes","source/html/directors-area/budget/index.html",""
"https://www.gmbcreditunion.com/directors-area/business-plan/","200","","","text/html","Business Plan | GMBCU","","https://www.gmbcreditunion.com/directors-area/business-plan/","index, follow, max-image-preview:large, max-snippet:-1, max-video-preview:-1","","Directors Area","1","Business Plan | GMBCU","There is no excerpt because this is a protected post.","","summary_large_image","WebPage|WebSite","20","0","26","7","page-downloads","2023-09-06T14:48:50+00:00","2023-09-06T14:48:50+00:00","sitemap","yes","source/html/directors-area/business-plan/index.html",""
"https://www.gmbcreditunion.com/directors-area/business-policies/","200","","","text/html","Business Policies | GMBCU","","https://www.gmbcreditunion.com/directors-area/business-policies/","index, follow, max-image-preview:large, max-snippet:-1, max-video-preview:-1","","Directors Area","1","Business Policies | GMBCU","There is no excerpt because this is a protected post.","","summary_large_image","WebPage|WebSite","20","0","26","7","page-downloads","2024-06-18T09:00:12+00:00","2024-06-18T09:00:12+00:00","sitemap","yes","source/html/directors-area/business-policies/index.html",""
"https://www.gmbcreditunion.com/directors-area/employee-policies/","200","","","text/html","Employee Policies | GMBCU","","https://www.gmbcreditunion.com/directors-area/employee-policies/","index, follow, max-image-preview:large, max-snippet:-1, max-video-preview:-1","","Directors Area","1","Employee Policies | GMBCU","There is no excerpt because this is a protected post.","","summary_large_image","WebPage|WebSite","20","0","26","7","page-downloads","2024-06-18T09:00:18+00:00","2024-06-18T09:00:18+00:00","sitemap","yes","source/html/directors-area/employee-policies/index.html",""
"https://www.gmbcreditunion.com/directors-area/governance/","200","","","text/html","Governance | GMBCU","","https://www.gmbcreditunion.com/directors-area/governance/","index, follow, max-image-preview:large, max-snippet:-1, max-video-preview:-1","","Directors Area","1","Governance | GMBCU","There is no excerpt because this is a protected post.","","summary_large_image","WebPage|WebSite","20","0","26","7","page-downloads","2024-05-15T09:29:19+00:00","2024-05-15T09:29:19+00:00","sitemap","yes","source/html/directors-area/governance/index.html",""
"https://www.gmbcreditunion.com/directors-area/policies/","200","","","text/html","Policies | GMBCU","","https://www.gmbcreditunion.com/directors-area/policies/","index, follow, max-image-preview:large, max-snippet:-1, max-video-preview:-1","","Directors Area","1","Policies | GMBCU","There is no excerpt because this is a protected post.","","summary_large_image","WebPage|WebSite","20","0","26","7","page-downloads","2023-08-31T20:32:35+00:00","2023-08-31T20:32:35+00:00","sitemap","yes","source/html/directors-area/policies/index.html",""
"https://www.gmbcreditunion.com/faqs","301","https://www.gmbcreditunion.com/faqs/","https://www.gmbcreditunion.com/faqs/","text/html","FAQs | GMB Credit Union","Find the answer to all of our most asked questions, from 'What is a Credit Union?' to 'How can I join GMB Credit Union?'. Answer your Qs now.","https://www.gmbcreditunion.com/faqs/","index, follow, max-image-preview:large, max-snippet:-1, max-video-preview:-1","","FAQs","1","FAQs | GMB Credit Union","Find the answer to all of our most asked questions, from 'What is a Credit Union?' to 'How can I join GMB Credit Union?'. Answer your Qs now.","","summary_large_image","WebPage|BreadcrumbList|WebSite","4590","0","30","7","page-builder","2026-07-27T10:56:53+00:00","","wayback","","",""
"https://www.gmbcreditunion.com/faqs/","200","","","text/html","FAQs | GMB Credit Union","Find the answer to all of our most asked questions, from 'What is a Credit Union?' to 'How can I join GMB Credit Union?'. Answer your Qs now.","https://www.gmbcreditunion.com/faqs/","index, follow, max-image-preview:large, max-snippet:-1, max-video-preview:-1","","FAQs","1","FAQs | GMB Credit Union","Find the answer to all of our most asked questions, from 'What is a Credit Union?' to 'How can I join GMB Credit Union?'. Answer your Qs now.","","summary_large_image","WebPage|BreadcrumbList|WebSite","4590","455","29","7","page-builder","2026-07-27T10:56:53+00:00","2026-07-27T10:56:53+00:00","sitemap","","source/html/faqs/index.html",""
"https://www.gmbcreditunion.com/favicon.ico","200","","","image/x-icon","","","","","","","","","","","","","","0","0","","document","Tue, 05 Sep 2023 17:11:49 GMT","","probe","","source/media/favicon.ico",""
"https://www.gmbcreditunion.com/feed/","301","https://www.gmbcreditunion.com/","https://www.gmbcreditunion.com/","text/html","","","","","","","","","","","","","","0","0","","document","","","probe","","source/html/index.html",""
"https://www.gmbcreditunion.com/feel-positive-about-saving-and-borrowing/","200","","","text/html","Feel Positive About Saving & Confident About Borrowing","Find out why being part of the GMB Credit Union community can make you feel that you are part of an alternative more ethical approach to money.","https://www.gmbcreditunion.com/feel-positive-about-saving-and-borrowing/","index, follow, max-image-preview:large, max-snippet:-1, max-video-preview:-1","","Feel Positive about Saving and Confident about Borrowing","1","Feel Positive About Saving & Confident About Borrowing","Find out why being part of the GMB Credit Union community can make you feel that you are part of an alternative more ethical approach to money.","https://www.gmbcreditunion.com/media/photo-1574279606130-09958dc756f7-1.jpg","summary_large_image","Article|WebPage|ImageObject|BreadcrumbList|WebSite|Person","795","0","29","7","blog-post","2025-09-25T14:02:45+00:00","2025-09-25T14:02:45+00:00","sitemap","","source/html/feel-positive-about-saving-and-borrowing/index.html",""
"https://www.gmbcreditunion.com/feel-positive-about-saving-and-confident-about-borrowing/","301","https://www.gmbcreditunion.com/feel-positive-about-saving-and-borrowing/","https://www.gmbcreditunion.com/feel-positive-about-saving-and-borrowing/","text/html","Feel Positive About Saving & Confident About Borrowing","Find out why being part of the GMB Credit Union community can make you feel that you are part of an alternative more ethical approach to money.","https://www.gmbcreditunion.com/feel-positive-about-saving-and-borrowing/","index, follow, max-image-preview:large, max-snippet:-1, max-video-preview:-1","","Feel Positive about Saving and Confident about Borrowing","1","Feel Positive About Saving & Confident About Borrowing","Find out why being part of the GMB Credit Union community can make you feel that you are part of an alternative more ethical approach to money.","https://www.gmbcreditunion.com/media/photo-1574279606130-09958dc756f7-1.jpg","summary_large_image","Article|WebPage|ImageObject|BreadcrumbList|WebSite|Person","795","0","29","7","blog-post","2025-09-25T14:02:45+00:00","","wayback","","",""
"https://www.gmbcreditunion.com/file-sitemap.xml","200","","","text/xml","","","","","","","","","","","","","","0","0","","document","","","wayback","","source/media/file-sitemap.xml",""
"https://www.gmbcreditunion.com/file/13th-july-2022/","200","","","text/html","Board Minutes - 13th July 2022 | GMBCU","","https://www.gmbcreditunion.com/file/13th-july-2022/","index, follow, max-image-preview:large, max-snippet:-1, max-video-preview:-1","","Board Minutes – 13th July 2022","1","Board Minutes - 13th July 2022 | GMBCU","","","summary_large_image","WebPage|BreadcrumbList|WebSite","10","0","26","6","file-single","2026-04-16T09:29:46+00:00","2026-04-16T09:29:46+00:00","sitemap","","source/html/file/13th-july-2022/index.html",""
"https://www.gmbcreditunion.com/file/14th-september-2022/","200","","","text/html","Board Minutes - 14th September 2022 | GMBCU","","https://www.gmbcreditunion.com/file/14th-september-2022/","index, follow, max-image-preview:large, max-snippet:-1, max-video-preview:-1","","Board Minutes – 14th September 2022","1","Board Minutes - 14th September 2022 | GMBCU","","","summary_large_image","WebPage|BreadcrumbList|WebSite","10","0","26","6","file-single","2026-04-16T09:29:36+00:00","2026-04-16T09:29:36+00:00","sitemap","","source/html/file/14th-september-2022/index.html",""
"https://www.gmbcreditunion.com/file/16th-december-2021/","200","","","text/html","Board Minutes - 16th December 2021 | GMBCU","","https://www.gmbcreditunion.com/file/16th-december-2021/","index, follow, max-image-preview:large, max-snippet:-1, max-video-preview:-1","","Board Minutes – 16th December 2021","1","Board Minutes - 16th December 2021 | GMBCU","","","summary_large_image","WebPage|BreadcrumbList|WebSite","10","0","26","6","file-single","2026-04-16T09:30:09+00:00","2026-04-16T09:30:09+00:00","sitemap","","source/html/file/16th-december-2021/index.html",""
"https://www.gmbcreditunion.com/file/23rd-february-2022/","200","","","text/html","Board Minutes - 23rd February 2022 | GMBCU","","https://www.gmbcreditunion.com/file/23rd-february-2022/","index, follow, max-image-preview:large, max-snippet:-1, max-video-preview:-1","","Board Minutes – 23rd February 2022","1","Board Minutes - 23rd February 2022 | GMBCU","","","summary_large_image","WebPage|BreadcrumbList|WebSite","10","0","26","6","file-single","2026-04-16T09:30:01+00:00","2026-04-16T09:30:01+00:00","sitemap","","source/html/file/23rd-february-2022/index.html",""
"https://www.gmbcreditunion.com/file/23rd-november-2022/","200","","","text/html","Board Minutes - 23rd November 2022 | GMBCU","","https://www.gmbcreditunion.com/file/23rd-november-2022/","index, follow, max-image-preview:large, max-snippet:-1, max-video-preview:-1","","Board Minutes – 23rd November 2022","1","Board Minutes - 23rd November 2022 | GMBCU","","","summary_large_image","WebPage|BreadcrumbList|WebSite","10","0","26","6","file-single","2026-04-16T09:29:30+00:00","2026-04-16T09:29:30+00:00","sitemap","","source/html/file/23rd-november-2022/index.html",""
"https://www.gmbcreditunion.com/file/25th-may-2022/","200","","","text/html","Board Minutes - 25th May 2022 | GMBCU","","https://www.gmbcreditunion.com/file/25th-may-2022/","index, follow, max-image-preview:large, max-snippet:-1, max-video-preview:-1","","Board Minutes – 25th May 2022","1","Board Minutes - 25th May 2022 | GMBCU","","","summary_large_image","WebPage|BreadcrumbList|WebSite","10","0","26","6","file-single","2026-04-16T09:29:53+00:00","2026-04-16T09:29:53+00:00","sitemap","","source/html/file/25th-may-2022/index.html",""
"https://www.gmbcreditunion.com/file/3rd-march-2026/","200","","","text/html","Board Minutes - 3rd March 2026 | GMBCU","","https://www.gmbcreditunion.com/file/3rd-march-2026/","index, follow, max-image-preview:large, max-snippet:-1, max-video-preview:-1","","Board Minutes – 3rd March 2026","1","Board Minutes - 3rd March 2026 | GMBCU","","","summary_large_image","WebPage|BreadcrumbList|WebSite","10","1","26","6","file-single","2026-04-16T10:56:32+00:00","2026-04-16T10:56:32+00:00","sitemap","","source/html/file/3rd-march-2026/index.html",""
"https://www.gmbcreditunion.com/file/7th-february-2023/","200","","","text/html","Board Minutes - 7th February 2023 | GMBCU","","https://www.gmbcreditunion.com/file/7th-february-2023/","index, follow, max-image-preview:large, max-snippet:-1, max-video-preview:-1","","Board Minutes – 7th February 2023","1","Board Minutes - 7th February 2023 | GMBCU","","","summary_large_image","WebPage|BreadcrumbList|WebSite","10","0","26","6","file-single","2026-04-16T09:35:03+00:00","2026-04-16T09:35:03+00:00","sitemap","","source/html/file/7th-february-2023/index.html",""
"https://www.gmbcreditunion.com/file/abcul-the-credit-union-directors-handbook/","200","","","text/html","ABCUL The Credit Union Directors Handbook | GMBCU","","https://www.gmbcreditunion.com/file/abcul-the-credit-union-directors-handbook/","index, follow, max-image-preview:large, max-snippet:-1, max-video-preview:-1","","ABCUL The Credit Union Directors Handbook","1","ABCUL The Credit Union Directors Handbook | GMBCU","","","summary_large_image","WebPage|BreadcrumbList|WebSite","10","1","26","6","file-single","2024-05-15T09:09:53+00:00","2024-05-15T09:09:53+00:00","sitemap","","source/html/file/abcul-the-credit-union-directors-handbook/index.html",""
"https://www.gmbcreditunion.com/file/agm-agenda-2024/","200","","","text/html","AGM Agenda 2024 | GMBCU","","https://www.gmbcreditunion.com/file/agm-agenda-2024/","index, follow, max-image-preview:large, max-snippet:-1, max-video-preview:-1","","AGM Agenda 2024","1","AGM Agenda 2024 | GMBCU","","","summary_large_image","WebPage|BreadcrumbList|WebSite","7","0","26","6","file-single","2024-03-12T11:56:20+00:00","2024-03-12T11:56:20+00:00","sitemap","","source/html/file/agm-agenda-2024/index.html",""
"https://www.gmbcreditunion.com/file/aml-financial-crime-policy/","200","","","text/html","AML & Financial Crime Policy | GMBCU","","https://www.gmbcreditunion.com/file/aml-financial-crime-policy/","index, follow, max-image-preview:large, max-snippet:-1, max-video-preview:-1","","AML & Financial Crime Policy","1","AML & Financial Crime Policy | GMBCU","","","summary_large_image","WebPage|BreadcrumbList|WebSite","9","1","26","6","file-single","2024-06-07T10:23:37+00:00","2024-06-07T10:23:37+00:00","sitemap","","source/html/file/aml-financial-crime-policy/index.html",""
"https://www.gmbcreditunion.com/file/annual-audited-accounts-2023/","200","","","text/html","Annual Audited Accounts 2023 | GMBCU","","https://www.gmbcreditunion.com/file/annual-audited-accounts-2023/","index, follow, max-image-preview:large, max-snippet:-1, max-video-preview:-1","","Annual Audited Accounts 2023","1","Annual Audited Accounts 2023 | GMBCU","","","summary_large_image","WebPage|BreadcrumbList|WebSite","8","1","26","6","file-single","2024-04-19T11:02:41+00:00","2024-04-19T11:02:41+00:00","sitemap","","source/html/file/annual-audited-accounts-2023/index.html",""
"https://www.gmbcreditunion.com/file/annual-audited-accounts/","200","","","text/html","Annual Audited Accounts 2022 | GMBCU","","https://www.gmbcreditunion.com/file/annual-audited-accounts/","index, follow, max-image-preview:large, max-snippet:-1, max-video-preview:-1","","Annual Audited Accounts 2022","1","Annual Audited Accounts 2022 | GMBCU","","","summary_large_image","WebPage|BreadcrumbList|WebSite","8","1","26","6","file-single","2024-04-19T10:54:06+00:00","2024-04-19T10:54:06+00:00","sitemap","","source/html/file/annual-audited-accounts/index.html",""
"https://www.gmbcreditunion.com/file/annual-report-2023/","200","","","text/html","Annual Report 2023 | GMBCU","","https://www.gmbcreditunion.com/file/annual-report-2023/","index, follow, max-image-preview:large, max-snippet:-1, max-video-preview:-1","","Annual Report 2023","1","Annual Report 2023 | GMBCU","","","summary_large_image","WebPage|BreadcrumbList|WebSite","7","1","26","6","file-single","2024-04-19T10:57:58+00:00","2024-04-19T10:57:58+00:00","sitemap","","source/html/file/annual-report-2023/index.html",""
"https://www.gmbcreditunion.com/file/annual-report-2024/","200","","","text/html","Annual Report 2024 | GMBCU","","https://www.gmbcreditunion.com/file/annual-report-2024/","index, follow, max-image-preview:large, max-snippet:-1, max-video-preview:-1","","Annual Report 2024","1","Annual Report 2024 | GMBCU","","","summary_large_image","WebPage|BreadcrumbList|WebSite","7","0","26","6","file-single","2024-03-14T15:41:24+00:00","2024-03-14T15:41:24+00:00","sitemap","","source/html/file/annual-report-2024/index.html",""
"https://www.gmbcreditunion.com/file/annual-report/","200","","","text/html","Annual Report 2022 | GMBCU","","https://www.gmbcreditunion.com/file/annual-report/","index, follow, max-image-preview:large, max-snippet:-1, max-video-preview:-1","","Annual Report 2022","1","Annual Report 2022 | GMBCU","","","summary_large_image","WebPage|BreadcrumbList|WebSite","7","1","26","6","file-single","2024-04-19T10:56:00+00:00","2024-04-19T10:56:00+00:00","sitemap","","source/html/file/annual-report/index.html",""
"https://www.gmbcreditunion.com/file/anti-bribery-corruption-policy/","200","","","text/html","Anti-Bribery Corruption Policy | GMBCU","","https://www.gmbcreditunion.com/file/anti-bribery-corruption-policy/","index, follow, max-image-preview:large, max-snippet:-1, max-video-preview:-1","","Anti-Bribery Corruption Policy","1","Anti-Bribery Corruption Policy | GMBCU","","","summary_large_image","WebPage|BreadcrumbList|WebSite","7","1","26","6","file-single","2024-06-07T10:23:57+00:00","2024-06-07T10:23:57+00:00","sitemap","","source/html/file/anti-bribery-corruption-policy/index.html",""
"https://www.gmbcreditunion.com/file/april-2023-marketing-overview/","200","","","text/html","April 2023 - marketing overview | GMBCU","","https://www.gmbcreditunion.com/file/april-2023-marketing-overview/","index, follow, max-image-preview:large, max-snippet:-1, max-video-preview:-1","","April 2023 – marketing overview","1","April 2023 - marketing overview | GMBCU","","","summary_large_image","WebPage|BreadcrumbList|WebSite","9","1","26","6","file-single","2023-08-31T18:16:52+00:00","2023-08-31T18:16:52+00:00","sitemap","","source/html/file/april-2023-marketing-overview/index.html",""
"https://www.gmbcreditunion.com/file/april-2023-monthly-loan-stats/","200","","","text/html","April 2023 - monthly loan stats | GMBCU","","https://www.gmbcreditunion.com/file/april-2023-monthly-loan-stats/","index, follow, max-image-preview:large, max-snippet:-1, max-video-preview:-1","","April 2023 – monthly loan stats","1","April 2023 - monthly loan stats | GMBCU","","","summary_large_image","WebPage|BreadcrumbList|WebSite","10","1","26","6","file-single","2023-08-31T18:17:15+00:00","2023-08-31T18:17:15+00:00","sitemap","","source/html/file/april-2023-monthly-loan-stats/index.html",""
"https://www.gmbcreditunion.com/file/april-2023-monthly-processing-stats/","200","","","text/html","April 2023 - monthly processing stats | GMBCU","","https://www.gmbcreditunion.com/file/april-2023-monthly-processing-stats/","index, follow, max-image-preview:large, max-snippet:-1, max-video-preview:-1","","April 2023 – monthly processing stats","1","April 2023 - monthly processing stats | GMBCU","","","summary_large_image","WebPage|BreadcrumbList|WebSite","10","1","26","6","file-single","2023-08-31T18:17:43+00:00","2023-08-31T18:17:43+00:00","sitemap","","source/html/file/april-2023-monthly-processing-stats/index.html",""
"https://www.gmbcreditunion.com/file/april-2023-monthly-report/","200","","","text/html","April 2023 - monthly report | GMBCU","","https://www.gmbcreditunion.com/file/april-2023-monthly-report/","index, follow, max-image-preview:large, max-snippet:-1, max-video-preview:-1","","April 2023 – monthly report","1","April 2023 - monthly report | GMBCU","","","summary_large_image","WebPage|BreadcrumbList|WebSite","9","1","26","6","file-single","2023-08-31T18:18:02+00:00","2023-08-31T18:18:02+00:00","sitemap","","source/html/file/april-2023-monthly-report/index.html",""
"https://www.gmbcreditunion.com/file/august-2023-loan-stats-2/","200","","","text/html","August 2023 - Loan Stats | GMBCU","","https://www.gmbcreditunion.com/file/august-2023-loan-stats-2/","index, follow, max-image-preview:large, max-snippet:-1, max-video-preview:-1","","August 2023 – Loan Stats","1","August 2023 - Loan Stats | GMBCU","","","summary_large_image","WebPage|BreadcrumbList|WebSite","9","1","26","6","file-single","2023-10-09T12:29:58+00:00","2023-10-09T12:29:58+00:00","sitemap","","source/html/file/august-2023-loan-stats-2/index.html",""
"https://www.gmbcreditunion.com/file/august-2023-loan-stats/","200","","","text/html","August 2023 - Loan stats | GMBCU","","https://www.gmbcreditunion.com/file/august-2023-loan-stats/","index, follow, max-image-preview:large, max-snippet:-1, max-video-preview:-1","","August 2023 – Loan stats","1","August 2023 - Loan stats | GMBCU","","","summary_large_image","WebPage|BreadcrumbList|WebSite","9","1","26","6","file-single","2023-10-09T11:41:29+00:00","2023-10-09T11:41:29+00:00","sitemap","","source/html/file/august-2023-loan-stats/index.html",""
"https://www.gmbcreditunion.com/file/august-2023-marketing-overview/","200","","","text/html","August 2023 - marketing overview | GMBCU","","https://www.gmbcreditunion.com/file/august-2023-marketing-overview/","index, follow, max-image-preview:large, max-snippet:-1, max-video-preview:-1","","August 2023 – marketing overview","1","August 2023 - marketing overview | GMBCU","","","summary_large_image","WebPage|BreadcrumbList|WebSite","9","1","26","6","file-single","2023-09-11T14:56:35+00:00","2023-09-11T14:56:35+00:00","sitemap","","source/html/file/august-2023-marketing-overview/index.html",""
"https://www.gmbcreditunion.com/file/august-2023-monthly-processing-stats/","200","","","text/html","August 2023 - Monthly Processing Stats | GMBCU","","https://www.gmbcreditunion.com/file/august-2023-monthly-processing-stats/","index, follow, max-image-preview:large, max-snippet:-1, max-video-preview:-1","","August 2023 – Monthly Processing Stats","1","August 2023 - Monthly Processing Stats | GMBCU","","","summary_large_image","WebPage|BreadcrumbList|WebSite","10","1","26","6","file-single","2023-10-09T11:36:57+00:00","2023-10-09T11:36:57+00:00","sitemap","","source/html/file/august-2023-monthly-processing-stats/index.html",""
"https://www.gmbcreditunion.com/file/august-2023-monthly-report/","200","","","text/html","August 2023 - Monthly Report | GMBCU","","https://www.gmbcreditunion.com/file/august-2023-monthly-report/","index, follow, max-image-preview:large, max-snippet:-1, max-video-preview:-1","","August 2023 – Monthly Report","1","August 2023 - Monthly Report | GMBCU","","","summary_large_image","WebPage|BreadcrumbList|WebSite","9","1","26","6","file-single","2023-10-09T11:34:17+00:00","2023-10-09T11:34:17+00:00","sitemap","","source/html/file/august-2023-monthly-report/index.html",""
"https://www.gmbcreditunion.com/file/august-2023-processing-stats/","200","","","text/html","August 2023 - Processing Stats | GMBCU","","https://www.gmbcreditunion.com/file/august-2023-processing-stats/","index, follow, max-image-preview:large, max-snippet:-1, max-video-preview:-1","","August 2023 – Processing Stats","1","August 2023 - Processing Stats | GMBCU","","","summary_large_image","WebPage|BreadcrumbList|WebSite","9","1","26","6","file-single","2023-10-09T12:28:42+00:00","2023-10-09T12:28:42+00:00","sitemap","","source/html/file/august-2023-processing-stats/index.html",""
"https://www.gmbcreditunion.com/file/board-mins-14th-june-2023/","301","https://www.gmbcreditunion.com/file/board-minutes-14th-june-2023/","https://www.gmbcreditunion.com/file/board-minutes-14th-june-2023/","text/html","Board Minutes - 14th June 2023 | GMBCU","","https://www.gmbcreditunion.com/file/board-minutes-14th-june-2023/","index, follow, max-image-preview:large, max-snippet:-1, max-video-preview:-1","","Board Minutes – 14th June 2023","1","Board Minutes - 14th June 2023 | GMBCU","","","summary_large_image","WebPage|BreadcrumbList|WebSite","10","0","26","6","file-single","2026-04-16T09:29:03+00:00","","wayback","","",""
"https://www.gmbcreditunion.com/file/board-mins-22nd-march-2023/","301","https://www.gmbcreditunion.com/file/board-minutes-22nd-march-2023/","https://www.gmbcreditunion.com/file/board-minutes-22nd-march-2023/","text/html","Board Minutes - 22nd March 2023 | GMBCU","","https://www.gmbcreditunion.com/file/board-minutes-22nd-march-2023/","index, follow, max-image-preview:large, max-snippet:-1, max-video-preview:-1","","Board Minutes – 22nd March 2023","1","Board Minutes - 22nd March 2023 | GMBCU","","","summary_large_image","WebPage|BreadcrumbList|WebSite","10","0","26","6","file-single","2026-04-16T09:29:15+00:00","","wayback","","",""
"https://www.gmbcreditunion.com/file/board-mins-27th-september-2023/","301","https://www.gmbcreditunion.com/file/board-minutes-27th-september-2023/","https://www.gmbcreditunion.com/file/board-minutes-27th-september-2023/","text/html","Board Minutes - 27th September 2023 | GMBCU","","https://www.gmbcreditunion.com/file/board-minutes-27th-september-2023/","index, follow, max-image-preview:large, max-snippet:-1, max-video-preview:-1","","Board Minutes – 27th September 2023","1","Board Minutes - 27th September 2023 | GMBCU","","","summary_large_image","WebPage|BreadcrumbList|WebSite","10","0","26","6","file-single","2026-04-16T09:28:52+00:00","","wayback","","",""
"https://www.gmbcreditunion.com/file/board-minutes-14th-june-2023/","200","","","text/html","Board Minutes - 14th June 2023 | GMBCU","","https://www.gmbcreditunion.com/file/board-minutes-14th-june-2023/","index, follow, max-image-preview:large, max-snippet:-1, max-video-preview:-1","","Board Minutes – 14th June 2023","1","Board Minutes - 14th June 2023 | GMBCU","","","summary_large_image","WebPage|BreadcrumbList|WebSite","10","1","26","6","file-single","2026-04-16T09:29:03+00:00","2026-04-16T09:29:03+00:00","sitemap","","source/html/file/board-minutes-14th-june-2023/index.html",""
"https://www.gmbcreditunion.com/file/board-minutes-20th-june-2024/","200","","","text/html","Board Minutes - 20th June 2024 | GMBCU","","https://www.gmbcreditunion.com/file/board-minutes-20th-june-2024/","index, follow, max-image-preview:large, max-snippet:-1, max-video-preview:-1","","Board Minutes – 20th June 2024","1","Board Minutes - 20th June 2024 | GMBCU","","","summary_large_image","WebPage|BreadcrumbList|WebSite","10","1","26","6","file-single","2026-04-16T09:26:51+00:00","2026-04-16T09:26:51+00:00","sitemap","","source/html/file/board-minutes-20th-june-2024/index.html",""
"https://www.gmbcreditunion.com/file/board-minutes-22nd-march-2023/","200","","","text/html","Board Minutes - 22nd March 2023 | GMBCU","","https://www.gmbcreditunion.com/file/board-minutes-22nd-march-2023/","index, follow, max-image-preview:large, max-snippet:-1, max-video-preview:-1","","Board Minutes – 22nd March 2023","1","Board Minutes - 22nd March 2023 | GMBCU","","","summary_large_image","WebPage|BreadcrumbList|WebSite","10","1","26","6","file-single","2026-04-16T09:29:15+00:00","2026-04-16T09:29:15+00:00","sitemap","","source/html/file/board-minutes-22nd-march-2023/index.html",""
"https://www.gmbcreditunion.com/file/board-minutes-27th-september-2023/","200","","","text/html","Board Minutes - 27th September 2023 | GMBCU","","https://www.gmbcreditunion.com/file/board-minutes-27th-september-2023/","index, follow, max-image-preview:large, max-snippet:-1, max-video-preview:-1","","Board Minutes – 27th September 2023","1","Board Minutes - 27th September 2023 | GMBCU","","","summary_large_image","WebPage|BreadcrumbList|WebSite","10","1","26","6","file-single","2026-04-16T09:28:52+00:00","2026-04-16T09:28:52+00:00","sitemap","","source/html/file/board-minutes-27th-september-2023/index.html",""
"https://www.gmbcreditunion.com/file/board-minutes-29th-nov-2023/","200","","","text/html","Board Minutes - 29th November 2023 | GMBCU","","https://www.gmbcreditunion.com/file/board-minutes-29th-nov-2023/","index, follow, max-image-preview:large, max-snippet:-1, max-video-preview:-1","","Board Minutes – 29th November 2023","1","Board Minutes - 29th November 2023 | GMBCU","","","summary_large_image","WebPage|BreadcrumbList|WebSite","10","1","26","6","file-single","2026-04-16T09:28:41+00:00","2026-04-16T09:28:41+00:00","sitemap","","source/html/file/board-minutes-29th-nov-2023/index.html",""
"https://www.gmbcreditunion.com/file/board-minutes-5th-september-2024/","200","","","text/html","Board Minutes - 5th September 2024 | GMBCU","","https://www.gmbcreditunion.com/file/board-minutes-5th-september-2024/","index, follow, max-image-preview:large, max-snippet:-1, max-video-preview:-1","","Board Minutes – 5th September 2024","1","Board Minutes - 5th September 2024 | GMBCU","","","summary_large_image","WebPage|BreadcrumbList|WebSite","10","1","26","6","file-single","2026-04-16T09:26:38+00:00","2026-04-16T09:26:38+00:00","sitemap","","source/html/file/board-minutes-5th-september-2024/index.html",""
"https://www.gmbcreditunion.com/file/board-minutes-7th-nov-2024/","200","","","text/html","Board Minutes - 7th November 2024 | GMBCU","","https://www.gmbcreditunion.com/file/board-minutes-7th-nov-2024/","index, follow, max-image-preview:large, max-snippet:-1, max-video-preview:-1","","Board Minutes – 7th November 2024","1","Board Minutes - 7th November 2024 | GMBCU","","","summary_large_image","WebPage|BreadcrumbList|WebSite","10","1","26","6","file-single","2026-04-16T09:26:22+00:00","2026-04-16T09:26:22+00:00","sitemap","","source/html/file/board-minutes-7th-nov-2024/index.html",""
"https://www.gmbcreditunion.com/file/board-of-directors-report/","200","","","text/html","Board of Directors Report | GMBCU","","https://www.gmbcreditunion.com/file/board-of-directors-report/","index, follow, max-image-preview:large, max-snippet:-1, max-video-preview:-1","","Board of Directors Report","1","Board of Directors Report | GMBCU","","","summary_large_image","WebPage|BreadcrumbList|WebSite","8","0","26","6","file-single","2024-03-06T16:48:22+00:00","2024-03-06T16:48:22+00:00","sitemap","","source/html/file/board-of-directors-report/index.html",""
"https://www.gmbcreditunion.com/file/breaches-policy/","200","","","text/html","Breaches Policy | GMBCU","","https://www.gmbcreditunion.com/file/breaches-policy/","index, follow, max-image-preview:large, max-snippet:-1, max-video-preview:-1","","Breaches Policy","1","Breaches Policy | GMBCU","","","summary_large_image","WebPage|BreadcrumbList|WebSite","6","0","26","6","file-single","2024-05-23T11:23:00+00:00","2024-05-23T11:23:00+00:00","sitemap","","source/html/file/breaches-policy/index.html",""
"https://www.gmbcreditunion.com/file/budget/","200","","","text/html","Budget 2025 | GMBCU","","https://www.gmbcreditunion.com/file/budget/","index, follow, max-image-preview:large, max-snippet:-1, max-video-preview:-1","","Budget 2025","1","Budget 2025 | GMBCU","","","summary_large_image","WebPage|BreadcrumbList|WebSite","6","1","26","6","file-single","2025-02-13T10:57:42+00:00","2025-02-13T10:57:42+00:00","sitemap","","source/html/file/budget/index.html",""
"https://www.gmbcreditunion.com/file/bullying-and-harrassment/","200","","","text/html","Bullying and Harrassment | GMBCU","","https://www.gmbcreditunion.com/file/bullying-and-harrassment/","index, follow, max-image-preview:large, max-snippet:-1, max-video-preview:-1","","Bullying and Harrassment","1","Bullying and Harrassment | GMBCU","","","summary_large_image","WebPage|BreadcrumbList|WebSite","7","1","26","6","file-single","2024-06-07T10:23:13+00:00","2024-06-07T10:23:13+00:00","sitemap","","source/html/file/bullying-and-harrassment/index.html",""
"https://www.gmbcreditunion.com/file/business-continuity-plan/","200","","","text/html","Business Continuity Plan | GMBCU","","https://www.gmbcreditunion.com/file/business-continuity-plan/","index, follow, max-image-preview:large, max-snippet:-1, max-video-preview:-1","","Business Continuity Plan","1","Business Continuity Plan | GMBCU","","","summary_large_image","WebPage|BreadcrumbList|WebSite","7","0","26","6","file-single","2024-05-23T11:24:33+00:00","2024-05-23T11:24:33+00:00","sitemap","","source/html/file/business-continuity-plan/index.html",""
"https://www.gmbcreditunion.com/file/business-plan-2024/","200","","","text/html","Business Plan 2024 | GMBCU","","https://www.gmbcreditunion.com/file/business-plan-2024/","index, follow, max-image-preview:large, max-snippet:-1, max-video-preview:-1","","Business Plan 2024","1","Business Plan 2024 | GMBCU","","","summary_large_image","WebPage|BreadcrumbList|WebSite","7","1","26","6","file-single","2024-05-13T13:37:36+00:00","2024-05-13T13:37:36+00:00","sitemap","","source/html/file/business-plan-2024/index.html",""
"https://www.gmbcreditunion.com/file/business-plan-2025/","200","","","text/html","Business Plan 2025 | GMBCU","","https://www.gmbcreditunion.com/file/business-plan-2025/","index, follow, max-image-preview:large, max-snippet:-1, max-video-preview:-1","","Business Plan 2025","1","Business Plan 2025 | GMBCU","","","summary_large_image","WebPage|BreadcrumbList|WebSite","7","1","26","6","file-single","2025-03-27T14:57:15+00:00","2025-03-27T14:57:15+00:00","sitemap","","source/html/file/business-plan-2025/index.html",""
"https://www.gmbcreditunion.com/file/business-plan/","200","","","text/html","Business Plan 2023 | GMBCU","","https://www.gmbcreditunion.com/file/business-plan/","index, follow, max-image-preview:large, max-snippet:-1, max-video-preview:-1","","Business Plan 2023","1","Business Plan 2023 | GMBCU","","","summary_large_image","WebPage|BreadcrumbList|WebSite","7","1","26","6","file-single","2024-04-19T11:04:27+00:00","2024-04-19T11:04:27+00:00","sitemap","","source/html/file/business-plan/index.html",""
"https://www.gmbcreditunion.com/file/capability-and-performance-management/","200","","","text/html","Capability and Performance Management | GMBCU","","https://www.gmbcreditunion.com/file/capability-and-performance-management/","index, follow, max-image-preview:large, max-snippet:-1, max-video-preview:-1","","Capability and Performance Management","1","Capability and Performance Management | GMBCU","","","summary_large_image","WebPage|BreadcrumbList|WebSite","8","0","26","6","file-single","2023-08-31T18:48:28+00:00","2023-08-31T18:48:28+00:00","sitemap","","source/html/file/capability-and-performance-management/index.html",""
"https://www.gmbcreditunion.com/file/code-of-governance-for-gmbcu-board/","200","","","text/html","Code of Governance for GMBCU Board | GMBCU","","https://www.gmbcreditunion.com/file/code-of-governance-for-gmbcu-board/","index, follow, max-image-preview:large, max-snippet:-1, max-video-preview:-1","","Code of Governance for GMBCU Board","1","Code of Governance for GMBCU Board | GMBCU","","","summary_large_image","WebPage|BreadcrumbList|WebSite","10","0","26","6","file-single","2024-05-15T09:12:32+00:00","2024-05-15T09:12:32+00:00","sitemap","","source/html/file/code-of-governance-for-gmbcu-board/index.html",""
"https://www.gmbcreditunion.com/file/compassionate-leave/","200","","","text/html","Compassionate Leave | GMBCU","","https://www.gmbcreditunion.com/file/compassionate-leave/","index, follow, max-image-preview:large, max-snippet:-1, max-video-preview:-1","","Compassionate Leave","1","Compassionate Leave | GMBCU","","","summary_large_image","WebPage|BreadcrumbList|WebSite","6","1","26","6","file-single","2024-06-07T10:16:10+00:00","2024-06-07T10:16:10+00:00","sitemap","","source/html/file/compassionate-leave/index.html",""
"https://www.gmbcreditunion.com/file/complaint-handling-policy-and-procedures/","200","","","text/html","Complaint Handling Policy and Procedures | GMBCU","","https://www.gmbcreditunion.com/file/complaint-handling-policy-and-procedures/","index, follow, max-image-preview:large, max-snippet:-1, max-video-preview:-1","","Complaint Handling Policy and Procedures","1","Complaint Handling Policy and Procedures | GMBCU","","","summary_large_image","WebPage|BreadcrumbList|WebSite","9","0","26","6","file-single","2024-05-23T11:26:59+00:00","2024-05-23T11:26:59+00:00","sitemap","","source/html/file/complaint-handling-policy-and-procedures/index.html",""
"https://www.gmbcreditunion.com/file/complaints-directors-report/","200","","","text/html","Complaints Director's Report | GMBCU","","https://www.gmbcreditunion.com/file/complaints-directors-report/","index, follow, max-image-preview:large, max-snippet:-1, max-video-preview:-1","","Complaints Director’s Report","1","Complaints Director's Report | GMBCU","","","summary_large_image","WebPage|BreadcrumbList|WebSite","7","0","26","6","file-single","2024-03-06T16:52:57+00:00","2024-03-06T16:52:57+00:00","sitemap","","source/html/file/complaints-directors-report/index.html",""
"https://www.gmbcreditunion.com/file/compliance-framework-policies-and-procedures/","200","","","text/html","Compliance Framework Policies and Procedures | GMBCU","","https://www.gmbcreditunion.com/file/compliance-framework-policies-and-procedures/","index, follow, max-image-preview:large, max-snippet:-1, max-video-preview:-1","","Compliance Framework Policies and Procedures","1","Compliance Framework Policies and Procedures | GMBCU","","","summary_large_image","WebPage|BreadcrumbList|WebSite","9","0","26","6","file-single","2024-06-07T11:40:46+00:00","2024-06-07T11:40:46+00:00","sitemap","","source/html/file/compliance-framework-policies-and-procedures/index.html",""
"https://www.gmbcreditunion.com/file/confidentiality-policy-declaration/","200","","","text/html","Confidentiality Policy & Declaration | GMBCU","","https://www.gmbcreditunion.com/file/confidentiality-policy-declaration/","index, follow, max-image-preview:large, max-snippet:-1, max-video-preview:-1","","Confidentiality Policy & Declaration","1","Confidentiality Policy & Declaration | GMBCU","","","summary_large_image","WebPage|BreadcrumbList|WebSite","8","1","26","6","file-single","2024-05-23T12:13:09+00:00","2024-05-23T12:13:09+00:00","sitemap","","source/html/file/confidentiality-policy-declaration/index.html",""
"https://www.gmbcreditunion.com/file/conflicts-of-interest-policy/","200","","","text/html","Conflicts of Interest Policy | GMBCU","","https://www.gmbcreditunion.com/file/conflicts-of-interest-policy/","index, follow, max-image-preview:large, max-snippet:-1, max-video-preview:-1","","Conflicts of Interest Policy","1","Conflicts of Interest Policy | GMBCU","","","summary_large_image","WebPage|BreadcrumbList|WebSite","8","0","26","6","file-single","2024-05-23T11:28:08+00:00","2024-05-23T11:28:08+00:00","sitemap","","source/html/file/conflicts-of-interest-policy/index.html",""
"https://www.gmbcreditunion.com/file/consumer-duty-implementation-plan/","200","","","text/html","Consumer Duty Implementation Plan | GMBCU","","https://www.gmbcreditunion.com/file/consumer-duty-implementation-plan/","index, follow, max-image-preview:large, max-snippet:-1, max-video-preview:-1","","Consumer Duty Implementation Plan","1","Consumer Duty Implementation Plan | GMBCU","","","summary_large_image","WebPage|BreadcrumbList|WebSite","8","1","26","6","file-single","2024-05-23T12:15:08+00:00","2024-05-23T12:15:08+00:00","sitemap","","source/html/file/consumer-duty-implementation-plan/index.html",""
"https://www.gmbcreditunion.com/file/consumer-duty-treating-members-fairly-policy/","200","","","text/html","Consumer Duty & Treating Members Fairly Policy | GMBCU","","https://www.gmbcreditunion.com/file/consumer-duty-treating-members-fairly-policy/","index, follow, max-image-preview:large, max-snippet:-1, max-video-preview:-1","","Consumer Duty & Treating Members Fairly Policy","1","Consumer Duty & Treating Members Fairly Policy | GMBCU","","","summary_large_image","WebPage|BreadcrumbList|WebSite","11","1","26","6","file-single","2024-05-23T12:14:18+00:00","2024-05-23T12:14:18+00:00","sitemap","","source/html/file/consumer-duty-treating-members-fairly-policy/index.html",""
"https://www.gmbcreditunion.com/file/consumer-duty/","200","","","text/html","Consumer Duty Framework | GMBCU","","https://www.gmbcreditunion.com/file/consumer-duty/","index, follow, max-image-preview:large, max-snippet:-1, max-video-preview:-1","","Consumer Duty Framework","1","Consumer Duty Framework | GMBCU","","","summary_large_image","WebPage|BreadcrumbList|WebSite","7","0","26","6","file-single","2024-05-23T11:29:07+00:00","2024-05-23T11:29:07+00:00","sitemap","","source/html/file/consumer-duty/index.html",""
"https://www.gmbcreditunion.com/file/credit-control-policy/","200","","","text/html","Credit Control Policy | GMBCU","","https://www.gmbcreditunion.com/file/credit-control-policy/","index, follow, max-image-preview:large, max-snippet:-1, max-video-preview:-1","","Credit Control Policy","1","Credit Control Policy | GMBCU","","","summary_large_image","WebPage|BreadcrumbList|WebSite","7","0","26","6","file-single","2024-05-23T11:29:58+00:00","2024-05-23T11:29:58+00:00","sitemap","","source/html/file/credit-control-policy/index.html",""
"https://www.gmbcreditunion.com/file/cyber-information-policy/","200","","","text/html","Cyber & Information Policy | GMBCU","","https://www.gmbcreditunion.com/file/cyber-information-policy/","index, follow, max-image-preview:large, max-snippet:-1, max-video-preview:-1","","Cyber & Information Policy","1","Cyber & Information Policy | GMBCU","","","summary_large_image","WebPage|BreadcrumbList|WebSite","8","0","26","6","file-single","2024-05-23T11:31:54+00:00","2024-05-23T11:31:54+00:00","sitemap","","source/html/file/cyber-information-policy/index.html",""
"https://www.gmbcreditunion.com/file/disciplinary-procedure/","200","","","text/html","Disciplinary Procedure | GMBCU","","https://www.gmbcreditunion.com/file/disciplinary-procedure/","index, follow, max-image-preview:large, max-snippet:-1, max-video-preview:-1","","Disciplinary Procedure","1","Disciplinary Procedure | GMBCU","","","summary_large_image","WebPage|BreadcrumbList|WebSite","6","0","26","6","file-single","2023-08-31T18:51:27+00:00","2023-08-31T18:51:27+00:00","sitemap","","source/html/file/disciplinary-procedure/index.html",""
"https://www.gmbcreditunion.com/file/emergency-dependants-leave/","200","","","text/html","Emergency Dependants Leave | GMBCU","","https://www.gmbcreditunion.com/file/emergency-dependants-leave/","index, follow, max-image-preview:large, max-snippet:-1, max-video-preview:-1","","Emergency Dependants Leave","1","Emergency Dependants Leave | GMBCU","","","summary_large_image","WebPage|BreadcrumbList|WebSite","7","0","26","6","file-single","2023-08-31T18:51:40+00:00","2023-08-31T18:51:40+00:00","sitemap","","source/html/file/emergency-dependants-leave/index.html",""
"https://www.gmbcreditunion.com/file/employment-terms-conditions/","200","","","text/html","Employment Terms & Conditions | GMBCU","","https://www.gmbcreditunion.com/file/employment-terms-conditions/","index, follow, max-image-preview:large, max-snippet:-1, max-video-preview:-1","","Employment Terms & Conditions","1","Employment Terms & Conditions | GMBCU","","","summary_large_image","WebPage|BreadcrumbList|WebSite","8","0","26","6","file-single","2023-08-31T18:51:53+00:00","2023-08-31T18:51:53+00:00","sitemap","","source/html/file/employment-terms-conditions/index.html",""
"https://www.gmbcreditunion.com/file/equality-diversity-inclusion/","200","","","text/html","Equality Diversity & Inclusion | GMBCU","","https://www.gmbcreditunion.com/file/equality-diversity-inclusion/","index, follow, max-image-preview:large, max-snippet:-1, max-video-preview:-1","","Equality Diversity & Inclusion","1","Equality Diversity & Inclusion | GMBCU","","","summary_large_image","WebPage|BreadcrumbList|WebSite","8","0","26","6","file-single","2024-05-24T08:52:12+00:00","2024-05-24T08:52:12+00:00","sitemap","","source/html/file/equality-diversity-inclusion/index.html",""
"https://www.gmbcreditunion.com/file/february-2023-marketing-overview/","200","","","text/html","February 2023 - marketing overview | GMBCU","","https://www.gmbcreditunion.com/file/february-2023-marketing-overview/","index, follow, max-image-preview:large, max-snippet:-1, max-video-preview:-1","","February 2023 – marketing overview","1","February 2023 - marketing overview | GMBCU","","","summary_large_image","WebPage|BreadcrumbList|WebSite","9","1","26","6","file-single","2023-08-31T18:10:24+00:00","2023-08-31T18:10:24+00:00","sitemap","","source/html/file/february-2023-marketing-overview/index.html",""
"https://www.gmbcreditunion.com/file/february-2023-monthly-loan-stats/","200","","","text/html","February 2023 - monthly loan stats | GMBCU","","https://www.gmbcreditunion.com/file/february-2023-monthly-loan-stats/","index, follow, max-image-preview:large, max-snippet:-1, max-video-preview:-1","","February 2023 – monthly loan stats","1","February 2023 - monthly loan stats | GMBCU","","","summary_large_image","WebPage|BreadcrumbList|WebSite","10","1","26","6","file-single","2023-08-31T18:11:16+00:00","2023-08-31T18:11:16+00:00","sitemap","","source/html/file/february-2023-monthly-loan-stats/index.html",""
"https://www.gmbcreditunion.com/file/february-2023-monthly-processing-stats/","200","","","text/html","February 2023 - monthly processing stats | GMBCU","","https://www.gmbcreditunion.com/file/february-2023-monthly-processing-stats/","index, follow, max-image-preview:large, max-snippet:-1, max-video-preview:-1","","February 2023 – monthly processing stats","1","February 2023 - monthly processing stats | GMBCU","","","summary_large_image","WebPage|BreadcrumbList|WebSite","10","1","26","6","file-single","2023-08-31T18:11:43+00:00","2023-08-31T18:11:43+00:00","sitemap","","source/html/file/february-2023-monthly-processing-stats/index.html",""
"https://www.gmbcreditunion.com/file/february-2023-monthly-report/","200","","","text/html","February 2023 - monthly report | GMBCU","","https://www.gmbcreditunion.com/file/february-2023-monthly-report/","index, follow, max-image-preview:large, max-snippet:-1, max-video-preview:-1","","February 2023 – monthly report","1","February 2023 - monthly report | GMBCU","","","summary_large_image","WebPage|BreadcrumbList|WebSite","9","1","26","6","file-single","2023-08-31T18:12:00+00:00","2023-08-31T18:12:00+00:00","sitemap","","source/html/file/february-2023-monthly-report/index.html",""
"https://www.gmbcreditunion.com/file/financial-management-policy/","200","","","text/html","Financial Management Policy | GMBCU","","https://www.gmbcreditunion.com/file/financial-management-policy/","index, follow, max-image-preview:large, max-snippet:-1, max-video-preview:-1","","Financial Management Policy","1","Financial Management Policy | GMBCU","","","summary_large_image","WebPage|BreadcrumbList|WebSite","7","0","26","6","file-single","2024-05-15T09:12:18+00:00","2024-05-15T09:12:18+00:00","sitemap","","source/html/file/financial-management-policy/index.html",""
"https://www.gmbcreditunion.com/file/financial-promotions-policy/","200","","","text/html","Financial Promotions Policy | GMBCU","","https://www.gmbcreditunion.com/file/financial-promotions-policy/","index, follow, max-image-preview:large, max-snippet:-1, max-video-preview:-1","","Financial Promotions Policy","1","Financial Promotions Policy | GMBCU","","","summary_large_image","WebPage|BreadcrumbList|WebSite","7","0","26","6","file-single","2024-05-23T11:50:46+00:00","2024-05-23T11:50:46+00:00","sitemap","","source/html/file/financial-promotions-policy/index.html",""
"https://www.gmbcreditunion.com/file/flexible-working/","200","","","text/html","Flexible Working | GMBCU","","https://www.gmbcreditunion.com/file/flexible-working/","index, follow, max-image-preview:large, max-snippet:-1, max-video-preview:-1","","Flexible Working","1","Flexible Working | GMBCU","","","summary_large_image","WebPage|BreadcrumbList|WebSite","6","0","26","6","file-single","2023-08-31T18:52:30+00:00","2023-08-31T18:52:30+00:00","sitemap","","source/html/file/flexible-working/index.html",""
"https://www.gmbcreditunion.com/file/friends-of-gmbcu-prize-draw-report/","200","","","text/html","Friends of GMBCU Prize Draw Report | GMBCU","","https://www.gmbcreditunion.com/file/friends-of-gmbcu-prize-draw-report/","index, follow, max-image-preview:large, max-snippet:-1, max-video-preview:-1","","Friends of GMBCU Prize Draw Report","1","Friends of GMBCU Prize Draw Report | GMBCU","","","summary_large_image","WebPage|BreadcrumbList|WebSite","10","0","26","6","file-single","2024-03-06T16:51:19+00:00","2024-03-06T16:51:19+00:00","sitemap","","source/html/file/friends-of-gmbcu-prize-draw-report/index.html",""
"https://www.gmbcreditunion.com/file/gifts-hospitality-policy/","200","","","text/html","Gifts & Hospitality Policy | GMBCU","","https://www.gmbcreditunion.com/file/gifts-hospitality-policy/","index, follow, max-image-preview:large, max-snippet:-1, max-video-preview:-1","","Gifts & Hospitality Policy","1","Gifts & Hospitality Policy | GMBCU","","","summary_large_image","WebPage|BreadcrumbList|WebSite","8","0","26","6","file-single","2024-05-23T11:53:20+00:00","2024-05-23T11:53:20+00:00","sitemap","","source/html/file/gifts-hospitality-policy/index.html",""
"https://www.gmbcreditunion.com/file/gmb-risk-appetite-statements-2023/","200","","","text/html","GMB Risk Appetite Statements 2023 | GMBCU","","https://www.gmbcreditunion.com/file/gmb-risk-appetite-statements-2023/","index, follow, max-image-preview:large, max-snippet:-1, max-video-preview:-1","","GMB Risk Appetite Statements 2023","1","GMB Risk Appetite Statements 2023 | GMBCU","","","summary_large_image","WebPage|BreadcrumbList|WebSite","9","0","26","6","file-single","2023-08-31T18:52:56+00:00","2023-08-31T18:52:56+00:00","sitemap","","source/html/file/gmb-risk-appetite-statements-2023/index.html",""
"https://www.gmbcreditunion.com/file/gmbcu-board-evaluation/","200","","","text/html","GMBCU Board Evaluation | GMBCU","","https://www.gmbcreditunion.com/file/gmbcu-board-evaluation/","index, follow, max-image-preview:large, max-snippet:-1, max-video-preview:-1","","GMBCU Board Evaluation","1","GMBCU Board Evaluation | GMBCU","","","summary_large_image","WebPage|BreadcrumbList|WebSite","7","0","26","6","file-single","2024-05-15T09:12:04+00:00","2024-05-15T09:12:04+00:00","sitemap","","source/html/file/gmbcu-board-evaluation/index.html",""
"https://www.gmbcreditunion.com/file/gmbcu-confidentiality-policy-declaration-form-2024/","200","","","text/html","GMBCU Confidentiality Policy Declaration Form 2024 | GMBCU","","https://www.gmbcreditunion.com/file/gmbcu-confidentiality-policy-declaration-form-2024/","index, follow, max-image-preview:large, max-snippet:-1, max-video-preview:-1","","GMBCU Confidentiality Policy Declaration Form 2024","1","GMBCU Confidentiality Policy Declaration Form 2024 | GMBCU","","","summary_large_image","WebPage|BreadcrumbList|WebSite","10","1","26","6","file-single","2024-05-15T14:11:17+00:00","2024-05-15T14:11:17+00:00","sitemap","","source/html/file/gmbcu-confidentiality-policy-declaration-form-2024/index.html",""
"https://www.gmbcreditunion.com/file/gmbcu-director-recruitment-and-succession/","200","","","text/html","GMBCU Director Recruitment and Succession | GMBCU","","https://www.gmbcreditunion.com/file/gmbcu-director-recruitment-and-succession/","index, follow, max-image-preview:large, max-snippet:-1, max-video-preview:-1","","GMBCU Director Recruitment and Succession","1","GMBCU Director Recruitment and Succession | GMBCU","","","summary_large_image","WebPage|BreadcrumbList|WebSite","9","0","26","6","file-single","2024-05-15T09:11:51+00:00","2024-05-15T09:11:51+00:00","sitemap","","source/html/file/gmbcu-director-recruitment-and-succession/index.html",""
"https://www.gmbcreditunion.com/file/gmbcu-organisational-chart-2024/","200","","","text/html","GMBCU Organisational Chart 2024 | GMBCU","","https://www.gmbcreditunion.com/file/gmbcu-organisational-chart-2024/","index, follow, max-image-preview:large, max-snippet:-1, max-video-preview:-1","","GMBCU Organisational Chart 2024","1","GMBCU Organisational Chart 2024 | GMBCU","","","summary_large_image","WebPage|BreadcrumbList|WebSite","8","0","26","6","file-single","2024-05-15T09:11:40+00:00","2024-05-15T09:11:40+00:00","sitemap","","source/html/file/gmbcu-organisational-chart-2024/index.html",""
"https://www.gmbcreditunion.com/file/gmbcu-risk-appetite-statement-2024/","200","","","text/html","GMBCU Risk Appetite Statement 2024 | GMBCU","","https://www.gmbcreditunion.com/file/gmbcu-risk-appetite-statement-2024/","index, follow, max-image-preview:large, max-snippet:-1, max-video-preview:-1","","GMBCU Risk Appetite Statement 2024","1","GMBCU Risk Appetite Statement 2024 | GMBCU","","","summary_large_image","WebPage|BreadcrumbList|WebSite","9","1","26","6","file-single","2024-04-19T10:43:38+00:00","2024-04-19T10:43:38+00:00","sitemap","","source/html/file/gmbcu-risk-appetite-statement-2024/index.html",""
"https://www.gmbcreditunion.com/file/governance-and-senior-management/","200","","","text/html","Governance and Senior Management Framework | GMBCU","","https://www.gmbcreditunion.com/file/governance-and-senior-management/","index, follow, max-image-preview:large, max-snippet:-1, max-video-preview:-1","","Governance and Senior Management Framework","1","Governance and Senior Management Framework | GMBCU","","","summary_large_image","WebPage|BreadcrumbList|WebSite","9","0","26","6","file-single","2024-05-23T11:56:18+00:00","2024-05-23T11:56:18+00:00","sitemap","","source/html/file/governance-and-senior-management/index.html",""
"https://www.gmbcreditunion.com/file/governance-for-effective-boards/","200","","","text/html","Governance for Effective Boards | GMBCU","","https://www.gmbcreditunion.com/file/governance-for-effective-boards/","index, follow, max-image-preview:large, max-snippet:-1, max-video-preview:-1","","Governance for Effective Boards","1","Governance for Effective Boards | GMBCU","","","summary_large_image","WebPage|BreadcrumbList|WebSite","8","0","26","6","file-single","2024-05-15T09:11:17+00:00","2024-05-15T09:11:17+00:00","sitemap","","source/html/file/governance-for-effective-boards/index.html",""
"https://www.gmbcreditunion.com/file/governance-roles/","200","","","text/html","Governance Roles | GMBCU","","https://www.gmbcreditunion.com/file/governance-roles/","index, follow, max-image-preview:large, max-snippet:-1, max-video-preview:-1","","Governance Roles","1","Governance Roles | GMBCU","","","summary_large_image","WebPage|BreadcrumbList|WebSite","6","0","26","6","file-single","2024-05-23T11:57:05+00:00","2024-05-23T11:57:05+00:00","sitemap","","source/html/file/governance-roles/index.html",""
"https://www.gmbcreditunion.com/file/governance-statement-on-authorities/","200","","","text/html","Governance Statement on Authorities | GMBCU","","https://www.gmbcreditunion.com/file/governance-statement-on-authorities/","index, follow, max-image-preview:large, max-snippet:-1, max-video-preview:-1","","Governance Statement on Authorities","1","Governance Statement on Authorities | GMBCU","","","summary_large_image","WebPage|BreadcrumbList|WebSite","8","0","26","6","file-single","2024-05-15T09:11:30+00:00","2024-05-15T09:11:30+00:00","sitemap","","source/html/file/governance-statement-on-authorities/index.html",""
"https://www.gmbcreditunion.com/file/governance/","200","","","text/html","Governance | GMBCU","","https://www.gmbcreditunion.com/file/governance/","index, follow, max-image-preview:large, max-snippet:-1, max-video-preview:-1","","Governance","1","Governance | GMBCU","","","summary_large_image","WebPage|BreadcrumbList|WebSite","5","0","26","6","file-single","2024-05-15T09:12:55+00:00","2024-05-15T09:12:55+00:00","sitemap","","source/html/file/governance/index.html",""
"https://www.gmbcreditunion.com/file/health-safety/","200","","","text/html","Health & Safety | GMBCU","","https://www.gmbcreditunion.com/file/health-safety/","index, follow, max-image-preview:large, max-snippet:-1, max-video-preview:-1","","Health & Safety","1","Health & Safety | GMBCU","","","summary_large_image","WebPage|BreadcrumbList|WebSite","7","0","26","6","file-single","2024-06-07T10:51:20+00:00","2024-06-07T10:51:20+00:00","sitemap","","source/html/file/health-safety/index.html",""
"https://www.gmbcreditunion.com/file/information-security-policy/","200","","","text/html","Information Security Policy | GMBCU","","https://www.gmbcreditunion.com/file/information-security-policy/","index, follow, max-image-preview:large, max-snippet:-1, max-video-preview:-1","","Information Security Policy","1","Information Security Policy | GMBCU","","","summary_large_image","WebPage|BreadcrumbList|WebSite","7","0","26","6","file-single","2024-05-23T11:57:53+00:00","2024-05-23T11:57:53+00:00","sitemap","","source/html/file/information-security-policy/index.html",""
"https://www.gmbcreditunion.com/file/it-infrastructure/","200","","","text/html","IT Infrastructure | GMBCU","","https://www.gmbcreditunion.com/file/it-infrastructure/","index, follow, max-image-preview:large, max-snippet:-1, max-video-preview:-1","","IT Infrastructure","1","IT Infrastructure | GMBCU","","","summary_large_image","WebPage|BreadcrumbList|WebSite","6","0","26","6","file-single","2024-05-23T11:58:38+00:00","2024-05-23T11:58:38+00:00","sitemap","","source/html/file/it-infrastructure/index.html",""
"https://www.gmbcreditunion.com/file/january-2023-marketing-overview/","200","","","text/html","January 2023 - marketing overview | GMBCU","","https://www.gmbcreditunion.com/file/january-2023-marketing-overview/","index, follow, max-image-preview:large, max-snippet:-1, max-video-preview:-1","","January 2023 – marketing overview","1","January 2023 - marketing overview | GMBCU","","","summary_large_image","WebPage|BreadcrumbList|WebSite","9","1","26","6","file-single","2023-08-31T18:03:02+00:00","2023-08-31T18:03:02+00:00","sitemap","","source/html/file/january-2023-marketing-overview/index.html",""
"https://www.gmbcreditunion.com/file/january-2023-monthly-loan-stat/","200","","","text/html","January 2023 - monthly loan stat | GMBCU","","https://www.gmbcreditunion.com/file/january-2023-monthly-loan-stat/","index, follow, max-image-preview:large, max-snippet:-1, max-video-preview:-1","","January 2023 – monthly loan stat","1","January 2023 - monthly loan stat | GMBCU","","","summary_large_image","WebPage|BreadcrumbList|WebSite","10","1","26","6","file-single","2023-08-31T18:06:59+00:00","2023-08-31T18:06:59+00:00","sitemap","","source/html/file/january-2023-monthly-loan-stat/index.html",""
"https://www.gmbcreditunion.com/file/january-2023-monthly-processing-stats/","200","","","text/html","January 2023 - monthly processing stats | GMBCU","","https://www.gmbcreditunion.com/file/january-2023-monthly-processing-stats/","index, follow, max-image-preview:large, max-snippet:-1, max-video-preview:-1","","January 2023 – monthly processing stats","1","January 2023 - monthly processing stats | GMBCU","","","summary_large_image","WebPage|BreadcrumbList|WebSite","10","1","26","6","file-single","2023-08-31T18:02:15+00:00","2023-08-31T18:02:15+00:00","sitemap","","source/html/file/january-2023-monthly-processing-stats/index.html",""
"https://www.gmbcreditunion.com/file/january-2023-monthly-report/","200","","","text/html","January 2023 - monthly report | GMBCU","","https://www.gmbcreditunion.com/file/january-2023-monthly-report/","index, follow, max-image-preview:large, max-snippet:-1, max-video-preview:-1","","January 2023 – monthly report","1","January 2023 - monthly report | GMBCU","","","summary_large_image","WebPage|BreadcrumbList|WebSite","9","1","26","6","file-single","2023-08-31T18:02:20+00:00","2023-08-31T18:02:20+00:00","sitemap","","source/html/file/january-2023-monthly-report/index.html",""
"https://www.gmbcreditunion.com/file/july-2023-marketing-overview/","200","","","text/html","July 2023 - marketing overview | GMBCU","","https://www.gmbcreditunion.com/file/july-2023-marketing-overview/","index, follow, max-image-preview:large, max-snippet:-1, max-video-preview:-1","","July 2023 – marketing overview","1","July 2023 - marketing overview | GMBCU","","","summary_large_image","WebPage|BreadcrumbList|WebSite","9","1","26","6","file-single","2023-08-31T18:35:51+00:00","2023-08-31T18:35:51+00:00","sitemap","","source/html/file/july-2023-marketing-overview/index.html",""
"https://www.gmbcreditunion.com/file/july-2023-monthly-loan-stats/","200","","","text/html","July 2023 - monthly loan stats | GMBCU","","https://www.gmbcreditunion.com/file/july-2023-monthly-loan-stats/","index, follow, max-image-preview:large, max-snippet:-1, max-video-preview:-1","","July 2023 – monthly loan stats","1","July 2023 - monthly loan stats | GMBCU","","","summary_large_image","WebPage|BreadcrumbList|WebSite","10","1","26","6","file-single","2023-08-31T22:10:41+00:00","2023-08-31T22:10:41+00:00","sitemap","","source/html/file/july-2023-monthly-loan-stats/index.html",""
"https://www.gmbcreditunion.com/file/july-2023-monthly-processing-stats/","200","","","text/html","July 2023 - monthly processing stats | GMBCU","","https://www.gmbcreditunion.com/file/july-2023-monthly-processing-stats/","index, follow, max-image-preview:large, max-snippet:-1, max-video-preview:-1","","July 2023 – monthly processing stats","1","July 2023 - monthly processing stats | GMBCU","","","summary_large_image","WebPage|BreadcrumbList|WebSite","10","1","26","6","file-single","2023-08-31T18:36:41+00:00","2023-08-31T18:36:41+00:00","sitemap","","source/html/file/july-2023-monthly-processing-stats/index.html",""
"https://www.gmbcreditunion.com/file/july-2023-monthly-report/","200","","","text/html","July 2023 - monthly report | GMBCU","","https://www.gmbcreditunion.com/file/july-2023-monthly-report/","index, follow, max-image-preview:large, max-snippet:-1, max-video-preview:-1","","July 2023 – monthly report","1","July 2023 - monthly report | GMBCU","","","summary_large_image","WebPage|BreadcrumbList|WebSite","9","1","26","6","file-single","2023-08-31T18:37:02+00:00","2023-08-31T18:37:02+00:00","sitemap","","source/html/file/july-2023-monthly-report/index.html",""
"https://www.gmbcreditunion.com/file/june-2023-marketing-overview/","200","","","text/html","June 2023 - marketing overview | GMBCU","","https://www.gmbcreditunion.com/file/june-2023-marketing-overview/","index, follow, max-image-preview:large, max-snippet:-1, max-video-preview:-1","","June 2023 – marketing overview","1","June 2023 - marketing overview | GMBCU","","","summary_large_image","WebPage|BreadcrumbList|WebSite","9","1","26","6","file-single","2023-08-31T18:30:32+00:00","2023-08-31T18:30:32+00:00","sitemap","","source/html/file/june-2023-marketing-overview/index.html",""
"https://www.gmbcreditunion.com/file/june-2023-monthly-loan-stats/","200","","","text/html","June 2023 - monthly loan stats | GMBCU","","https://www.gmbcreditunion.com/file/june-2023-monthly-loan-stats/","index, follow, max-image-preview:large, max-snippet:-1, max-video-preview:-1","","June 2023 – monthly loan stats","1","June 2023 - monthly loan stats | GMBCU","","","summary_large_image","WebPage|BreadcrumbList|WebSite","10","1","26","6","file-single","2023-08-31T18:30:21+00:00","2023-08-31T18:30:21+00:00","sitemap","","source/html/file/june-2023-monthly-loan-stats/index.html",""
"https://www.gmbcreditunion.com/file/june-2023-monthly-processing-stats/","200","","","text/html","June 2023 - monthly processing stats | GMBCU","","https://www.gmbcreditunion.com/file/june-2023-monthly-processing-stats/","index, follow, max-image-preview:large, max-snippet:-1, max-video-preview:-1","","June 2023 – monthly processing stats","1","June 2023 - monthly processing stats | GMBCU","","","summary_large_image","WebPage|BreadcrumbList|WebSite","10","1","26","6","file-single","2023-08-31T18:30:12+00:00","2023-08-31T18:30:12+00:00","sitemap","","source/html/file/june-2023-monthly-processing-stats/index.html",""
"https://www.gmbcreditunion.com/file/june-2023-monthly-report/","200","","","text/html","June 2023 - monthly report | GMBCU","","https://www.gmbcreditunion.com/file/june-2023-monthly-report/","index, follow, max-image-preview:large, max-snippet:-1, max-video-preview:-1","","June 2023 – monthly report","1","June 2023 - monthly report | GMBCU","","","summary_large_image","WebPage|BreadcrumbList|WebSite","9","1","26","6","file-single","2023-08-31T18:29:59+00:00","2023-08-31T18:29:59+00:00","sitemap","","source/html/file/june-2023-monthly-report/index.html",""
"https://www.gmbcreditunion.com/file/liquidity-policy/","200","","","text/html","Liquidity Policy | GMBCU","","https://www.gmbcreditunion.com/file/liquidity-policy/","index, follow, max-image-preview:large, max-snippet:-1, max-video-preview:-1","","Liquidity Policy","1","Liquidity Policy | GMBCU","","","summary_large_image","WebPage|BreadcrumbList|WebSite","6","0","26","6","file-single","2024-05-23T11:59:22+00:00","2024-05-23T11:59:22+00:00","sitemap","","source/html/file/liquidity-policy/index.html",""
"https://www.gmbcreditunion.com/file/loan-stats-april-2025/","200","","","text/html","Loan Stats - April 2025 | GMBCU","","https://www.gmbcreditunion.com/file/loan-stats-april-2025/","index, follow, max-image-preview:large, max-snippet:-1, max-video-preview:-1","","Loan Stats – April 2025","1","Loan Stats - April 2025 | GMBCU","","","summary_large_image","WebPage|BreadcrumbList|WebSite","9","1","26","6","file-single","2025-05-06T14:20:30+00:00","2025-05-06T14:20:30+00:00","sitemap","","source/html/file/loan-stats-april-2025/index.html",""
"https://www.gmbcreditunion.com/file/loan-stats-jan-2025/","200","","","text/html","Loan Stats - Jan 2025 | GMBCU","","https://www.gmbcreditunion.com/file/loan-stats-jan-2025/","index, follow, max-image-preview:large, max-snippet:-1, max-video-preview:-1","","Loan Stats – Jan 2025","1","Loan Stats - Jan 2025 | GMBCU","","","summary_large_image","WebPage|BreadcrumbList|WebSite","9","1","26","6","file-single","2025-02-03T15:27:41+00:00","2025-02-03T15:27:41+00:00","sitemap","","source/html/file/loan-stats-jan-2025/index.html",""
"https://www.gmbcreditunion.com/file/loan-stats-july-2024/","200","","","text/html","Loan Stats - July 2024 | GMBCU","","https://www.gmbcreditunion.com/file/loan-stats-july-2024/","index, follow, max-image-preview:large, max-snippet:-1, max-video-preview:-1","","Loan Stats – July 2024","1","Loan Stats - July 2024 | GMBCU","","","summary_large_image","WebPage|BreadcrumbList|WebSite","9","1","26","6","file-single","2024-08-02T09:22:59+00:00","2024-08-02T09:22:59+00:00","sitemap","","source/html/file/loan-stats-july-2024/index.html",""
"https://www.gmbcreditunion.com/file/loan-stats-march-2024/","200","","","text/html","Loan Stats - March 2024 | GMBCU","","https://www.gmbcreditunion.com/file/loan-stats-march-2024/","index, follow, max-image-preview:large, max-snippet:-1, max-video-preview:-1","","Loan Stats – March 2024","1","Loan Stats - March 2024 | GMBCU","","","summary_large_image","WebPage|BreadcrumbList|WebSite","9","1","26","6","file-single","2024-04-04T12:50:58+00:00","2024-04-04T12:50:58+00:00","sitemap","","source/html/file/loan-stats-march-2024/index.html",""
"https://www.gmbcreditunion.com/file/loan-stats-march-2025/","200","","","text/html","Loan Stats - March 2025 | GMBCU","","https://www.gmbcreditunion.com/file/loan-stats-march-2025/","index, follow, max-image-preview:large, max-snippet:-1, max-video-preview:-1","","Loan Stats – March 2025","1","Loan Stats - March 2025 | GMBCU","","","summary_large_image","WebPage|BreadcrumbList|WebSite","9","1","26","6","file-single","2025-04-01T13:49:21+00:00","2025-04-01T13:49:21+00:00","sitemap","","source/html/file/loan-stats-march-2025/index.html",""
"https://www.gmbcreditunion.com/file/loan-stats-october-2023/","200","","","text/html","Loan Stats October 2023 | GMBCU","","https://www.gmbcreditunion.com/file/loan-stats-october-2023/","index, follow, max-image-preview:large, max-snippet:-1, max-video-preview:-1","","Loan Stats October 2023","1","Loan Stats October 2023 | GMBCU","","","summary_large_image","WebPage|BreadcrumbList|WebSite","8","1","26","6","file-single","2023-12-12T09:56:27+00:00","2023-12-12T09:56:27+00:00","sitemap","","source/html/file/loan-stats-october-2023/index.html",""
"https://www.gmbcreditunion.com/file/loans-policy/","200","","","text/html","Loans Policy | GMBCU","","https://www.gmbcreditunion.com/file/loans-policy/","index, follow, max-image-preview:large, max-snippet:-1, max-video-preview:-1","","Loans Policy","1","Loans Policy | GMBCU","","","summary_large_image","WebPage|BreadcrumbList|WebSite","6","0","26","6","file-single","2024-05-24T08:52:42+00:00","2024-05-24T08:52:42+00:00","sitemap","","source/html/file/loans-policy/index.html",""
"https://www.gmbcreditunion.com/file/march-2023-marketing-overview/","200","","","text/html","March 2023 - marketing overview | GMBCU","","https://www.gmbcreditunion.com/file/march-2023-marketing-overview/","index, follow, max-image-preview:large, max-snippet:-1, max-video-preview:-1","","March 2023 – marketing overview","1","March 2023 - marketing overview | GMBCU","","","summary_large_image","WebPage|BreadcrumbList|WebSite","9","1","26","6","file-single","2023-08-31T18:14:36+00:00","2023-08-31T18:14:36+00:00","sitemap","","source/html/file/march-2023-marketing-overview/index.html",""
"https://www.gmbcreditunion.com/file/march-2023-monthly-loan-stats/","200","","","text/html","March 2023 - monthly loan stats | GMBCU","","https://www.gmbcreditunion.com/file/march-2023-monthly-loan-stats/","index, follow, max-image-preview:large, max-snippet:-1, max-video-preview:-1","","March 2023 – monthly loan stats","1","March 2023 - monthly loan stats | GMBCU","","","summary_large_image","WebPage|BreadcrumbList|WebSite","10","1","26","6","file-single","2023-08-31T18:14:53+00:00","2023-08-31T18:14:53+00:00","sitemap","","source/html/file/march-2023-monthly-loan-stats/index.html",""
"https://www.gmbcreditunion.com/file/march-2023-monthly-processing-stats/","200","","","text/html","March 2023 - monthly processing stats | GMBCU","","https://www.gmbcreditunion.com/file/march-2023-monthly-processing-stats/","index, follow, max-image-preview:large, max-snippet:-1, max-video-preview:-1","","March 2023 – monthly processing stats","1","March 2023 - monthly processing stats | GMBCU","","","summary_large_image","WebPage|BreadcrumbList|WebSite","10","1","26","6","file-single","2023-08-31T18:15:16+00:00","2023-08-31T18:15:16+00:00","sitemap","","source/html/file/march-2023-monthly-processing-stats/index.html",""
"https://www.gmbcreditunion.com/file/march-2023-monthly-report/","200","","","text/html","March 2023 - monthly report | GMBCU","","https://www.gmbcreditunion.com/file/march-2023-monthly-report/","index, follow, max-image-preview:large, max-snippet:-1, max-video-preview:-1","","March 2023 – monthly report","1","March 2023 - monthly report | GMBCU","","","summary_large_image","WebPage|BreadcrumbList|WebSite","9","1","26","6","file-single","2023-08-31T18:15:38+00:00","2023-08-31T18:15:38+00:00","sitemap","","source/html/file/march-2023-monthly-report/index.html",""
"https://www.gmbcreditunion.com/file/marketing-overview-10/","200","","","text/html","Marketing Overview | GMBCU","","https://www.gmbcreditunion.com/file/marketing-overview-10/","index, follow, max-image-preview:large, max-snippet:-1, max-video-preview:-1","","Marketing Overview","1","Marketing Overview | GMBCU","","","summary_large_image","WebPage|BreadcrumbList|WebSite","6","1","26","6","file-single","2024-11-18T15:07:33+00:00","2024-11-18T15:07:33+00:00","sitemap","","source/html/file/marketing-overview-10/index.html",""
"https://www.gmbcreditunion.com/file/marketing-overview-11/","200","","","text/html","Marketing Overview | GMBCU","","https://www.gmbcreditunion.com/file/marketing-overview-11/","index, follow, max-image-preview:large, max-snippet:-1, max-video-preview:-1","","Marketing Overview","1","Marketing Overview | GMBCU","","","summary_large_image","WebPage|BreadcrumbList|WebSite","6","1","26","6","file-single","2024-12-09T15:04:17+00:00","2024-12-09T15:04:17+00:00","sitemap","","source/html/file/marketing-overview-11/index.html",""
"https://www.gmbcreditunion.com/file/marketing-overview-12/","200","","","text/html","Marketing Overview | GMBCU","","https://www.gmbcreditunion.com/file/marketing-overview-12/","index, follow, max-image-preview:large, max-snippet:-1, max-video-preview:-1","","Marketing Overview","1","Marketing Overview | GMBCU","","","summary_large_image","WebPage|BreadcrumbList|WebSite","6","1","26","6","file-single","2025-01-14T13:11:10+00:00","2025-01-14T13:11:10+00:00","sitemap","","source/html/file/marketing-overview-12/index.html",""
"https://www.gmbcreditunion.com/file/marketing-overview-13/","200","","","text/html","Marketing Overview | GMBCU","","https://www.gmbcreditunion.com/file/marketing-overview-13/","index, follow, max-image-preview:large, max-snippet:-1, max-video-preview:-1","","Marketing Overview","1","Marketing Overview | GMBCU","","","summary_large_image","WebPage|BreadcrumbList|WebSite","6","1","26","6","file-single","2025-02-17T15:26:33+00:00","2025-02-17T15:26:33+00:00","sitemap","","source/html/file/marketing-overview-13/index.html",""
"https://www.gmbcreditunion.com/file/marketing-overview-14/","200","","","text/html","Marketing Overview | GMBCU","","https://www.gmbcreditunion.com/file/marketing-overview-14/","index, follow, max-image-preview:large, max-snippet:-1, max-video-preview:-1","","Marketing Overview","1","Marketing Overview | GMBCU","","","summary_large_image","WebPage|BreadcrumbList|WebSite","6","1","26","6","file-single","2025-03-13T10:41:44+00:00","2025-03-13T10:41:44+00:00","sitemap","","source/html/file/marketing-overview-14/index.html",""
"https://www.gmbcreditunion.com/file/marketing-overview-15/","200","","","text/html","Marketing Overview | GMBCU","","https://www.gmbcreditunion.com/file/marketing-overview-15/","index, follow, max-image-preview:large, max-snippet:-1, max-video-preview:-1","","Marketing Overview","1","Marketing Overview | GMBCU","","","summary_large_image","WebPage|BreadcrumbList|WebSite","6","1","26","6","file-single","2025-04-09T11:16:45+00:00","2025-04-09T11:16:45+00:00","sitemap","","source/html/file/marketing-overview-15/index.html",""
"https://www.gmbcreditunion.com/file/marketing-overview-16/","200","","","text/html","Marketing Overview | GMBCU","","https://www.gmbcreditunion.com/file/marketing-overview-16/","index, follow, max-image-preview:large, max-snippet:-1, max-video-preview:-1","","Marketing Overview","1","Marketing Overview | GMBCU","","","summary_large_image","WebPage|BreadcrumbList|WebSite","6","1","26","6","file-single","2025-05-14T09:58:25+00:00","2025-05-14T09:58:25+00:00","sitemap","","source/html/file/marketing-overview-16/index.html",""
"https://www.gmbcreditunion.com/file/marketing-overview-17/","200","","","text/html","Marketing Overview | GMBCU","","https://www.gmbcreditunion.com/file/marketing-overview-17/","index, follow, max-image-preview:large, max-snippet:-1, max-video-preview:-1","","Marketing Overview","1","Marketing Overview | GMBCU","","","summary_large_image","WebPage|BreadcrumbList|WebSite","6","1","26","6","file-single","2025-06-09T14:58:33+00:00","2025-06-09T14:58:33+00:00","sitemap","","source/html/file/marketing-overview-17/index.html",""
"https://www.gmbcreditunion.com/file/marketing-overview-18/","200","","","text/html","Marketing overview | GMBCU","","https://www.gmbcreditunion.com/file/marketing-overview-18/","index, follow, max-image-preview:large, max-snippet:-1, max-video-preview:-1","","Marketing overview","1","Marketing overview | GMBCU","","","summary_large_image","WebPage|BreadcrumbList|WebSite","6","1","26","6","file-single","2025-07-25T13:54:57+00:00","2025-07-25T13:54:57+00:00","sitemap","","source/html/file/marketing-overview-18/index.html",""
"https://www.gmbcreditunion.com/file/marketing-overview-19/","200","","","text/html","Marketing Overview | GMBCU","","https://www.gmbcreditunion.com/file/marketing-overview-19/","index, follow, max-image-preview:large, max-snippet:-1, max-video-preview:-1","","Marketing Overview","1","Marketing Overview | GMBCU","","","summary_large_image","WebPage|BreadcrumbList|WebSite","6","1","26","6","file-single","2025-08-12T09:25:46+00:00","2025-08-12T09:25:46+00:00","sitemap","","source/html/file/marketing-overview-19/index.html",""
"https://www.gmbcreditunion.com/file/marketing-overview-2/","200","","","text/html","Marketing Overview | GMBCU","","https://www.gmbcreditunion.com/file/marketing-overview-2/","index, follow, max-image-preview:large, max-snippet:-1, max-video-preview:-1","","Marketing Overview","1","Marketing Overview | GMBCU","","","summary_large_image","WebPage|BreadcrumbList|WebSite","6","1","26","6","file-single","2024-01-02T16:50:56+00:00","2024-01-02T16:50:56+00:00","sitemap","","source/html/file/marketing-overview-2/index.html",""
"https://www.gmbcreditunion.com/file/marketing-overview-20/","200","","","text/html","Marketing Overview | GMBCU","","https://www.gmbcreditunion.com/file/marketing-overview-20/","index, follow, max-image-preview:large, max-snippet:-1, max-video-preview:-1","","Marketing Overview","1","Marketing Overview | GMBCU","","","summary_large_image","WebPage|BreadcrumbList|WebSite","6","1","26","6","file-single","2025-09-11T13:36:33+00:00","2025-09-11T13:36:33+00:00","sitemap","","source/html/file/marketing-overview-20/index.html",""
"https://www.gmbcreditunion.com/file/marketing-overview-21/","200","","","text/html","Marketing Overview | GMBCU","","https://www.gmbcreditunion.com/file/marketing-overview-21/","index, follow, max-image-preview:large, max-snippet:-1, max-video-preview:-1","","Marketing Overview","1","Marketing Overview | GMBCU","","","summary_large_image","WebPage|BreadcrumbList|WebSite","6","1","26","6","file-single","2026-01-06T11:46:30+00:00","2026-01-06T11:46:30+00:00","sitemap","","source/html/file/marketing-overview-21/index.html",""
"https://www.gmbcreditunion.com/file/marketing-overview-22/","200","","","text/html","Marketing Overview | GMBCU","","https://www.gmbcreditunion.com/file/marketing-overview-22/","index, follow, max-image-preview:large, max-snippet:-1, max-video-preview:-1","","Marketing Overview","1","Marketing Overview | GMBCU","","","summary_large_image","WebPage|BreadcrumbList|WebSite","6","1","26","6","file-single","2025-12-16T10:18:51+00:00","2025-12-16T10:18:51+00:00","sitemap","","source/html/file/marketing-overview-22/index.html",""
"https://www.gmbcreditunion.com/file/marketing-overview-23/","200","","","text/html","Marketing Overview | GMBCU","","https://www.gmbcreditunion.com/file/marketing-overview-23/","index, follow, max-image-preview:large, max-snippet:-1, max-video-preview:-1","","Marketing Overview","1","Marketing Overview | GMBCU","","","summary_large_image","WebPage|BreadcrumbList|WebSite","6","1","26","6","file-single","2026-01-19T15:09:46+00:00","2026-01-19T15:09:46+00:00","sitemap","","source/html/file/marketing-overview-23/index.html",""
"https://www.gmbcreditunion.com/file/marketing-overview-24/","200","","","text/html","Marketing Overview | GMBCU","","https://www.gmbcreditunion.com/file/marketing-overview-24/","index, follow, max-image-preview:large, max-snippet:-1, max-video-preview:-1","","Marketing Overview","1","Marketing Overview | GMBCU","","","summary_large_image","WebPage|BreadcrumbList|WebSite","6","1","26","6","file-single","2026-02-11T14:51:56+00:00","2026-02-11T14:51:56+00:00","sitemap","","source/html/file/marketing-overview-24/index.html",""
"https://www.gmbcreditunion.com/file/marketing-overview-25/","200","","","text/html","Marketing Overview | GMBCU","","https://www.gmbcreditunion.com/file/marketing-overview-25/","index, follow, max-image-preview:large, max-snippet:-1, max-video-preview:-1","","Marketing Overview","1","Marketing Overview | GMBCU","","","summary_large_image","WebPage|BreadcrumbList|WebSite","6","1","26","6","file-single","2026-03-09T14:46:18+00:00","2026-03-09T14:46:18+00:00","sitemap","","source/html/file/marketing-overview-25/index.html",""
"https://www.gmbcreditunion.com/file/marketing-overview-26/","200","","","text/html","Marketing Overview | GMBCU","","https://www.gmbcreditunion.com/file/marketing-overview-26/","index, follow, max-image-preview:large, max-snippet:-1, max-video-preview:-1","","Marketing Overview","1","Marketing Overview | GMBCU","","","summary_large_image","WebPage|BreadcrumbList|WebSite","6","1","26","6","file-single","2026-05-11T14:49:18+00:00","2026-05-11T14:49:18+00:00","sitemap","","source/html/file/marketing-overview-26/index.html",""
"https://www.gmbcreditunion.com/file/marketing-overview-27/","200","","","text/html","Marketing Overview | GMBCU","","https://www.gmbcreditunion.com/file/marketing-overview-27/","index, follow, max-image-preview:large, max-snippet:-1, max-video-preview:-1","","Marketing Overview","1","Marketing Overview | GMBCU","","","summary_large_image","WebPage|BreadcrumbList|WebSite","6","1","26","6","file-single","2026-05-11T14:48:42+00:00","2026-05-11T14:48:42+00:00","sitemap","","source/html/file/marketing-overview-27/index.html",""
"https://www.gmbcreditunion.com/file/marketing-overview-28/","200","","","text/html","Marketing Overview | GMBCU","","https://www.gmbcreditunion.com/file/marketing-overview-28/","index, follow, max-image-preview:large, max-snippet:-1, max-video-preview:-1","","Marketing Overview","1","Marketing Overview | GMBCU","","","summary_large_image","WebPage|BreadcrumbList|WebSite","6","1","26","6","file-single","2026-06-09T09:37:46+00:00","2026-06-09T09:37:46+00:00","sitemap","","source/html/file/marketing-overview-28/index.html",""
"https://www.gmbcreditunion.com/file/marketing-overview-29/","200","","","text/html","Marketing Overview | GMBCU","","https://www.gmbcreditunion.com/file/marketing-overview-29/","index, follow, max-image-preview:large, max-snippet:-1, max-video-preview:-1","","Marketing Overview","1","Marketing Overview | GMBCU","","","summary_large_image","WebPage|BreadcrumbList|WebSite","6","1","26","6","file-single","2026-08-12T10:32:24+00:00","2026-08-12T10:32:24+00:00","sitemap","","source/html/file/marketing-overview-29/index.html",""
"https://www.gmbcreditunion.com/file/marketing-overview-3/","200","","","text/html","Marketing Overview | GMBCU","","https://www.gmbcreditunion.com/file/marketing-overview-3/","index, follow, max-image-preview:large, max-snippet:-1, max-video-preview:-1","","Marketing Overview","1","Marketing Overview | GMBCU","","","summary_large_image","WebPage|BreadcrumbList|WebSite","6","1","26","6","file-single","2024-04-22T12:23:37+00:00","2024-04-22T12:23:37+00:00","sitemap","","source/html/file/marketing-overview-3/index.html",""
"https://www.gmbcreditunion.com/file/marketing-overview-30/","200","","","text/html","Marketing Overview | GMBCU","","https://www.gmbcreditunion.com/file/marketing-overview-30/","index, follow, max-image-preview:large, max-snippet:-1, max-video-preview:-1","","Marketing Overview","1","Marketing Overview | GMBCU","","","summary_large_image","WebPage|BreadcrumbList|WebSite","6","2","26","6","file-single","2026-08-19T08:13:25+00:00","2026-08-19T08:13:25+00:00","sitemap","","source/html/file/marketing-overview-30/index.html",""
"https://www.gmbcreditunion.com/file/marketing-overview-31/","200","","","text/html","Marketing Overview | GMBCU","","https://www.gmbcreditunion.com/file/marketing-overview-31/","index, follow, max-image-preview:large, max-snippet:-1, max-video-preview:-1","","Marketing Overview","1","Marketing Overview | GMBCU","","","summary_large_image","WebPage|BreadcrumbList|WebSite","6","2","26","6","file-single","2026-09-09T14:00:33+00:00","2026-09-09T14:00:33+00:00","sitemap","","source/html/file/marketing-overview-31/index.html",""
"https://www.gmbcreditunion.com/file/marketing-overview-4/","200","","","text/html","Marketing Overview | GMBCU","","https://www.gmbcreditunion.com/file/marketing-overview-4/","index, follow, max-image-preview:large, max-snippet:-1, max-video-preview:-1","","Marketing Overview","1","Marketing Overview | GMBCU","","","summary_large_image","WebPage|BreadcrumbList|WebSite","6","1","26","6","file-single","2024-05-23T15:14:32+00:00","2024-05-23T15:14:32+00:00","sitemap","","source/html/file/marketing-overview-4/index.html",""
"https://www.gmbcreditunion.com/file/marketing-overview-5/","200","","","text/html","Marketing Overview | GMBCU","","https://www.gmbcreditunion.com/file/marketing-overview-5/","index, follow, max-image-preview:large, max-snippet:-1, max-video-preview:-1","","Marketing Overview","1","Marketing Overview | GMBCU","","","summary_large_image","WebPage|BreadcrumbList|WebSite","6","1","26","6","file-single","2024-06-14T14:47:40+00:00","2024-06-14T14:47:40+00:00","sitemap","","source/html/file/marketing-overview-5/index.html",""
"https://www.gmbcreditunion.com/file/marketing-overview-6/","200","","","text/html","Marketing Overview | GMBCU","","https://www.gmbcreditunion.com/file/marketing-overview-6/","index, follow, max-image-preview:large, max-snippet:-1, max-video-preview:-1","","Marketing Overview","1","Marketing Overview | GMBCU","","","summary_large_image","WebPage|BreadcrumbList|WebSite","6","1","26","6","file-single","2024-07-11T11:56:29+00:00","2024-07-11T11:56:29+00:00","sitemap","","source/html/file/marketing-overview-6/index.html",""
"https://www.gmbcreditunion.com/file/marketing-overview-7/","200","","","text/html","Marketing Overview | GMBCU","","https://www.gmbcreditunion.com/file/marketing-overview-7/","index, follow, max-image-preview:large, max-snippet:-1, max-video-preview:-1","","Marketing Overview","1","Marketing Overview | GMBCU","","","summary_large_image","WebPage|BreadcrumbList|WebSite","6","1","26","6","file-single","2024-08-29T13:18:49+00:00","2024-08-29T13:18:49+00:00","sitemap","","source/html/file/marketing-overview-7/index.html",""
"https://www.gmbcreditunion.com/file/marketing-overview-8/","200","","","text/html","Marketing Overview | GMBCU","","https://www.gmbcreditunion.com/file/marketing-overview-8/","index, follow, max-image-preview:large, max-snippet:-1, max-video-preview:-1","","Marketing Overview","1","Marketing Overview | GMBCU","","","summary_large_image","WebPage|BreadcrumbList|WebSite","6","1","26","6","file-single","2024-09-16T09:50:35+00:00","2024-09-16T09:50:35+00:00","sitemap","","source/html/file/marketing-overview-8/index.html",""
"https://www.gmbcreditunion.com/file/marketing-overview-9/","200","","","text/html","Marketing Overview | GMBCU","","https://www.gmbcreditunion.com/file/marketing-overview-9/","index, follow, max-image-preview:large, max-snippet:-1, max-video-preview:-1","","Marketing Overview","1","Marketing Overview | GMBCU","","","summary_large_image","WebPage|BreadcrumbList|WebSite","6","1","26","6","file-single","2024-10-24T09:57:48+00:00","2024-10-24T09:57:48+00:00","sitemap","","source/html/file/marketing-overview-9/index.html",""
"https://www.gmbcreditunion.com/file/marketing-overview/","200","","","text/html","Marketing Overview | GMBCU","","https://www.gmbcreditunion.com/file/marketing-overview/","index, follow, max-image-preview:large, max-snippet:-1, max-video-preview:-1","","Marketing Overview","1","Marketing Overview | GMBCU","","","summary_large_image","WebPage|BreadcrumbList|WebSite","6","1","26","6","file-single","2023-11-28T13:50:40+00:00","2023-11-28T13:50:40+00:00","sitemap","","source/html/file/marketing-overview/index.html",""
"https://www.gmbcreditunion.com/file/marketing-report-december-2023/","200","","","text/html","Marketing report - December 2023 | GMBCU","","https://www.gmbcreditunion.com/file/marketing-report-december-2023/","index, follow, max-image-preview:large, max-snippet:-1, max-video-preview:-1","","Marketing report – December 2023","1","Marketing report - December 2023 | GMBCU","","","summary_large_image","WebPage|BreadcrumbList|WebSite","9","1","26","6","file-single","2024-01-19T10:26:12+00:00","2024-01-19T10:26:12+00:00","sitemap","","source/html/file/marketing-report-december-2023/index.html",""
"https://www.gmbcreditunion.com/file/marketing-report-february-2024/","200","","","text/html","Marketing report - February 2024 | GMBCU","","https://www.gmbcreditunion.com/file/marketing-report-february-2024/","index, follow, max-image-preview:large, max-snippet:-1, max-video-preview:-1","","Marketing report – February 2024","1","Marketing report - February 2024 | GMBCU","","","summary_large_image","WebPage|BreadcrumbList|WebSite","9","1","26","6","file-single","2024-03-19T11:51:47+00:00","2024-03-19T11:51:47+00:00","sitemap","","source/html/file/marketing-report-february-2024/index.html",""
"https://www.gmbcreditunion.com/file/marketing-report-january-2024/","200","","","text/html","Marketing report - January 2024 | GMBCU","","https://www.gmbcreditunion.com/file/marketing-report-january-2024/","index, follow, max-image-preview:large, max-snippet:-1, max-video-preview:-1","","Marketing report – January 2024","1","Marketing report - January 2024 | GMBCU","","","summary_large_image","WebPage|BreadcrumbList|WebSite","9","1","26","6","file-single","2024-02-13T11:14:35+00:00","2024-02-13T11:14:35+00:00","sitemap","","source/html/file/marketing-report-january-2024/index.html",""
"https://www.gmbcreditunion.com/file/maternity-paternity-adoption/","200","","","text/html","Maternity Paternity & Adoption | GMBCU","","https://www.gmbcreditunion.com/file/maternity-paternity-adoption/","index, follow, max-image-preview:large, max-snippet:-1, max-video-preview:-1","","Maternity Paternity & Adoption","1","Maternity Paternity & Adoption | GMBCU","","","summary_large_image","WebPage|BreadcrumbList|WebSite","8","0","26","6","file-single","2023-08-31T18:54:49+00:00","2023-08-31T18:54:49+00:00","sitemap","","source/html/file/maternity-paternity-adoption/index.html",""
"https://www.gmbcreditunion.com/file/may-2023-marketing-overview/","200","","","text/html","May 2023 - marketing overview | GMBCU","","https://www.gmbcreditunion.com/file/may-2023-marketing-overview/","index, follow, max-image-preview:large, max-snippet:-1, max-video-preview:-1","","May 2023 – marketing overview","1","May 2023 - marketing overview | GMBCU","","","summary_large_image","WebPage|BreadcrumbList|WebSite","9","1","26","6","file-single","2023-08-31T18:22:51+00:00","2023-08-31T18:22:51+00:00","sitemap","","source/html/file/may-2023-marketing-overview/index.html",""
"https://www.gmbcreditunion.com/file/may-2023-monthly-loan-stats/","200","","","text/html","May 2023 - monthly loan stats | GMBCU","","https://www.gmbcreditunion.com/file/may-2023-monthly-loan-stats/","index, follow, max-image-preview:large, max-snippet:-1, max-video-preview:-1","","May 2023 – monthly loan stats","1","May 2023 - monthly loan stats | GMBCU","","","summary_large_image","WebPage|BreadcrumbList|WebSite","10","1","26","6","file-single","2023-08-31T18:25:22+00:00","2023-08-31T18:25:22+00:00","sitemap","","source/html/file/may-2023-monthly-loan-stats/index.html",""
"https://www.gmbcreditunion.com/file/may-2023-monthly-processing-stats/","200","","","text/html","May 2023 - monthly processing stats | GMBCU","","https://www.gmbcreditunion.com/file/may-2023-monthly-processing-stats/","index, follow, max-image-preview:large, max-snippet:-1, max-video-preview:-1","","May 2023 – monthly processing stats","1","May 2023 - monthly processing stats | GMBCU","","","summary_large_image","WebPage|BreadcrumbList|WebSite","10","1","26","6","file-single","2023-08-31T18:26:12+00:00","2023-08-31T18:26:12+00:00","sitemap","","source/html/file/may-2023-monthly-processing-stats/index.html",""
"https://www.gmbcreditunion.com/file/may-2023-monthly-report/","200","","","text/html","May 2023 - monthly report | GMBCU","","https://www.gmbcreditunion.com/file/may-2023-monthly-report/","index, follow, max-image-preview:large, max-snippet:-1, max-video-preview:-1","","May 2023 – monthly report","1","May 2023 - monthly report | GMBCU","","","summary_large_image","WebPage|BreadcrumbList|WebSite","9","1","26","6","file-single","2023-08-31T18:27:22+00:00","2023-08-31T18:27:22+00:00","sitemap","","source/html/file/may-2023-monthly-report/index.html",""
"https://www.gmbcreditunion.com/file/member-processing-statistics-october-2025/","200","","","text/html","Member Processing Statistics - October 2025 | GMBCU","","https://www.gmbcreditunion.com/file/member-processing-statistics-october-2025/","index, follow, max-image-preview:large, max-snippet:-1, max-video-preview:-1","","Member Processing Statistics – October 2025","1","Member Processing Statistics - October 2025 | GMBCU","","","summary_large_image","WebPage|BreadcrumbList|WebSite","10","1","26","6","file-single","2025-11-03T14:56:35+00:00","2025-11-03T14:56:35+00:00","sitemap","","source/html/file/member-processing-statistics-october-2025/index.html",""
"https://www.gmbcreditunion.com/file/menopause/","200","","","text/html","Menopause | GMBCU","","https://www.gmbcreditunion.com/file/menopause/","index, follow, max-image-preview:large, max-snippet:-1, max-video-preview:-1","","Menopause","1","Menopause | GMBCU","","","summary_large_image","WebPage|BreadcrumbList|WebSite","5","0","26","6","file-single","2023-08-31T18:55:01+00:00","2023-08-31T18:55:01+00:00","sitemap","","source/html/file/menopause/index.html",""
"https://www.gmbcreditunion.com/file/minutes-of-the-2023-agm/","200","","","text/html","Minutes of the 2023 AGM | GMBCU","","https://www.gmbcreditunion.com/file/minutes-of-the-2023-agm/","index, follow, max-image-preview:large, max-snippet:-1, max-video-preview:-1","","Minutes of the 2023 AGM","1","Minutes of the 2023 AGM | GMBCU","","","summary_large_image","WebPage|BreadcrumbList|WebSite","9","0","26","6","file-single","2024-03-08T15:24:32+00:00","2024-03-08T15:24:32+00:00","sitemap","","source/html/file/minutes-of-the-2023-agm/index.html",""
"https://www.gmbcreditunion.com/file/money-laundering-officers-report/","200","","","text/html","Money Laundering Officer's Report | GMBCU","","https://www.gmbcreditunion.com/file/money-laundering-officers-report/","index, follow, max-image-preview:large, max-snippet:-1, max-video-preview:-1","","Money Laundering Officer’s Report","1","Money Laundering Officer's Report | GMBCU","","","summary_large_image","WebPage|BreadcrumbList|WebSite","8","0","26","6","file-single","2024-03-06T16:52:01+00:00","2024-03-06T16:52:01+00:00","sitemap","","source/html/file/money-laundering-officers-report/index.html",""
"https://www.gmbcreditunion.com/file/monthly-loan-stats-april-2024/","200","","","text/html","Monthly Loan Stats - April 2024 | GMBCU","","https://www.gmbcreditunion.com/file/monthly-loan-stats-april-2024/","index, follow, max-image-preview:large, max-snippet:-1, max-video-preview:-1","","Monthly Loan Stats – April 2024","1","Monthly Loan Stats - April 2024 | GMBCU","","","summary_large_image","WebPage|BreadcrumbList|WebSite","10","1","26","6","file-single","2024-05-02T08:23:40+00:00","2024-05-02T08:23:40+00:00","sitemap","","source/html/file/monthly-loan-stats-april-2024/index.html",""
"https://www.gmbcreditunion.com/file/monthly-loan-stats-april-2026/","200","","","text/html","Monthly Loan Stats – April 2026 | GMBCU","","https://www.gmbcreditunion.com/file/monthly-loan-stats-april-2026/","index, follow, max-image-preview:large, max-snippet:-1, max-video-preview:-1","","Monthly Loan Stats – April 2026","1","Monthly Loan Stats – April 2026 | GMBCU","","","summary_large_image","WebPage|BreadcrumbList|WebSite","10","1","26","6","file-single","2026-05-05T09:36:34+00:00","2026-05-05T09:36:34+00:00","sitemap","","source/html/file/monthly-loan-stats-april-2026/index.html",""
"https://www.gmbcreditunion.com/file/monthly-loan-stats-august-2024/","200","","","text/html","Monthly Loan Stats - August 2024 | GMBCU","","https://www.gmbcreditunion.com/file/monthly-loan-stats-august-2024/","index, follow, max-image-preview:large, max-snippet:-1, max-video-preview:-1","","Monthly Loan Stats – August 2024","1","Monthly Loan Stats - August 2024 | GMBCU","","","summary_large_image","WebPage|BreadcrumbList|WebSite","10","1","26","6","file-single","2024-09-03T10:35:22+00:00","2024-09-03T10:35:22+00:00","sitemap","","source/html/file/monthly-loan-stats-august-2024/index.html",""
"https://www.gmbcreditunion.com/file/monthly-loan-stats-august-2025/","200","","","text/html","Monthly Loan Stats - August 2025 | GMBCU","","https://www.gmbcreditunion.com/file/monthly-loan-stats-august-2025/","index, follow, max-image-preview:large, max-snippet:-1, max-video-preview:-1","","Monthly Loan Stats – August 2025","1","Monthly Loan Stats - August 2025 | GMBCU","","","summary_large_image","WebPage|BreadcrumbList|WebSite","10","1","26","6","file-single","2025-09-02T11:52:10+00:00","2025-09-02T11:52:10+00:00","sitemap","","source/html/file/monthly-loan-stats-august-2025/index.html",""
"https://www.gmbcreditunion.com/file/monthly-loan-stats-august-2026/","200","","","text/html","Monthly Loan Stats – August 2026 | GMBCU","","https://www.gmbcreditunion.com/file/monthly-loan-stats-august-2026/","index, follow, max-image-preview:large, max-snippet:-1, max-video-preview:-1","","Monthly Loan Stats – August 2026","1","Monthly Loan Stats – August 2026 | GMBCU","","","summary_large_image","WebPage|BreadcrumbList|WebSite","10","2","26","6","file-single","2026-09-01T13:42:32+00:00","2026-09-01T13:42:32+00:00","sitemap","","source/html/file/monthly-loan-stats-august-2026/index.html",""
"https://www.gmbcreditunion.com/file/monthly-loan-stats-dec-2024/","200","","","text/html","Monthly Loan Stats - Dec 2024 | GMBCU","","https://www.gmbcreditunion.com/file/monthly-loan-stats-dec-2024/","index, follow, max-image-preview:large, max-snippet:-1, max-video-preview:-1","","Monthly Loan Stats – Dec 2024","1","Monthly Loan Stats - Dec 2024 | GMBCU","","","summary_large_image","WebPage|BreadcrumbList|WebSite","10","1","26","6","file-single","2025-01-02T14:22:52+00:00","2025-01-02T14:22:52+00:00","sitemap","","source/html/file/monthly-loan-stats-dec-2024/index.html",""
"https://www.gmbcreditunion.com/file/monthly-loan-stats-december-2023/","200","","","text/html","Monthly Loan Stats - December 2023 | GMBCU","","https://www.gmbcreditunion.com/file/monthly-loan-stats-december-2023/","index, follow, max-image-preview:large, max-snippet:-1, max-video-preview:-1","","Monthly Loan Stats – December 2023","1","Monthly Loan Stats - December 2023 | GMBCU","","","summary_large_image","WebPage|BreadcrumbList|WebSite","10","1","26","6","file-single","2024-01-03T15:48:30+00:00","2024-01-03T15:48:30+00:00","sitemap","","source/html/file/monthly-loan-stats-december-2023/index.html",""
"https://www.gmbcreditunion.com/file/monthly-loan-stats-december-2025/","200","","","text/html","Monthly Loan Stats - December 2025 | GMBCU","","https://www.gmbcreditunion.com/file/monthly-loan-stats-december-2025/","index, follow, max-image-preview:large, max-snippet:-1, max-video-preview:-1","","Monthly Loan Stats – December 2025","1","Monthly Loan Stats - December 2025 | GMBCU","","","summary_large_image","WebPage|BreadcrumbList|WebSite","10","1","26","6","file-single","2026-01-06T12:08:23+00:00","2026-01-06T12:08:23+00:00","sitemap","","source/html/file/monthly-loan-stats-december-2025/index.html",""
"https://www.gmbcreditunion.com/file/monthly-loan-stats-feb-2024/","200","","","text/html","Monthly Loan Stats - Feb 2024 | GMBCU","","https://www.gmbcreditunion.com/file/monthly-loan-stats-feb-2024/","index, follow, max-image-preview:large, max-snippet:-1, max-video-preview:-1","","Monthly Loan Stats – Feb 2024","1","Monthly Loan Stats - Feb 2024 | GMBCU","","","summary_large_image","WebPage|BreadcrumbList|WebSite","10","1","26","6","file-single","2024-03-04T13:33:15+00:00","2024-03-04T13:33:15+00:00","sitemap","","source/html/file/monthly-loan-stats-feb-2024/index.html",""
"https://www.gmbcreditunion.com/file/monthly-loan-stats-february-2026/","200","","","text/html","Monthly Loan Stats - February 2026 | GMBCU","","https://www.gmbcreditunion.com/file/monthly-loan-stats-february-2026/","index, follow, max-image-preview:large, max-snippet:-1, max-video-preview:-1","","Monthly Loan Stats – February 2026","1","Monthly Loan Stats - February 2026 | GMBCU","","","summary_large_image","WebPage|BreadcrumbList|WebSite","10","1","26","6","file-single","2026-03-02T15:44:11+00:00","2026-03-02T15:44:11+00:00","sitemap","","source/html/file/monthly-loan-stats-february-2026/index.html",""
"https://www.gmbcreditunion.com/file/monthly-loan-stats-jan-2024/","200","","","text/html","Monthly Loan Stats - Jan 2024 | GMBCU","","https://www.gmbcreditunion.com/file/monthly-loan-stats-jan-2024/","index, follow, max-image-preview:large, max-snippet:-1, max-video-preview:-1","","Monthly Loan Stats – Jan 2024","1","Monthly Loan Stats - Jan 2024 | GMBCU","","","summary_large_image","WebPage|BreadcrumbList|WebSite","10","1","26","6","file-single","2024-02-01T15:07:14+00:00","2024-02-01T15:07:14+00:00","sitemap","","source/html/file/monthly-loan-stats-jan-2024/index.html",""
"https://www.gmbcreditunion.com/file/monthly-loan-stats-january-2026/","200","","","text/html","Monthly Loan Stats - January 2026 | GMBCU","","https://www.gmbcreditunion.com/file/monthly-loan-stats-january-2026/","index, follow, max-image-preview:large, max-snippet:-1, max-video-preview:-1","","Monthly Loan Stats – January 2026","1","Monthly Loan Stats - January 2026 | GMBCU","","","summary_large_image","WebPage|BreadcrumbList|WebSite","10","1","26","6","file-single","2026-02-03T14:11:38+00:00","2026-02-03T14:11:38+00:00","sitemap","","source/html/file/monthly-loan-stats-january-2026/index.html",""
"https://www.gmbcreditunion.com/file/monthly-loan-stats-july-2025/","200","","","text/html","Monthly Loan Stats - July 2025 | GMBCU","","https://www.gmbcreditunion.com/file/monthly-loan-stats-july-2025/","index, follow, max-image-preview:large, max-snippet:-1, max-video-preview:-1","","Monthly Loan Stats – July 2025","1","Monthly Loan Stats - July 2025 | GMBCU","","","summary_large_image","WebPage|BreadcrumbList|WebSite","10","1","26","6","file-single","2025-08-04T13:29:16+00:00","2025-08-04T13:29:16+00:00","sitemap","","source/html/file/monthly-loan-stats-july-2025/index.html",""
"https://www.gmbcreditunion.com/file/monthly-loan-stats-july-2026/","200","","","text/html","Monthly Loan Stats – July 2026 | GMBCU","","https://www.gmbcreditunion.com/file/monthly-loan-stats-july-2026/","index, follow, max-image-preview:large, max-snippet:-1, max-video-preview:-1","","Monthly Loan Stats – July 2026","1","Monthly Loan Stats – July 2026 | GMBCU","","","summary_large_image","WebPage|BreadcrumbList|WebSite","10","1","26","6","file-single","2026-08-12T14:10:08+00:00","2026-08-12T14:10:08+00:00","sitemap","","source/html/file/monthly-loan-stats-july-2026/index.html",""
"https://www.gmbcreditunion.com/file/monthly-loan-stats-june-2024/","200","","","text/html","Monthly Loan Stats - June 2024 | GMBCU","","https://www.gmbcreditunion.com/file/monthly-loan-stats-june-2024/","index, follow, max-image-preview:large, max-snippet:-1, max-video-preview:-1","","Monthly Loan Stats – June 2024","1","Monthly Loan Stats - June 2024 | GMBCU","","","summary_large_image","WebPage|BreadcrumbList|WebSite","10","1","26","6","file-single","2024-07-01T13:12:53+00:00","2024-07-01T13:12:53+00:00","sitemap","","source/html/file/monthly-loan-stats-june-2024/index.html",""
"https://www.gmbcreditunion.com/file/monthly-loan-stats-june-2025/","200","","","text/html","Monthly Loan Stats - June 2025 | GMBCU","","https://www.gmbcreditunion.com/file/monthly-loan-stats-june-2025/","index, follow, max-image-preview:large, max-snippet:-1, max-video-preview:-1","","Monthly Loan Stats – June 2025","1","Monthly Loan Stats - June 2025 | GMBCU","","","summary_large_image","WebPage|BreadcrumbList|WebSite","10","1","26","6","file-single","2025-07-03T11:23:40+00:00","2025-07-03T11:23:40+00:00","sitemap","","source/html/file/monthly-loan-stats-june-2025/index.html",""
"https://www.gmbcreditunion.com/file/monthly-loan-stats-june-2026/","200","","","text/html","Monthly Loan Stats – June 2026 | GMBCU","","https://www.gmbcreditunion.com/file/monthly-loan-stats-june-2026/","index, follow, max-image-preview:large, max-snippet:-1, max-video-preview:-1","","Monthly Loan Stats – June 2026","1","Monthly Loan Stats – June 2026 | GMBCU","","","summary_large_image","WebPage|BreadcrumbList|WebSite","10","1","26","6","file-single","2026-07-08T11:44:32+00:00","2026-07-08T11:44:32+00:00","sitemap","","source/html/file/monthly-loan-stats-june-2026/index.html",""
"https://www.gmbcreditunion.com/file/monthly-loan-stats-march-2026/","200","","","text/html","Monthly Loan Stats – March 2026 | GMBCU","","https://www.gmbcreditunion.com/file/monthly-loan-stats-march-2026/","index, follow, max-image-preview:large, max-snippet:-1, max-video-preview:-1","","Monthly Loan Stats – March 2026","1","Monthly Loan Stats – March 2026 | GMBCU","","","summary_large_image","WebPage|BreadcrumbList|WebSite","10","1","26","6","file-single","2026-04-09T12:35:43+00:00","2026-04-09T12:35:43+00:00","sitemap","","source/html/file/monthly-loan-stats-march-2026/index.html",""
"https://www.gmbcreditunion.com/file/monthly-loan-stats-may-2024/","200","","","text/html","Monthly Loan Stats - May 2024 | GMBCU","","https://www.gmbcreditunion.com/file/monthly-loan-stats-may-2024/","index, follow, max-image-preview:large, max-snippet:-1, max-video-preview:-1","","Monthly Loan Stats – May 2024","1","Monthly Loan Stats - May 2024 | GMBCU","","","summary_large_image","WebPage|BreadcrumbList|WebSite","10","1","26","6","file-single","2024-06-03T15:07:18+00:00","2024-06-03T15:07:18+00:00","sitemap","","source/html/file/monthly-loan-stats-may-2024/index.html",""
"https://www.gmbcreditunion.com/file/monthly-loan-stats-may-2025/","200","","","text/html","Monthly Loan Stats - May 2025 | GMBCU","","https://www.gmbcreditunion.com/file/monthly-loan-stats-may-2025/","index, follow, max-image-preview:large, max-snippet:-1, max-video-preview:-1","","Monthly Loan Stats – May 2025","1","Monthly Loan Stats - May 2025 | GMBCU","","","summary_large_image","WebPage|BreadcrumbList|WebSite","10","1","26","6","file-single","2025-06-03T11:15:59+00:00","2025-06-03T11:15:59+00:00","sitemap","","source/html/file/monthly-loan-stats-may-2025/index.html",""
"https://www.gmbcreditunion.com/file/monthly-loan-stats-may-2026/","200","","","text/html","Monthly Loan Stats – May 2026 | GMBCU","","https://www.gmbcreditunion.com/file/monthly-loan-stats-may-2026/","index, follow, max-image-preview:large, max-snippet:-1, max-video-preview:-1","","Monthly Loan Stats – May 2026","1","Monthly Loan Stats – May 2026 | GMBCU","","","summary_large_image","WebPage|BreadcrumbList|WebSite","10","1","26","6","file-single","2026-06-04T09:19:34+00:00","2026-06-04T09:19:34+00:00","sitemap","","source/html/file/monthly-loan-stats-may-2026/index.html",""
"https://www.gmbcreditunion.com/file/monthly-loan-stats-nov-2023/","200","","","text/html","Monthly Loan Stats - Nov 2023 | GMBCU","","https://www.gmbcreditunion.com/file/monthly-loan-stats-nov-2023/","index, follow, max-image-preview:large, max-snippet:-1, max-video-preview:-1","","Monthly Loan Stats – Nov 2023","1","Monthly Loan Stats - Nov 2023 | GMBCU","","","summary_large_image","WebPage|BreadcrumbList|WebSite","10","1","26","6","file-single","2023-12-12T10:13:22+00:00","2023-12-12T10:13:22+00:00","sitemap","","source/html/file/monthly-loan-stats-nov-2023/index.html",""
"https://www.gmbcreditunion.com/file/monthly-loan-stats-nov-2024/","200","","","text/html","Monthly Loan Stats - Nov 2024 | GMBCU","","https://www.gmbcreditunion.com/file/monthly-loan-stats-nov-2024/","index, follow, max-image-preview:large, max-snippet:-1, max-video-preview:-1","","Monthly Loan Stats – Nov 2024","1","Monthly Loan Stats - Nov 2024 | GMBCU","","","summary_large_image","WebPage|BreadcrumbList|WebSite","10","1","26","6","file-single","2024-12-04T11:22:43+00:00","2024-12-04T11:22:43+00:00","sitemap","","source/html/file/monthly-loan-stats-nov-2024/index.html",""
"https://www.gmbcreditunion.com/file/monthly-loan-stats-november-2025/","200","","","text/html","Monthly Loan Stats – November 2025 | GMBCU","","https://www.gmbcreditunion.com/file/monthly-loan-stats-november-2025/","index, follow, max-image-preview:large, max-snippet:-1, max-video-preview:-1","","Monthly Loan Stats – November 2025","1","Monthly Loan Stats – November 2025 | GMBCU","","","summary_large_image","WebPage|BreadcrumbList|WebSite","10","1","26","6","file-single","2025-12-08T10:03:26+00:00","2025-12-08T10:03:26+00:00","sitemap","","source/html/file/monthly-loan-stats-november-2025/index.html",""
"https://www.gmbcreditunion.com/file/monthly-loan-stats-october-2024/","200","","","text/html","Monthly Loan Stats - October 2024 | GMBCU","","https://www.gmbcreditunion.com/file/monthly-loan-stats-october-2024/","index, follow, max-image-preview:large, max-snippet:-1, max-video-preview:-1","","Monthly Loan Stats – October 2024","1","Monthly Loan Stats - October 2024 | GMBCU","","","summary_large_image","WebPage|BreadcrumbList|WebSite","10","1","26","6","file-single","2024-11-01T15:17:18+00:00","2024-11-01T15:17:18+00:00","sitemap","","source/html/file/monthly-loan-stats-october-2024/index.html",""
"https://www.gmbcreditunion.com/file/monthly-loan-stats-october-2025/","200","","","text/html","Monthly Loan Stats – October 2025 | GMBCU","","https://www.gmbcreditunion.com/file/monthly-loan-stats-october-2025/","index, follow, max-image-preview:large, max-snippet:-1, max-video-preview:-1","","Monthly Loan Stats – October 2025","1","Monthly Loan Stats – October 2025 | GMBCU","","","summary_large_image","WebPage|BreadcrumbList|WebSite","10","1","26","6","file-single","2025-11-03T14:52:06+00:00","2025-11-03T14:52:06+00:00","sitemap","","source/html/file/monthly-loan-stats-october-2025/index.html",""
"https://www.gmbcreditunion.com/file/monthly-loan-stats-sep-2024/","200","","","text/html","Monthly Loan Stats - Sep 2024 | GMBCU","","https://www.gmbcreditunion.com/file/monthly-loan-stats-sep-2024/","index, follow, max-image-preview:large, max-snippet:-1, max-video-preview:-1","","Monthly Loan Stats – Sep 2024","1","Monthly Loan Stats - Sep 2024 | GMBCU","","","summary_large_image","WebPage|BreadcrumbList|WebSite","10","1","26","6","file-single","2024-10-08T13:34:50+00:00","2024-10-08T13:34:50+00:00","sitemap","","source/html/file/monthly-loan-stats-sep-2024/index.html",""
"https://www.gmbcreditunion.com/file/monthly-loan-stats-september-2025/","200","","","text/html","Monthly Loan Stats - September 2025 | GMBCU","","https://www.gmbcreditunion.com/file/monthly-loan-stats-september-2025/","index, follow, max-image-preview:large, max-snippet:-1, max-video-preview:-1","","Monthly Loan Stats – September 2025","1","Monthly Loan Stats - September 2025 | GMBCU","","","summary_large_image","WebPage|BreadcrumbList|WebSite","10","1","26","6","file-single","2025-10-07T12:42:36+00:00","2025-10-07T12:42:36+00:00","sitemap","","source/html/file/monthly-loan-stats-september-2025/index.html",""
"https://www.gmbcreditunion.com/file/monthly-loan-stats-september-2026/","200","","","text/html","Monthly Loan Stats – September 2026 | GMBCU","","https://www.gmbcreditunion.com/file/monthly-loan-stats-september-2026/","index, follow, max-image-preview:large, max-snippet:-1, max-video-preview:-1","","Monthly Loan Stats – September 2026","1","Monthly Loan Stats – September 2026 | GMBCU","","","summary_large_image","WebPage|BreadcrumbList|WebSite","10","2","26","6","file-single","2026-10-06T13:31:54+00:00","2026-10-06T13:31:54+00:00","sitemap","","source/html/file/monthly-loan-stats-september-2026/index.html",""
"https://www.gmbcreditunion.com/file/monthly-loan-stats/","200","","","text/html","Monthly Loan Stats | GMBCU","","https://www.gmbcreditunion.com/file/monthly-loan-stats/","index, follow, max-image-preview:large, max-snippet:-1, max-video-preview:-1","","Monthly Loan Stats","1","Monthly Loan Stats | GMBCU","","","summary_large_image","WebPage|BreadcrumbList|WebSite","7","1","26","6","file-single","2025-03-03T13:32:13+00:00","2025-03-03T13:32:13+00:00","sitemap","","source/html/file/monthly-loan-stats/index.html",""
"https://www.gmbcreditunion.com/file/monthly-processing-stats-april-2024/","200","","","text/html","Monthly Processing Stats - April 2024 | GMBCU","","https://www.gmbcreditunion.com/file/monthly-processing-stats-april-2024/","index, follow, max-image-preview:large, max-snippet:-1, max-video-preview:-1","","Monthly Processing Stats – April 2024","1","Monthly Processing Stats - April 2024 | GMBCU","","","summary_large_image","WebPage|BreadcrumbList|WebSite","10","1","26","6","file-single","2024-05-02T08:22:17+00:00","2024-05-02T08:22:17+00:00","sitemap","","source/html/file/monthly-processing-stats-april-2024/index.html",""
"https://www.gmbcreditunion.com/file/monthly-processing-stats-april-2026/","200","","","text/html","Monthly Processing Stats – April 2026 | GMBCU","","https://www.gmbcreditunion.com/file/monthly-processing-stats-april-2026/","index, follow, max-image-preview:large, max-snippet:-1, max-video-preview:-1","","Monthly Processing Stats – April 2026","1","Monthly Processing Stats – April 2026 | GMBCU","","","summary_large_image","WebPage|BreadcrumbList|WebSite","10","1","26","6","file-single","2026-05-05T09:29:50+00:00","2026-05-05T09:29:50+00:00","sitemap","","source/html/file/monthly-processing-stats-april-2026/index.html",""
"https://www.gmbcreditunion.com/file/monthly-processing-stats-august-2024/","200","","","text/html","Monthly Processing Stats - August 2024 | GMBCU","","https://www.gmbcreditunion.com/file/monthly-processing-stats-august-2024/","index, follow, max-image-preview:large, max-snippet:-1, max-video-preview:-1","","Monthly Processing Stats – August 2024","1","Monthly Processing Stats - August 2024 | GMBCU","","","summary_large_image","WebPage|BreadcrumbList|WebSite","10","1","26","6","file-single","2024-09-03T10:34:04+00:00","2024-09-03T10:34:04+00:00","sitemap","","source/html/file/monthly-processing-stats-august-2024/index.html",""
"https://www.gmbcreditunion.com/file/monthly-processing-stats-august-2025/","200","","","text/html","Monthly Processing Stats - August 2025 | GMBCU","","https://www.gmbcreditunion.com/file/monthly-processing-stats-august-2025/","index, follow, max-image-preview:large, max-snippet:-1, max-video-preview:-1","","Monthly Processing Stats – August 2025","1","Monthly Processing Stats - August 2025 | GMBCU","","","summary_large_image","WebPage|BreadcrumbList|WebSite","10","1","26","6","file-single","2025-09-02T11:56:07+00:00","2025-09-02T11:56:07+00:00","sitemap","","source/html/file/monthly-processing-stats-august-2025/index.html",""
"https://www.gmbcreditunion.com/file/monthly-processing-stats-december-2024/","200","","","text/html","Monthly processing stats - December 2024 | GMBCU","","https://www.gmbcreditunion.com/file/monthly-processing-stats-december-2024/","index, follow, max-image-preview:large, max-snippet:-1, max-video-preview:-1","","Monthly processing stats – December 2024","1","Monthly processing stats - December 2024 | GMBCU","","","summary_large_image","WebPage|BreadcrumbList|WebSite","10","1","26","6","file-single","2025-01-02T14:21:36+00:00","2025-01-02T14:21:36+00:00","sitemap","","source/html/file/monthly-processing-stats-december-2024/index.html",""
"https://www.gmbcreditunion.com/file/monthly-processing-stats-december-2025/","200","","","text/html","Monthly Processing Stats - December 2025 | GMBCU","","https://www.gmbcreditunion.com/file/monthly-processing-stats-december-2025/","index, follow, max-image-preview:large, max-snippet:-1, max-video-preview:-1","","Monthly Processing Stats – December 2025","1","Monthly Processing Stats - December 2025 | GMBCU","","","summary_large_image","WebPage|BreadcrumbList|WebSite","10","1","26","6","file-single","2026-01-06T12:02:57+00:00","2026-01-06T12:02:57+00:00","sitemap","","source/html/file/monthly-processing-stats-december-2025/index.html",""
"https://www.gmbcreditunion.com/file/monthly-processing-stats-feb-2024/","200","","","text/html","Monthly Processing Stats - Feb 2024 | GMBCU","","https://www.gmbcreditunion.com/file/monthly-processing-stats-feb-2024/","index, follow, max-image-preview:large, max-snippet:-1, max-video-preview:-1","","Monthly Processing Stats – Feb 2024","1","Monthly Processing Stats - Feb 2024 | GMBCU","","","summary_large_image","WebPage|BreadcrumbList|WebSite","10","1","26","6","file-single","2024-03-04T13:26:05+00:00","2024-03-04T13:26:05+00:00","sitemap","","source/html/file/monthly-processing-stats-feb-2024/index.html",""
"https://www.gmbcreditunion.com/file/monthly-processing-stats-february-2026/","200","","","text/html","Monthly Processing Stats - February 2026 | GMBCU","","https://www.gmbcreditunion.com/file/monthly-processing-stats-february-2026/","index, follow, max-image-preview:large, max-snippet:-1, max-video-preview:-1","","Monthly Processing Stats – February 2026","1","Monthly Processing Stats - February 2026 | GMBCU","","","summary_large_image","WebPage|BreadcrumbList|WebSite","10","1","26","6","file-single","2026-03-02T15:41:31+00:00","2026-03-02T15:41:31+00:00","sitemap","","source/html/file/monthly-processing-stats-february-2026/index.html",""
"https://www.gmbcreditunion.com/file/monthly-processing-stats-jan-2024/","200","","","text/html","Monthly Processing Stats - Jan 2024 | GMBCU","","https://www.gmbcreditunion.com/file/monthly-processing-stats-jan-2024/","index, follow, max-image-preview:large, max-snippet:-1, max-video-preview:-1","","Monthly Processing Stats – Jan 2024","1","Monthly Processing Stats - Jan 2024 | GMBCU","","","summary_large_image","WebPage|BreadcrumbList|WebSite","10","1","26","6","file-single","2024-02-01T15:06:00+00:00","2024-02-01T15:06:00+00:00","sitemap","","source/html/file/monthly-processing-stats-jan-2024/index.html",""
"https://www.gmbcreditunion.com/file/monthly-processing-stats-january/","200","","","text/html","Monthly Processing Stats - January 2026 | GMBCU","","https://www.gmbcreditunion.com/file/monthly-processing-stats-january/","index, follow, max-image-preview:large, max-snippet:-1, max-video-preview:-1","","Monthly Processing Stats – January 2026","1","Monthly Processing Stats - January 2026 | GMBCU","","","summary_large_image","WebPage|BreadcrumbList|WebSite","10","1","26","6","file-single","2026-04-16T11:02:09+00:00","2026-04-16T11:02:09+00:00","sitemap","","source/html/file/monthly-processing-stats-january/index.html",""
"https://www.gmbcreditunion.com/file/monthly-processing-stats-july-2024/","200","","","text/html","Monthly Processing Stats - July 2024 | GMBCU","","https://www.gmbcreditunion.com/file/monthly-processing-stats-july-2024/","index, follow, max-image-preview:large, max-snippet:-1, max-video-preview:-1","","Monthly Processing Stats – July 2024","1","Monthly Processing Stats - July 2024 | GMBCU","","","summary_large_image","WebPage|BreadcrumbList|WebSite","10","1","26","6","file-single","2024-08-02T09:03:41+00:00","2024-08-02T09:03:41+00:00","sitemap","","source/html/file/monthly-processing-stats-july-2024/index.html",""
"https://www.gmbcreditunion.com/file/monthly-processing-stats-july-2025/","200","","","text/html","Monthly Processing Stats - July 2025 | GMBCU","","https://www.gmbcreditunion.com/file/monthly-processing-stats-july-2025/","index, follow, max-image-preview:large, max-snippet:-1, max-video-preview:-1","","Monthly Processing Stats – July 2025","1","Monthly Processing Stats - July 2025 | GMBCU","","","summary_large_image","WebPage|BreadcrumbList|WebSite","10","1","26","6","file-single","2025-08-04T13:27:04+00:00","2025-08-04T13:27:04+00:00","sitemap","","source/html/file/monthly-processing-stats-july-2025/index.html",""
"https://www.gmbcreditunion.com/file/monthly-processing-stats-july-2026/","200","","","text/html","Monthly Processing Stats – July 2026 | GMBCU","","https://www.gmbcreditunion.com/file/monthly-processing-stats-july-2026/","index, follow, max-image-preview:large, max-snippet:-1, max-video-preview:-1","","Monthly Processing Stats – July 2026","1","Monthly Processing Stats – July 2026 | GMBCU","","","summary_large_image","WebPage|BreadcrumbList|WebSite","10","1","26","6","file-single","2026-08-12T14:30:30+00:00","2026-08-12T14:30:30+00:00","sitemap","","source/html/file/monthly-processing-stats-july-2026/index.html",""
"https://www.gmbcreditunion.com/file/monthly-processing-stats-june-2024/","200","","","text/html","Monthly Processing Stats - June 2024 | GMBCU","","https://www.gmbcreditunion.com/file/monthly-processing-stats-june-2024/","index, follow, max-image-preview:large, max-snippet:-1, max-video-preview:-1","","Monthly Processing Stats – June 2024","1","Monthly Processing Stats - June 2024 | GMBCU","","","summary_large_image","WebPage|BreadcrumbList|WebSite","10","1","26","6","file-single","2024-07-01T13:11:49+00:00","2024-07-01T13:11:49+00:00","sitemap","","source/html/file/monthly-processing-stats-june-2024/index.html",""
"https://www.gmbcreditunion.com/file/monthly-processing-stats-june-2025/","200","","","text/html","Monthly Processing Stats - June 2025 | GMBCU","","https://www.gmbcreditunion.com/file/monthly-processing-stats-june-2025/","index, follow, max-image-preview:large, max-snippet:-1, max-video-preview:-1","","Monthly Processing Stats – June 2025","1","Monthly Processing Stats - June 2025 | GMBCU","","","summary_large_image","WebPage|BreadcrumbList|WebSite","10","1","26","6","file-single","2025-07-24T10:25:36+00:00","2025-07-24T10:25:36+00:00","sitemap","","source/html/file/monthly-processing-stats-june-2025/index.html",""
"https://www.gmbcreditunion.com/file/monthly-processing-stats-june-2026/","200","","","text/html","Monthly Processing Stats - June 2026 | GMBCU","","https://www.gmbcreditunion.com/file/monthly-processing-stats-june-2026/","index, follow, max-image-preview:large, max-snippet:-1, max-video-preview:-1","","Monthly Processing Stats – June 2026","1","Monthly Processing Stats - June 2026 | GMBCU","","","summary_large_image","WebPage|BreadcrumbList|WebSite","10","1","26","6","file-single","2026-07-08T12:27:06+00:00","2026-07-08T12:27:06+00:00","sitemap","","source/html/file/monthly-processing-stats-june-2026/index.html",""
"https://www.gmbcreditunion.com/file/monthly-processing-stats-march-2026/","200","","","text/html","Monthly Processing Stats - March 2026 | GMBCU","","https://www.gmbcreditunion.com/file/monthly-processing-stats-march-2026/","index, follow, max-image-preview:large, max-snippet:-1, max-video-preview:-1","","Monthly Processing Stats – March 2026","1","Monthly Processing Stats - March 2026 | GMBCU","","","summary_large_image","WebPage|BreadcrumbList|WebSite","10","1","26","6","file-single","2026-04-09T12:32:38+00:00","2026-04-09T12:32:38+00:00","sitemap","","source/html/file/monthly-processing-stats-march-2026/index.html",""
"https://www.gmbcreditunion.com/file/monthly-processing-stats-may-2024/","200","","","text/html","Monthly Processing Stats - May 2024 | GMBCU","","https://www.gmbcreditunion.com/file/monthly-processing-stats-may-2024/","index, follow, max-image-preview:large, max-snippet:-1, max-video-preview:-1","","Monthly Processing Stats – May 2024","1","Monthly Processing Stats - May 2024 | GMBCU","","","summary_large_image","WebPage|BreadcrumbList|WebSite","10","1","26","6","file-single","2024-06-03T15:06:09+00:00","2024-06-03T15:06:09+00:00","sitemap","","source/html/file/monthly-processing-stats-may-2024/index.html",""
"https://www.gmbcreditunion.com/file/monthly-processing-stats-may-2025/","200","","","text/html","Monthly Processing Stats - May 2025 | GMBCU","","https://www.gmbcreditunion.com/file/monthly-processing-stats-may-2025/","index, follow, max-image-preview:large, max-snippet:-1, max-video-preview:-1","","Monthly Processing Stats – May 2025","1","Monthly Processing Stats - May 2025 | GMBCU","","","summary_large_image","WebPage|BreadcrumbList|WebSite","10","1","26","6","file-single","2025-06-03T11:15:06+00:00","2025-06-03T11:15:06+00:00","sitemap","","source/html/file/monthly-processing-stats-may-2025/index.html",""
"https://www.gmbcreditunion.com/file/monthly-processing-stats-may-2026/","200","","","text/html","Monthly Processing Stats - May 2026 | GMBCU","","https://www.gmbcreditunion.com/file/monthly-processing-stats-may-2026/","index, follow, max-image-preview:large, max-snippet:-1, max-video-preview:-1","","Monthly Processing Stats – May 2026","1","Monthly Processing Stats - May 2026 | GMBCU","","","summary_large_image","WebPage|BreadcrumbList|WebSite","10","1","26","6","file-single","2026-06-04T09:18:16+00:00","2026-06-04T09:18:16+00:00","sitemap","","source/html/file/monthly-processing-stats-may-2026/index.html",""
"https://www.gmbcreditunion.com/file/monthly-processing-stats-nov-2023/","200","","","text/html","Monthly Processing Stats - Nov 2023 | GMBCU","","https://www.gmbcreditunion.com/file/monthly-processing-stats-nov-2023/","index, follow, max-image-preview:large, max-snippet:-1, max-video-preview:-1","","Monthly Processing Stats – Nov 2023","1","Monthly Processing Stats - Nov 2023 | GMBCU","","","summary_large_image","WebPage|BreadcrumbList|WebSite","10","1","26","6","file-single","2023-12-12T10:12:19+00:00","2023-12-12T10:12:19+00:00","sitemap","","source/html/file/monthly-processing-stats-nov-2023/index.html",""
"https://www.gmbcreditunion.com/file/monthly-processing-stats-nov-2024/","200","","","text/html","Monthly processing Stats - Nov 2024 | GMBCU","","https://www.gmbcreditunion.com/file/monthly-processing-stats-nov-2024/","index, follow, max-image-preview:large, max-snippet:-1, max-video-preview:-1","","Monthly processing Stats – Nov 2024","1","Monthly processing Stats - Nov 2024 | GMBCU","","","summary_large_image","WebPage|BreadcrumbList|WebSite","10","1","26","6","file-single","2024-12-04T11:14:10+00:00","2024-12-04T11:14:10+00:00","sitemap","","source/html/file/monthly-processing-stats-nov-2024/index.html",""
"https://www.gmbcreditunion.com/file/monthly-processing-stats-november-2025/","200","","","text/html","Monthly Processing Stats – November 2025 | GMBCU","","https://www.gmbcreditunion.com/file/monthly-processing-stats-november-2025/","index, follow, max-image-preview:large, max-snippet:-1, max-video-preview:-1","","Monthly Processing Stats – November 2025","1","Monthly Processing Stats – November 2025 | GMBCU","","","summary_large_image","WebPage|BreadcrumbList|WebSite","10","1","26","6","file-single","2025-12-08T10:00:04+00:00","2025-12-08T10:00:04+00:00","sitemap","","source/html/file/monthly-processing-stats-november-2025/index.html",""
"https://www.gmbcreditunion.com/file/monthly-processing-stats-october-2024/","200","","","text/html","Monthly Processing Stats - October 2024 | GMBCU","","https://www.gmbcreditunion.com/file/monthly-processing-stats-october-2024/","index, follow, max-image-preview:large, max-snippet:-1, max-video-preview:-1","","Monthly Processing Stats – October 2024","1","Monthly Processing Stats - October 2024 | GMBCU","","","summary_large_image","WebPage|BreadcrumbList|WebSite","10","1","26","6","file-single","2024-11-01T15:16:04+00:00","2024-11-01T15:16:04+00:00","sitemap","","source/html/file/monthly-processing-stats-october-2024/index.html",""
"https://www.gmbcreditunion.com/file/monthly-processing-stats-october-2025/","200","","","text/html","Monthly Processing Stats - October 2025 | GMBCU","","https://www.gmbcreditunion.com/file/monthly-processing-stats-october-2025/","index, follow, max-image-preview:large, max-snippet:-1, max-video-preview:-1","","Monthly Processing Stats – October 2025","1","Monthly Processing Stats - October 2025 | GMBCU","","","summary_large_image","WebPage|BreadcrumbList|WebSite","10","1","26","6","file-single","2025-11-03T14:49:00+00:00","2025-11-03T14:49:00+00:00","sitemap","","source/html/file/monthly-processing-stats-october-2025/index.html",""
"https://www.gmbcreditunion.com/file/monthly-processing-stats-sep-2024/","200","","","text/html","Monthly Processing Stats - Sep 2024 | GMBCU","","https://www.gmbcreditunion.com/file/monthly-processing-stats-sep-2024/","index, follow, max-image-preview:large, max-snippet:-1, max-video-preview:-1","","Monthly Processing Stats – Sep 2024","1","Monthly Processing Stats - Sep 2024 | GMBCU","","","summary_large_image","WebPage|BreadcrumbList|WebSite","10","1","26","6","file-single","2024-10-08T13:31:28+00:00","2024-10-08T13:31:28+00:00","sitemap","","source/html/file/monthly-processing-stats-sep-2024/index.html",""
"https://www.gmbcreditunion.com/file/monthly-processing-stats-september-2025/","200","","","text/html","Monthly Processing Stats - September 2025 | GMBCU","","https://www.gmbcreditunion.com/file/monthly-processing-stats-september-2025/","index, follow, max-image-preview:large, max-snippet:-1, max-video-preview:-1","","Monthly Processing Stats – September 2025","1","Monthly Processing Stats - September 2025 | GMBCU","","","summary_large_image","WebPage|BreadcrumbList|WebSite","10","1","26","6","file-single","2026-04-16T11:01:45+00:00","2026-04-16T11:01:45+00:00","sitemap","","source/html/file/monthly-processing-stats-september-2025/index.html",""
"https://www.gmbcreditunion.com/file/monthly-processing-stats-september-2026/","200","","","text/html","Monthly Processing Stats – September 2026 | GMBCU","","https://www.gmbcreditunion.com/file/monthly-processing-stats-september-2026/","index, follow, max-image-preview:large, max-snippet:-1, max-video-preview:-1","","Monthly Processing Stats – September 2026","1","Monthly Processing Stats – September 2026 | GMBCU","","","summary_large_image","WebPage|BreadcrumbList|WebSite","10","2","26","6","file-single","2026-10-06T13:59:04+00:00","2026-10-06T13:59:04+00:00","sitemap","","source/html/file/monthly-processing-stats-september-2026/index.html",""
"https://www.gmbcreditunion.com/file/monthly-processing-stats/","200","","","text/html","Monthly Processing Stats | GMBCU","","https://www.gmbcreditunion.com/file/monthly-processing-stats/","index, follow, max-image-preview:large, max-snippet:-1, max-video-preview:-1","","Monthly Processing Stats","1","Monthly Processing Stats | GMBCU","","","summary_large_image","WebPage|BreadcrumbList|WebSite","7","1","26","6","file-single","2025-03-03T13:31:07+00:00","2025-03-03T13:31:07+00:00","sitemap","","source/html/file/monthly-processing-stats/index.html",""
"https://www.gmbcreditunion.com/file/monthly-report-2/","200","","","text/html","Monthly Report | GMBCU","","https://www.gmbcreditunion.com/file/monthly-report-2/","index, follow, max-image-preview:large, max-snippet:-1, max-video-preview:-1","","Monthly Report","1","Monthly Report | GMBCU","","","summary_large_image","WebPage|BreadcrumbList|WebSite","6","1","26","6","file-single","2025-03-03T13:33:11+00:00","2025-03-03T13:33:11+00:00","sitemap","","source/html/file/monthly-report-2/index.html",""
"https://www.gmbcreditunion.com/file/monthly-report-april-2025/","200","","","text/html","Monthly Report - April 2025 | GMBCU","","https://www.gmbcreditunion.com/file/monthly-report-april-2025/","index, follow, max-image-preview:large, max-snippet:-1, max-video-preview:-1","","Monthly Report – April 2025","1","Monthly Report - April 2025 | GMBCU","","","summary_large_image","WebPage|BreadcrumbList|WebSite","9","1","26","6","file-single","2025-05-06T14:21:25+00:00","2025-05-06T14:21:25+00:00","sitemap","","source/html/file/monthly-report-april-2025/index.html",""
"https://www.gmbcreditunion.com/file/monthly-report-april-2026/","200","","","text/html","Monthly Report - April 2026 | GMBCU","","https://www.gmbcreditunion.com/file/monthly-report-april-2026/","index, follow, max-image-preview:large, max-snippet:-1, max-video-preview:-1","","Monthly Report – April 2026","1","Monthly Report - April 2026 | GMBCU","","","summary_large_image","WebPage|BreadcrumbList|WebSite","9","1","26","6","file-single","2026-05-05T09:39:50+00:00","2026-05-05T09:39:50+00:00","sitemap","","source/html/file/monthly-report-april-2026/index.html",""
"https://www.gmbcreditunion.com/file/monthly-report-august-2024/","200","","","text/html","Monthly Report - August 2024 | GMBCU","","https://www.gmbcreditunion.com/file/monthly-report-august-2024/","index, follow, max-image-preview:large, max-snippet:-1, max-video-preview:-1","","Monthly Report – August 2024","1","Monthly Report - August 2024 | GMBCU","","","summary_large_image","WebPage|BreadcrumbList|WebSite","9","1","26","6","file-single","2024-09-04T10:10:42+00:00","2024-09-04T10:10:42+00:00","sitemap","","source/html/file/monthly-report-august-2024/index.html",""
"https://www.gmbcreditunion.com/file/monthly-report-august-2025/","200","","","text/html","Monthly Report - August 2025 | GMBCU","","https://www.gmbcreditunion.com/file/monthly-report-august-2025/","index, follow, max-image-preview:large, max-snippet:-1, max-video-preview:-1","","Monthly Report – August 2025","1","Monthly Report - August 2025 | GMBCU","","","summary_large_image","WebPage|BreadcrumbList|WebSite","9","1","26","6","file-single","2025-09-02T11:46:45+00:00","2025-09-02T11:46:45+00:00","sitemap","","source/html/file/monthly-report-august-2025/index.html",""
"https://www.gmbcreditunion.com/file/monthly-report-august-2026-2/","200","","","text/html","Monthly Report – August 2026 | GMBCU","","https://www.gmbcreditunion.com/file/monthly-report-august-2026-2/","index, follow, max-image-preview:large, max-snippet:-1, max-video-preview:-1","","Monthly Report – August 2026","1","Monthly Report – August 2026 | GMBCU","","","summary_large_image","WebPage|BreadcrumbList|WebSite","9","2","26","6","file-single","2026-10-06T13:34:16+00:00","2026-10-06T13:34:16+00:00","sitemap","","source/html/file/monthly-report-august-2026-2/index.html",""
"https://www.gmbcreditunion.com/file/monthly-report-august-2026/","200","","","text/html","Monthly Report – August 2026 | GMBCU","","https://www.gmbcreditunion.com/file/monthly-report-august-2026/","index, follow, max-image-preview:large, max-snippet:-1, max-video-preview:-1","","Monthly Report – August 2026","1","Monthly Report – August 2026 | GMBCU","","","summary_large_image","WebPage|BreadcrumbList|WebSite","9","2","26","6","file-single","2026-09-01T13:40:48+00:00","2026-09-01T13:40:48+00:00","sitemap","","source/html/file/monthly-report-august-2026/index.html",""
"https://www.gmbcreditunion.com/file/monthly-report-dec-2023-2/","200","","","text/html","Monthly Report - Dec 2023 | GMBCU","","https://www.gmbcreditunion.com/file/monthly-report-dec-2023-2/","index, follow, max-image-preview:large, max-snippet:-1, max-video-preview:-1","","Monthly Report – Dec 2023","1","Monthly Report - Dec 2023 | GMBCU","","","summary_large_image","WebPage|BreadcrumbList|WebSite","9","1","26","6","file-single","2024-01-15T09:10:53+00:00","2024-01-15T09:10:53+00:00","sitemap","","source/html/file/monthly-report-dec-2023-2/index.html",""
"https://www.gmbcreditunion.com/file/monthly-report-dec-2023/","200","","","text/html","Monthly Processing Stats - Dec 2023 | GMBCU","","https://www.gmbcreditunion.com/file/monthly-report-dec-2023/","index, follow, max-image-preview:large, max-snippet:-1, max-video-preview:-1","","Monthly Processing Stats – Dec 2023","1","Monthly Processing Stats - Dec 2023 | GMBCU","","","summary_large_image","WebPage|BreadcrumbList|WebSite","10","1","26","6","file-single","2024-01-03T15:48:46+00:00","2024-01-03T15:48:46+00:00","sitemap","","source/html/file/monthly-report-dec-2023/index.html",""
"https://www.gmbcreditunion.com/file/monthly-report-dec-2024/","200","","","text/html","Monthly Report - Dec 2024 | GMBCU","","https://www.gmbcreditunion.com/file/monthly-report-dec-2024/","index, follow, max-image-preview:large, max-snippet:-1, max-video-preview:-1","","Monthly Report – Dec 2024","1","Monthly Report - Dec 2024 | GMBCU","","","summary_large_image","WebPage|BreadcrumbList|WebSite","9","1","26","6","file-single","2025-01-23T10:23:49+00:00","2025-01-23T10:23:49+00:00","sitemap","","source/html/file/monthly-report-dec-2024/index.html",""
"https://www.gmbcreditunion.com/file/monthly-report-december-2025/","200","","","text/html","Monthly Report - December 2025 | GMBCU","","https://www.gmbcreditunion.com/file/monthly-report-december-2025/","index, follow, max-image-preview:large, max-snippet:-1, max-video-preview:-1","","Monthly Report – December 2025","1","Monthly Report - December 2025 | GMBCU","","","summary_large_image","WebPage|BreadcrumbList|WebSite","9","1","26","6","file-single","2026-01-07T10:42:59+00:00","2026-01-07T10:42:59+00:00","sitemap","","source/html/file/monthly-report-december-2025/index.html",""
"https://www.gmbcreditunion.com/file/monthly-report-feb-2024/","200","","","text/html","Monthly Report - Feb 2024 | GMBCU","","https://www.gmbcreditunion.com/file/monthly-report-feb-2024/","index, follow, max-image-preview:large, max-snippet:-1, max-video-preview:-1","","Monthly Report – Feb 2024","1","Monthly Report - Feb 2024 | GMBCU","","","summary_large_image","WebPage|BreadcrumbList|WebSite","9","1","26","6","file-single","2024-03-04T13:34:29+00:00","2024-03-04T13:34:29+00:00","sitemap","","source/html/file/monthly-report-feb-2024/index.html",""
"https://www.gmbcreditunion.com/file/monthly-report-february-2026/","200","","","text/html","Monthly Report - February 2026 | GMBCU","","https://www.gmbcreditunion.com/file/monthly-report-february-2026/","index, follow, max-image-preview:large, max-snippet:-1, max-video-preview:-1","","Monthly Report – February 2026","1","Monthly Report - February 2026 | GMBCU","","","summary_large_image","WebPage|BreadcrumbList|WebSite","9","1","26","6","file-single","2026-03-02T15:45:51+00:00","2026-03-02T15:45:51+00:00","sitemap","","source/html/file/monthly-report-february-2026/index.html",""
"https://www.gmbcreditunion.com/file/monthly-report-jan-2024/","200","","","text/html","Monthly Report - Jan 2024 | GMBCU","","https://www.gmbcreditunion.com/file/monthly-report-jan-2024/","index, follow, max-image-preview:large, max-snippet:-1, max-video-preview:-1","","Monthly Report – Jan 2024","1","Monthly Report - Jan 2024 | GMBCU","","","summary_large_image","WebPage|BreadcrumbList|WebSite","9","1","26","6","file-single","2024-02-02T14:04:33+00:00","2024-02-02T14:04:33+00:00","sitemap","","source/html/file/monthly-report-jan-2024/index.html",""
"https://www.gmbcreditunion.com/file/monthly-report-jan-2025/","200","","","text/html","Monthly Report - Jan 2025 | GMBCU","","https://www.gmbcreditunion.com/file/monthly-report-jan-2025/","index, follow, max-image-preview:large, max-snippet:-1, max-video-preview:-1","","Monthly Report – Jan 2025","1","Monthly Report - Jan 2025 | GMBCU","","","summary_large_image","WebPage|BreadcrumbList|WebSite","9","1","26","6","file-single","2025-02-03T15:45:14+00:00","2025-02-03T15:45:14+00:00","sitemap","","source/html/file/monthly-report-jan-2025/index.html",""
"https://www.gmbcreditunion.com/file/monthly-report-january-2026/","200","","","text/html","Monthly Report - January 2026 | GMBCU","","https://www.gmbcreditunion.com/file/monthly-report-january-2026/","index, follow, max-image-preview:large, max-snippet:-1, max-video-preview:-1","","Monthly Report – January 2026","1","Monthly Report - January 2026 | GMBCU","","","summary_large_image","WebPage|BreadcrumbList|WebSite","9","1","26","6","file-single","2026-02-03T14:13:47+00:00","2026-02-03T14:13:47+00:00","sitemap","","source/html/file/monthly-report-january-2026/index.html",""
"https://www.gmbcreditunion.com/file/monthly-report-july-2024/","200","","","text/html","Monthly Report - July 2024 | GMBCU","","https://www.gmbcreditunion.com/file/monthly-report-july-2024/","index, follow, max-image-preview:large, max-snippet:-1, max-video-preview:-1","","Monthly Report – July 2024","1","Monthly Report - July 2024 | GMBCU","","","summary_large_image","WebPage|BreadcrumbList|WebSite","9","1","26","6","file-single","2024-08-02T09:28:23+00:00","2024-08-02T09:28:23+00:00","sitemap","","source/html/file/monthly-report-july-2024/index.html",""
"https://www.gmbcreditunion.com/file/monthly-report-july-2025/","200","","","text/html","Monthly Report - July 2025 | GMBCU","","https://www.gmbcreditunion.com/file/monthly-report-july-2025/","index, follow, max-image-preview:large, max-snippet:-1, max-video-preview:-1","","Monthly Report – July 2025","1","Monthly Report - July 2025 | GMBCU","","","summary_large_image","WebPage|BreadcrumbList|WebSite","9","1","26","6","file-single","2025-08-04T13:31:36+00:00","2025-08-04T13:31:36+00:00","sitemap","","source/html/file/monthly-report-july-2025/index.html",""
"https://www.gmbcreditunion.com/file/monthly-report-july-2026/","200","","","text/html","Monthly Report – July 2026 | GMBCU","","https://www.gmbcreditunion.com/file/monthly-report-july-2026/","index, follow, max-image-preview:large, max-snippet:-1, max-video-preview:-1","","Monthly Report – July 2026","1","Monthly Report – July 2026 | GMBCU","","","summary_large_image","WebPage|BreadcrumbList|WebSite","9","2","26","6","file-single","2026-08-12T14:36:57+00:00","2026-08-12T14:36:57+00:00","sitemap","","source/html/file/monthly-report-july-2026/index.html",""
"https://www.gmbcreditunion.com/file/monthly-report-june-2024/","200","","","text/html","Monthly Report - June 2024 | GMBCU","","https://www.gmbcreditunion.com/file/monthly-report-june-2024/","index, follow, max-image-preview:large, max-snippet:-1, max-video-preview:-1","","Monthly Report – June 2024","1","Monthly Report - June 2024 | GMBCU","","","summary_large_image","WebPage|BreadcrumbList|WebSite","9","1","26","6","file-single","2024-07-01T13:14:48+00:00","2024-07-01T13:14:48+00:00","sitemap","","source/html/file/monthly-report-june-2024/index.html",""
"https://www.gmbcreditunion.com/file/monthly-report-june-2025/","200","","","text/html","Monthly Report - June 2025 | GMBCU","","https://www.gmbcreditunion.com/file/monthly-report-june-2025/","index, follow, max-image-preview:large, max-snippet:-1, max-video-preview:-1","","Monthly Report – June 2025","1","Monthly Report - June 2025 | GMBCU","","","summary_large_image","WebPage|BreadcrumbList|WebSite","9","1","26","6","file-single","2025-07-03T11:22:23+00:00","2025-07-03T11:22:23+00:00","sitemap","","source/html/file/monthly-report-june-2025/index.html",""
"https://www.gmbcreditunion.com/file/monthly-report-june-2026/","200","","","text/html","Monthly Report - June 2026 | GMBCU","","https://www.gmbcreditunion.com/file/monthly-report-june-2026/","index, follow, max-image-preview:large, max-snippet:-1, max-video-preview:-1","","Monthly Report – June 2026","1","Monthly Report - June 2026 | GMBCU","","","summary_large_image","WebPage|BreadcrumbList|WebSite","9","1","26","6","file-single","2026-07-08T11:53:59+00:00","2026-07-08T11:53:59+00:00","sitemap","","source/html/file/monthly-report-june-2026/index.html",""
"https://www.gmbcreditunion.com/file/monthly-report-march-2024-2/","200","","","text/html","Monthly Report - March 2024 | GMBCU","","https://www.gmbcreditunion.com/file/monthly-report-march-2024-2/","index, follow, max-image-preview:large, max-snippet:-1, max-video-preview:-1","","Monthly Report – March 2024","1","Monthly Report - March 2024 | GMBCU","","","summary_large_image","WebPage|BreadcrumbList|WebSite","9","1","26","6","file-single","2024-04-04T12:52:22+00:00","2024-04-04T12:52:22+00:00","sitemap","","source/html/file/monthly-report-march-2024-2/index.html",""
"https://www.gmbcreditunion.com/file/monthly-report-march-2024/","200","","","text/html","Monthly Processing Stats - March 2024 | GMBCU","","https://www.gmbcreditunion.com/file/monthly-report-march-2024/","index, follow, max-image-preview:large, max-snippet:-1, max-video-preview:-1","","Monthly Processing Stats – March 2024","1","Monthly Processing Stats - March 2024 | GMBCU","","","summary_large_image","WebPage|BreadcrumbList|WebSite","10","1","26","6","file-single","2024-04-04T12:45:51+00:00","2024-04-04T12:45:51+00:00","sitemap","","source/html/file/monthly-report-march-2024/index.html",""
"https://www.gmbcreditunion.com/file/monthly-report-march-2025/","200","","","text/html","Monthly Report - March 2025 | GMBCU","","https://www.gmbcreditunion.com/file/monthly-report-march-2025/","index, follow, max-image-preview:large, max-snippet:-1, max-video-preview:-1","","Monthly Report – March 2025","1","Monthly Report - March 2025 | GMBCU","","","summary_large_image","WebPage|BreadcrumbList|WebSite","9","1","26","6","file-single","2025-04-01T13:52:10+00:00","2025-04-01T13:52:10+00:00","sitemap","","source/html/file/monthly-report-march-2025/index.html",""
"https://www.gmbcreditunion.com/file/monthly-report-march-2026/","200","","","text/html","Monthly Report - March 2026 | GMBCU","","https://www.gmbcreditunion.com/file/monthly-report-march-2026/","index, follow, max-image-preview:large, max-snippet:-1, max-video-preview:-1","","Monthly Report – March 2026","1","Monthly Report - March 2026 | GMBCU","","","summary_large_image","WebPage|BreadcrumbList|WebSite","9","1","26","6","file-single","2026-04-09T14:02:23+00:00","2026-04-09T14:02:23+00:00","sitemap","","source/html/file/monthly-report-march-2026/index.html",""
"https://www.gmbcreditunion.com/file/monthly-report-may-2024/","200","","","text/html","Monthly Report - May 2024 | GMBCU","","https://www.gmbcreditunion.com/file/monthly-report-may-2024/","index, follow, max-image-preview:large, max-snippet:-1, max-video-preview:-1","","Monthly Report – May 2024","1","Monthly Report - May 2024 | GMBCU","","","summary_large_image","WebPage|BreadcrumbList|WebSite","9","1","26","6","file-single","2024-06-03T15:09:04+00:00","2024-06-03T15:09:04+00:00","sitemap","","source/html/file/monthly-report-may-2024/index.html",""
"https://www.gmbcreditunion.com/file/monthly-report-may-2025/","200","","","text/html","Monthly Report - May 2025 | GMBCU","","https://www.gmbcreditunion.com/file/monthly-report-may-2025/","index, follow, max-image-preview:large, max-snippet:-1, max-video-preview:-1","","Monthly Report – May 2025","1","Monthly Report - May 2025 | GMBCU","","","summary_large_image","WebPage|BreadcrumbList|WebSite","9","1","26","6","file-single","2025-06-03T11:16:44+00:00","2025-06-03T11:16:44+00:00","sitemap","","source/html/file/monthly-report-may-2025/index.html",""
"https://www.gmbcreditunion.com/file/monthly-report-may-2026/","200","","","text/html","Monthly Report - May 2026 | GMBCU","","https://www.gmbcreditunion.com/file/monthly-report-may-2026/","index, follow, max-image-preview:large, max-snippet:-1, max-video-preview:-1","","Monthly Report – May 2026","1","Monthly Report - May 2026 | GMBCU","","","summary_large_image","WebPage|BreadcrumbList|WebSite","9","1","26","6","file-single","2026-06-25T13:32:41+00:00","2026-06-25T13:32:41+00:00","sitemap","","source/html/file/monthly-report-may-2026/index.html",""
"https://www.gmbcreditunion.com/file/monthly-report-nov-2023/","200","","","text/html","Monthly Report - Nov 2023 | GMBCU","","https://www.gmbcreditunion.com/file/monthly-report-nov-2023/","index, follow, max-image-preview:large, max-snippet:-1, max-video-preview:-1","","Monthly Report – Nov 2023","1","Monthly Report - Nov 2023 | GMBCU","","","summary_large_image","WebPage|BreadcrumbList|WebSite","9","1","26","6","file-single","2023-12-12T10:14:27+00:00","2023-12-12T10:14:27+00:00","sitemap","","source/html/file/monthly-report-nov-2023/index.html",""
"https://www.gmbcreditunion.com/file/monthly-report-nov-2024/","200","","","text/html","Monthly Report - Nov 2024 | GMBCU","","https://www.gmbcreditunion.com/file/monthly-report-nov-2024/","index, follow, max-image-preview:large, max-snippet:-1, max-video-preview:-1","","Monthly Report – Nov 2024","1","Monthly Report - Nov 2024 | GMBCU","","","summary_large_image","WebPage|BreadcrumbList|WebSite","9","1","26","6","file-single","2024-12-17T09:36:02+00:00","2024-12-17T09:36:02+00:00","sitemap","","source/html/file/monthly-report-nov-2024/index.html",""
"https://www.gmbcreditunion.com/file/monthly-report-november-2025/","200","","","text/html","Monthly Report - November 2025 | GMBCU","","https://www.gmbcreditunion.com/file/monthly-report-november-2025/","index, follow, max-image-preview:large, max-snippet:-1, max-video-preview:-1","","Monthly Report – November 2025","1","Monthly Report - November 2025 | GMBCU","","","summary_large_image","WebPage|BreadcrumbList|WebSite","9","1","26","6","file-single","2025-12-09T10:11:36+00:00","2025-12-09T10:11:36+00:00","sitemap","","source/html/file/monthly-report-november-2025/index.html",""
"https://www.gmbcreditunion.com/file/monthly-report-october-2023/","200","","","text/html","Monthly Report October 2023 | GMBCU","","https://www.gmbcreditunion.com/file/monthly-report-october-2023/","index, follow, max-image-preview:large, max-snippet:-1, max-video-preview:-1","","Monthly Report October 2023","1","Monthly Report October 2023 | GMBCU","","","summary_large_image","WebPage|BreadcrumbList|WebSite","8","1","26","6","file-single","2023-11-02T16:05:06+00:00","2023-11-02T16:05:06+00:00","sitemap","","source/html/file/monthly-report-october-2023/index.html",""
"https://www.gmbcreditunion.com/file/monthly-report-october-2024/","200","","","text/html","Monthly Report - October 2024 | GMBCU","","https://www.gmbcreditunion.com/file/monthly-report-october-2024/","index, follow, max-image-preview:large, max-snippet:-1, max-video-preview:-1","","Monthly Report – October 2024","1","Monthly Report - October 2024 | GMBCU","","","summary_large_image","WebPage|BreadcrumbList|WebSite","9","1","26","6","file-single","2024-11-04T10:38:42+00:00","2024-11-04T10:38:42+00:00","sitemap","","source/html/file/monthly-report-october-2024/index.html",""
"https://www.gmbcreditunion.com/file/monthly-report-sep-2024/","200","","","text/html","Monthly Report - Sep 2024 | GMBCU","","https://www.gmbcreditunion.com/file/monthly-report-sep-2024/","index, follow, max-image-preview:large, max-snippet:-1, max-video-preview:-1","","Monthly Report – Sep 2024","1","Monthly Report - Sep 2024 | GMBCU","","","summary_large_image","WebPage|BreadcrumbList|WebSite","9","1","26","6","file-single","2024-10-08T14:37:54+00:00","2024-10-08T14:37:54+00:00","sitemap","","source/html/file/monthly-report-sep-2024/index.html",""
"https://www.gmbcreditunion.com/file/monthly-report-september-2023/","200","","","text/html","Monthly Report - September 2023 | GMBCU","","https://www.gmbcreditunion.com/file/monthly-report-september-2023/","index, follow, max-image-preview:large, max-snippet:-1, max-video-preview:-1","","Monthly Report – September 2023","1","Monthly Report - September 2023 | GMBCU","","","summary_large_image","WebPage|BreadcrumbList|WebSite","9","1","26","6","file-single","2023-10-10T12:51:52+00:00","2023-10-10T12:51:52+00:00","sitemap","","source/html/file/monthly-report-september-2023/index.html",""
"https://www.gmbcreditunion.com/file/monthly-report-september-2025/","200","","","text/html","Monthly Report - September 2025 | GMBCU","","https://www.gmbcreditunion.com/file/monthly-report-september-2025/","index, follow, max-image-preview:large, max-snippet:-1, max-video-preview:-1","","Monthly Report – September 2025","1","Monthly Report - September 2025 | GMBCU","","","summary_large_image","WebPage|BreadcrumbList|WebSite","9","1","26","6","file-single","2025-10-07T12:41:50+00:00","2025-10-07T12:41:50+00:00","sitemap","","source/html/file/monthly-report-september-2025/index.html",""
"https://www.gmbcreditunion.com/file/monthly-report/","200","","","text/html","Monthly Report April 2024 | GMBCU","","https://www.gmbcreditunion.com/file/monthly-report/","index, follow, max-image-preview:large, max-snippet:-1, max-video-preview:-1","","Monthly Report April 2024","1","Monthly Report April 2024 | GMBCU","","","summary_large_image","WebPage|BreadcrumbList|WebSite","8","1","26","6","file-single","2024-05-13T13:44:12+00:00","2024-05-13T13:44:12+00:00","sitemap","","source/html/file/monthly-report/index.html",""
"https://www.gmbcreditunion.com/file/organisational-chart/","200","","","text/html","Organisational Chart | GMBCU","","https://www.gmbcreditunion.com/file/organisational-chart/","index, follow, max-image-preview:large, max-snippet:-1, max-video-preview:-1","","Organisational Chart","1","Organisational Chart | GMBCU","","","summary_large_image","WebPage|BreadcrumbList|WebSite","6","0","26","6","file-single","2024-05-23T12:00:53+00:00","2024-05-23T12:00:53+00:00","sitemap","","source/html/file/organisational-chart/index.html",""
"https://www.gmbcreditunion.com/file/privacy-policy/","200","","","text/html","Privacy Policy | GMBCU","","https://www.gmbcreditunion.com/file/privacy-policy/","index, follow, max-image-preview:large, max-snippet:-1, max-video-preview:-1","","Privacy Policy","1","Privacy Policy | GMBCU","","","summary_large_image","WebPage|BreadcrumbList|WebSite","6","0","26","6","file-single","2024-05-23T12:01:35+00:00","2024-05-23T12:01:35+00:00","sitemap","","source/html/file/privacy-policy/index.html",""
"https://www.gmbcreditunion.com/file/prizesaver-termsandconditions/","200","","","text/html","PrizeSaver - terms and conditions | GMBCU","","https://www.gmbcreditunion.com/file/prizesaver-termsandconditions/","index, follow, max-image-preview:large, max-snippet:-1, max-video-preview:-1","","PrizeSaver – terms and conditions","1","PrizeSaver - terms and conditions | GMBCU","","","summary_large_image","WebPage|BreadcrumbList|WebSite","9","0","26","6","file-single","2023-12-14T16:27:39+00:00","2023-12-14T16:27:39+00:00","sitemap","","source/html/file/prizesaver-termsandconditions/index.html",""
"https://www.gmbcreditunion.com/file/processing-stats-april-2025/","200","","","text/html","Processing Stats - April 2025 | GMBCU","","https://www.gmbcreditunion.com/file/processing-stats-april-2025/","index, follow, max-image-preview:large, max-snippet:-1, max-video-preview:-1","","Processing Stats – April 2025","1","Processing Stats - April 2025 | GMBCU","","","summary_large_image","WebPage|BreadcrumbList|WebSite","9","1","26","6","file-single","2025-05-06T14:19:19+00:00","2025-05-06T14:19:19+00:00","sitemap","","source/html/file/processing-stats-april-2025/index.html",""
"https://www.gmbcreditunion.com/file/processing-stats-jan-2025/","200","","","text/html","Processing Stats - Jan 2025 | GMBCU","","https://www.gmbcreditunion.com/file/processing-stats-jan-2025/","index, follow, max-image-preview:large, max-snippet:-1, max-video-preview:-1","","Processing Stats – Jan 2025","1","Processing Stats - Jan 2025 | GMBCU","","","summary_large_image","WebPage|BreadcrumbList|WebSite","9","1","26","6","file-single","2025-02-03T15:22:43+00:00","2025-02-03T15:22:43+00:00","sitemap","","source/html/file/processing-stats-jan-2025/index.html",""
"https://www.gmbcreditunion.com/file/processing-stats-march-2025/","200","","","text/html","Processing Stats - March 2025 | GMBCU","","https://www.gmbcreditunion.com/file/processing-stats-march-2025/","index, follow, max-image-preview:large, max-snippet:-1, max-video-preview:-1","","Processing Stats – March 2025","1","Processing Stats - March 2025 | GMBCU","","","summary_large_image","WebPage|BreadcrumbList|WebSite","9","1","26","6","file-single","2025-04-01T13:47:58+00:00","2025-04-01T13:47:58+00:00","sitemap","","source/html/file/processing-stats-march-2025/index.html",""
"https://www.gmbcreditunion.com/file/processing-stats-october-2023/","200","","","text/html","Processing Stats October 2023 | GMBCU","","https://www.gmbcreditunion.com/file/processing-stats-october-2023/","index, follow, max-image-preview:large, max-snippet:-1, max-video-preview:-1","","Processing Stats October 2023","1","Processing Stats October 2023 | GMBCU","","","summary_large_image","WebPage|BreadcrumbList|WebSite","8","1","26","6","file-single","2023-11-02T15:59:37+00:00","2023-11-02T15:59:37+00:00","sitemap","","source/html/file/processing-stats-october-2023/index.html",""
"https://www.gmbcreditunion.com/file/redundancy/","200","","","text/html","Redundancy | GMBCU","","https://www.gmbcreditunion.com/file/redundancy/","index, follow, max-image-preview:large, max-snippet:-1, max-video-preview:-1","","Redundancy","1","Redundancy | GMBCU","","","summary_large_image","WebPage|BreadcrumbList|WebSite","5","0","26","6","file-single","2023-08-31T18:55:41+00:00","2023-08-31T18:55:41+00:00","sitemap","","source/html/file/redundancy/index.html",""
"https://www.gmbcreditunion.com/file/responsibility-of-directors/","200","","","text/html","Responsibility of Directors | GMBCU","","https://www.gmbcreditunion.com/file/responsibility-of-directors/","index, follow, max-image-preview:large, max-snippet:-1, max-video-preview:-1","","Responsibility of Directors","1","Responsibility of Directors | GMBCU","","","summary_large_image","WebPage|BreadcrumbList|WebSite","7","1","26","6","file-single","2024-05-15T09:11:06+00:00","2024-05-15T09:11:06+00:00","sitemap","","source/html/file/responsibility-of-directors/index.html",""
"https://www.gmbcreditunion.com/file/retaining-archiving-records/","200","","","text/html","Retaining & Archiving Records | GMBCU","","https://www.gmbcreditunion.com/file/retaining-archiving-records/","index, follow, max-image-preview:large, max-snippet:-1, max-video-preview:-1","","Retaining & Archiving Records","1","Retaining & Archiving Records | GMBCU","","","summary_large_image","WebPage|BreadcrumbList|WebSite","8","0","26","6","file-single","2024-05-23T12:02:45+00:00","2024-05-23T12:02:45+00:00","sitemap","","source/html/file/retaining-archiving-records/index.html",""
"https://www.gmbcreditunion.com/file/risk-appetite-statements-2025/","200","","","text/html","Risk Appetite Statements 2025 | GMBCU","","https://www.gmbcreditunion.com/file/risk-appetite-statements-2025/","index, follow, max-image-preview:large, max-snippet:-1, max-video-preview:-1","","Risk Appetite Statements 2025","1","Risk Appetite Statements 2025 | GMBCU","","","summary_large_image","WebPage|BreadcrumbList|WebSite","8","1","26","6","file-single","2025-03-27T14:58:26+00:00","2025-03-27T14:58:26+00:00","sitemap","","source/html/file/risk-appetite-statements-2025/index.html",""
"https://www.gmbcreditunion.com/file/risk-key-area-summary/","200","","","text/html","Risk Key Area Summary | GMBCU","","https://www.gmbcreditunion.com/file/risk-key-area-summary/","index, follow, max-image-preview:large, max-snippet:-1, max-video-preview:-1","","Risk Key Area Summary","1","Risk Key Area Summary | GMBCU","","","summary_large_image","WebPage|BreadcrumbList|WebSite","8","0","26","6","file-single","2024-05-23T12:04:34+00:00","2024-05-23T12:04:34+00:00","sitemap","","source/html/file/risk-key-area-summary/index.html",""
"https://www.gmbcreditunion.com/file/risk-management-framework/","200","","","text/html","Risk Management Framework | GMBCU","","https://www.gmbcreditunion.com/file/risk-management-framework/","index, follow, max-image-preview:large, max-snippet:-1, max-video-preview:-1","","Risk Management Framework","1","Risk Management Framework | GMBCU","","","summary_large_image","WebPage|BreadcrumbList|WebSite","7","0","26","6","file-single","2024-05-23T12:05:16+00:00","2024-05-23T12:05:16+00:00","sitemap","","source/html/file/risk-management-framework/index.html",""
"https://www.gmbcreditunion.com/file/scv-procedure/","200","","","text/html","SCV Procedure | GMBCU","","https://www.gmbcreditunion.com/file/scv-procedure/","index, follow, max-image-preview:large, max-snippet:-1, max-video-preview:-1","","SCV Procedure","1","SCV Procedure | GMBCU","","","summary_large_image","WebPage|BreadcrumbList|WebSite","6","1","26","6","file-single","2024-05-24T12:04:13+00:00","2024-05-24T12:04:13+00:00","sitemap","","source/html/file/scv-procedure/index.html",""
"https://www.gmbcreditunion.com/file/senior-manager-handover-policy/","200","","","text/html","Senior Manager Handover Policy | GMBCU","","https://www.gmbcreditunion.com/file/senior-manager-handover-policy/","index, follow, max-image-preview:large, max-snippet:-1, max-video-preview:-1","","Senior Manager Handover Policy","1","Senior Manager Handover Policy | GMBCU","","","summary_large_image","WebPage|BreadcrumbList|WebSite","8","0","26","6","file-single","2024-05-23T12:06:02+00:00","2024-05-23T12:06:02+00:00","sitemap","","source/html/file/senior-manager-handover-policy/index.html",""
"https://www.gmbcreditunion.com/file/september-2023-marketing-overview/","200","","","text/html","Marketing Overview | GMBCU","","https://www.gmbcreditunion.com/file/september-2023-marketing-overview/","index, follow, max-image-preview:large, max-snippet:-1, max-video-preview:-1","","Marketing Overview","1","Marketing Overview | GMBCU","","","summary_large_image","WebPage|BreadcrumbList|WebSite","6","1","26","6","file-single","2023-10-17T13:32:15+00:00","2023-10-17T13:32:15+00:00","sitemap","","source/html/file/september-2023-marketing-overview/index.html",""
"https://www.gmbcreditunion.com/file/smcr-policy/","200","","","text/html","SMCR Policy | GMBCU","","https://www.gmbcreditunion.com/file/smcr-policy/","index, follow, max-image-preview:large, max-snippet:-1, max-video-preview:-1","","SMCR Policy","1","SMCR Policy | GMBCU","","","summary_large_image","WebPage|BreadcrumbList|WebSite","6","0","26","6","file-single","2024-05-23T12:07:07+00:00","2024-05-23T12:07:07+00:00","sitemap","","source/html/file/smcr-policy/index.html",""
"https://www.gmbcreditunion.com/file/supervisor-report/","200","","","text/html","Supervisor Report | GMBCU","","https://www.gmbcreditunion.com/file/supervisor-report/","index, follow, max-image-preview:large, max-snippet:-1, max-video-preview:-1","","Supervisor Report","1","Supervisor Report | GMBCU","","","summary_large_image","WebPage|BreadcrumbList|WebSite","6","0","26","6","file-single","2024-03-14T17:02:17+00:00","2024-03-14T17:02:17+00:00","sitemap","","source/html/file/supervisor-report/index.html",""
"https://www.gmbcreditunion.com/file/supervisory-internal-audit/","200","","","text/html","Supervisory (Internal Audit) | GMBCU","","https://www.gmbcreditunion.com/file/supervisory-internal-audit/","index, follow, max-image-preview:large, max-snippet:-1, max-video-preview:-1","","Supervisory (Internal Audit)","1","Supervisory (Internal Audit) | GMBCU","","","summary_large_image","WebPage|BreadcrumbList|WebSite","7","1","26","6","file-single","2024-05-23T12:15:56+00:00","2024-05-23T12:15:56+00:00","sitemap","","source/html/file/supervisory-internal-audit/index.html",""
"https://www.gmbcreditunion.com/file/tcu-rule-book-final-fsa-approved/","200","","","text/html","TCU Rule Book Final FSA Approved | GMBCU","","https://www.gmbcreditunion.com/file/tcu-rule-book-final-fsa-approved/","index, follow, max-image-preview:large, max-snippet:-1, max-video-preview:-1","","TCU Rule Book Final FSA Approved","1","TCU Rule Book Final FSA Approved | GMBCU","","","summary_large_image","WebPage|BreadcrumbList|WebSite","10","0","26","6","file-single","2023-08-31T18:57:31+00:00","2023-08-31T18:57:31+00:00","sitemap","","source/html/file/tcu-rule-book-final-fsa-approved/index.html",""
"https://www.gmbcreditunion.com/file/the-role-of-the-board/","200","","","text/html","The Role of the Board | GMBCU","","https://www.gmbcreditunion.com/file/the-role-of-the-board/","index, follow, max-image-preview:large, max-snippet:-1, max-video-preview:-1","","The Role of the Board","1","The Role of the Board | GMBCU","","","summary_large_image","WebPage|BreadcrumbList|WebSite","9","1","26","6","file-single","2024-05-15T09:10:55+00:00","2024-05-15T09:10:55+00:00","sitemap","","source/html/file/the-role-of-the-board/index.html",""
"https://www.gmbcreditunion.com/file/the-role-of-the-ceo/","200","","","text/html","The Role of the CEO | GMBCU","","https://www.gmbcreditunion.com/file/the-role-of-the-ceo/","index, follow, max-image-preview:large, max-snippet:-1, max-video-preview:-1","","The Role of the CEO","1","The Role of the CEO | GMBCU","","","summary_large_image","WebPage|BreadcrumbList|WebSite","9","1","26","6","file-single","2024-05-15T09:10:43+00:00","2024-05-15T09:10:43+00:00","sitemap","","source/html/file/the-role-of-the-ceo/index.html",""
"https://www.gmbcreditunion.com/file/the-role-of-the-chair-of-the-board-2/","200","","","text/html","The Role of the Chair of the Board | GMBCU","","https://www.gmbcreditunion.com/file/the-role-of-the-chair-of-the-board-2/","index, follow, max-image-preview:large, max-snippet:-1, max-video-preview:-1","","The Role of the Chair of the Board","1","The Role of the Chair of the Board | GMBCU","","","summary_large_image","WebPage|BreadcrumbList|WebSite","12","1","26","6","file-single","2024-05-15T09:10:32+00:00","2024-05-15T09:10:32+00:00","sitemap","","source/html/file/the-role-of-the-chair-of-the-board-2/index.html",""
"https://www.gmbcreditunion.com/file/the-role-of-the-treasurer/","200","","","text/html","The Role of the Treasurer | GMBCU","","https://www.gmbcreditunion.com/file/the-role-of-the-treasurer/","index, follow, max-image-preview:large, max-snippet:-1, max-video-preview:-1","","The Role of the Treasurer","1","The Role of the Treasurer | GMBCU","","","summary_large_image","WebPage|BreadcrumbList|WebSite","9","1","26","6","file-single","2024-05-15T09:10:21+00:00","2024-05-15T09:10:21+00:00","sitemap","","source/html/file/the-role-of-the-treasurer/index.html",""
"https://www.gmbcreditunion.com/file/third-party-due-diligence-policy/","200","","","text/html","Third Party Due Diligence Policy | GMBCU","","https://www.gmbcreditunion.com/file/third-party-due-diligence-policy/","index, follow, max-image-preview:large, max-snippet:-1, max-video-preview:-1","","Third Party Due Diligence Policy","1","Third Party Due Diligence Policy | GMBCU","","","summary_large_image","WebPage|BreadcrumbList|WebSite","9","0","26","6","file-single","2024-05-23T12:07:47+00:00","2024-05-23T12:07:47+00:00","sitemap","","source/html/file/third-party-due-diligence-policy/index.html",""
"https://www.gmbcreditunion.com/file/training-competence-framework/","200","","","text/html","Training & Competence Framework | GMBCU","","https://www.gmbcreditunion.com/file/training-competence-framework/","index, follow, max-image-preview:large, max-snippet:-1, max-video-preview:-1","","Training & Competence Framework","1","Training & Competence Framework | GMBCU","","","summary_large_image","WebPage|BreadcrumbList|WebSite","8","0","26","6","file-single","2024-05-23T12:08:25+00:00","2024-05-23T12:08:25+00:00","sitemap","","source/html/file/training-competence-framework/index.html",""
"https://www.gmbcreditunion.com/file/treasurers-report/","200","","","text/html","Treasurer's Report | GMBCU","","https://www.gmbcreditunion.com/file/treasurers-report/","index, follow, max-image-preview:large, max-snippet:-1, max-video-preview:-1","","Treasurer’s Report","1","Treasurer's Report | GMBCU","","","summary_large_image","WebPage|BreadcrumbList|WebSite","6","0","26","6","file-single","2024-03-06T16:56:48+00:00","2024-03-06T16:56:48+00:00","sitemap","","source/html/file/treasurers-report/index.html",""
"https://www.gmbcreditunion.com/file/treasury-management-policy/","200","","","text/html","Treasury Management Policy | GMBCU","","https://www.gmbcreditunion.com/file/treasury-management-policy/","index, follow, max-image-preview:large, max-snippet:-1, max-video-preview:-1","","Treasury Management Policy","1","Treasury Management Policy | GMBCU","","","summary_large_image","WebPage|BreadcrumbList|WebSite","7","0","26","6","file-single","2024-06-07T10:53:36+00:00","2024-06-07T10:53:36+00:00","sitemap","","source/html/file/treasury-management-policy/index.html",""
"https://www.gmbcreditunion.com/file/treating-members-fairly/","200","","","text/html","Treating Members Fairly | GMBCU","","https://www.gmbcreditunion.com/file/treating-members-fairly/","index, follow, max-image-preview:large, max-snippet:-1, max-video-preview:-1","","Treating Members Fairly","1","Treating Members Fairly | GMBCU","","","summary_large_image","WebPage|BreadcrumbList|WebSite","7","1","26","6","file-single","2024-05-23T12:17:43+00:00","2024-05-23T12:17:43+00:00","sitemap","","source/html/file/treating-members-fairly/index.html",""
"https://www.gmbcreditunion.com/file/vulnerable-customers-policy/","200","","","text/html","Vulnerable Customers Policy | GMBCU","","https://www.gmbcreditunion.com/file/vulnerable-customers-policy/","index, follow, max-image-preview:large, max-snippet:-1, max-video-preview:-1","","Vulnerable Customers Policy","1","Vulnerable Customers Policy | GMBCU","","","summary_large_image","WebPage|BreadcrumbList|WebSite","7","0","26","6","file-single","2024-05-23T12:09:16+00:00","2024-05-23T12:09:16+00:00","sitemap","","source/html/file/vulnerable-customers-policy/index.html",""
"https://www.gmbcreditunion.com/file/vulnerable-members/","200","","","text/html","Vulnerable Members | GMBCU","","https://www.gmbcreditunion.com/file/vulnerable-members/","index, follow, max-image-preview:large, max-snippet:-1, max-video-preview:-1","","Vulnerable Members","1","Vulnerable Members | GMBCU","","","summary_large_image","WebPage|BreadcrumbList|WebSite","6","1","26","6","file-single","2024-05-23T12:19:09+00:00","2024-05-23T12:19:09+00:00","sitemap","","source/html/file/vulnerable-members/index.html",""
"https://www.gmbcreditunion.com/file/whistleblowing-policy/","200","","","text/html","Whistleblowing Policy | GMBCU","","https://www.gmbcreditunion.com/file/whistleblowing-policy/","index, follow, max-image-preview:large, max-snippet:-1, max-video-preview:-1","","Whistleblowing Policy","1","Whistleblowing Policy | GMBCU","","","summary_large_image","WebPage|BreadcrumbList|WebSite","6","0","26","6","file-single","2024-05-23T12:09:57+00:00","2024-05-23T12:09:57+00:00","sitemap","","source/html/file/whistleblowing-policy/index.html",""
"https://www.gmbcreditunion.com/filter-files-sitemap.xml","200","","","text/xml","","","","","","","","","","","","","","0","0","","document","","","wayback","","source/media/filter-files-sitemap.xml",""
"https://www.gmbcreditunion.com/filter/annual-audited-accounts/","200","","","text/html","Annual Audited Accounts Archives | GMBCU","","https://www.gmbcreditunion.com/filter/annual-audited-accounts/","index, follow, max-image-preview:large, max-snippet:-1, max-video-preview:-1","","Our Blog","1","Annual Audited Accounts Archives | GMBCU","","","summary_large_image","CollectionPage|BreadcrumbList|WebSite","69","0","28","7","filter-archive","2024-04-19T11:02:41+00:00","2024-04-19T11:02:41+00:00","sitemap","","source/html/filter/annual-audited-accounts/index.html",""
"https://www.gmbcreditunion.com/filter/annual-report/","200","","","text/html","Annual Report Archives | GMBCU","","https://www.gmbcreditunion.com/filter/annual-report/","index, follow, max-image-preview:large, max-snippet:-1, max-video-preview:-1","","Our Blog","1","Annual Report Archives | GMBCU","","","summary_large_image","CollectionPage|BreadcrumbList|WebSite","67","0","28","7","filter-archive","2024-04-19T10:57:58+00:00","2024-04-19T10:57:58+00:00","sitemap","","source/html/filter/annual-report/index.html",""
"https://www.gmbcreditunion.com/filter/april-2023/","200","","","text/html","April 2023 Archives | GMBCU","","https://www.gmbcreditunion.com/filter/april-2023/","index, follow, max-image-preview:large, max-snippet:-1, max-video-preview:-1","","Our Blog","1","April 2023 Archives | GMBCU","","","summary_large_image","CollectionPage|BreadcrumbList|WebSite","89","0","30","7","filter-archive","2023-08-31T18:18:02+00:00","2023-08-31T18:18:02+00:00","sitemap","","source/html/filter/april-2023/index.html",""
"https://www.gmbcreditunion.com/filter/april-2024/","200","","","text/html","April 2024 Archives | GMBCU","","https://www.gmbcreditunion.com/filter/april-2024/","index, follow, max-image-preview:large, max-snippet:-1, max-video-preview:-1","","Our Blog","1","April 2024 Archives | GMBCU","","","summary_large_image","CollectionPage|BreadcrumbList|WebSite","85","0","30","7","filter-archive","2024-05-23T15:14:32+00:00","2024-05-23T15:14:32+00:00","sitemap","","source/html/filter/april-2024/index.html",""
"https://www.gmbcreditunion.com/filter/april-2025/","200","","","text/html","April 2025 Archives | GMBCU","","https://www.gmbcreditunion.com/filter/april-2025/","index, follow, max-image-preview:large, max-snippet:-1, max-video-preview:-1","","Our Blog","1","April 2025 Archives | GMBCU","","","summary_large_image","CollectionPage|BreadcrumbList|WebSite","84","0","30","7","filter-archive","2025-05-14T09:58:25+00:00","2025-05-14T09:58:25+00:00","sitemap","","source/html/filter/april-2025/index.html",""
"https://www.gmbcreditunion.com/filter/april-2026/","200","","","text/html","April 2026 Archives | GMBCU","","https://www.gmbcreditunion.com/filter/april-2026/","index, follow, max-image-preview:large, max-snippet:-1, max-video-preview:-1","","Our Blog","1","April 2026 Archives | GMBCU","","","summary_large_image","CollectionPage|BreadcrumbList|WebSite","86","0","30","7","filter-archive","2026-05-11T14:48:42+00:00","2026-05-11T14:48:42+00:00","sitemap","","source/html/filter/april-2026/index.html",""
"https://www.gmbcreditunion.com/filter/august-2023/","200","","","text/html","August 2023 Archives | GMBCU","","https://www.gmbcreditunion.com/filter/august-2023/","index, follow, max-image-preview:large, max-snippet:-1, max-video-preview:-1","","Our Blog","1","August 2023 Archives | GMBCU","","","summary_large_image","CollectionPage|BreadcrumbList|WebSite","88","0","30","7","filter-archive","2023-10-09T11:41:29+00:00","2023-10-09T11:41:29+00:00","sitemap","","source/html/filter/august-2023/index.html",""
"https://www.gmbcreditunion.com/filter/august-2024/","200","","","text/html","August 2024 Archives | GMBCU","","https://www.gmbcreditunion.com/filter/august-2024/","index, follow, max-image-preview:large, max-snippet:-1, max-video-preview:-1","","Our Blog","1","August 2024 Archives | GMBCU","","","summary_large_image","CollectionPage|BreadcrumbList|WebSite","86","0","30","7","filter-archive","2024-09-16T09:50:35+00:00","2024-09-16T09:50:35+00:00","sitemap","","source/html/filter/august-2024/index.html",""
"https://www.gmbcreditunion.com/filter/august-2025/","200","","","text/html","August 2025 Archives | GMBCU","","https://www.gmbcreditunion.com/filter/august-2025/","index, follow, max-image-preview:large, max-snippet:-1, max-video-preview:-1","","Our Blog","1","August 2025 Archives | GMBCU","","","summary_large_image","CollectionPage|BreadcrumbList|WebSite","86","0","30","7","filter-archive","2025-09-11T13:36:33+00:00","2025-09-11T13:36:33+00:00","sitemap","","source/html/filter/august-2025/index.html",""
"https://www.gmbcreditunion.com/filter/august-2026/","200","","","text/html","August 2026 Archives | GMBCU","","https://www.gmbcreditunion.com/filter/august-2026/","index, follow, max-image-preview:large, max-snippet:-1, max-video-preview:-1","","Our Blog","1","August 2026 Archives | GMBCU","","","summary_large_image","CollectionPage|BreadcrumbList|WebSite","77","0","29","7","filter-archive","2026-09-09T14:00:33+00:00","2026-09-09T14:00:33+00:00","sitemap","","source/html/filter/august-2026/index.html",""
"https://www.gmbcreditunion.com/filter/board-minutes/","200","","","text/html","Board Minutes Archives | GMBCU","","https://www.gmbcreditunion.com/filter/board-minutes/","index, follow, max-image-preview:large, max-snippet:-1, max-video-preview:-1","","Our Blog","1","Board Minutes Archives | GMBCU","","","summary_large_image","CollectionPage|BreadcrumbList|WebSite","127","0","35","7","filter-archive","2026-04-16T10:56:32+00:00","2026-04-16T10:56:32+00:00","sitemap","","source/html/filter/board-minutes/index.html",""
"https://www.gmbcreditunion.com/filter/board-minutes/page/2/","200","","","text/html","Board Minutes Archives | Page 2 of 2 | GMBCU","","https://www.gmbcreditunion.com/filter/board-minutes/page/2/","max-image-preview:large, noindex,follow","","Our Blog","1","Board Minutes Archives | Page 2 of 2 | GMBCU","","","summary_large_image","CollectionPage|BreadcrumbList|WebSite","118","1","34","7","filter-archive","","","wayback","","source/html/filter/board-minutes/page/2/index.html",""
"https://www.gmbcreditunion.com/filter/budget/","200","","","text/html","Budget Archives | GMBCU","","https://www.gmbcreditunion.com/filter/budget/","index, follow, max-image-preview:large, max-snippet:-1, max-video-preview:-1","","Our Blog","1","Budget Archives | GMBCU","","","summary_large_image","CollectionPage|BreadcrumbList|WebSite","60","0","27","7","filter-archive","2025-02-13T10:57:42+00:00","2025-02-13T10:57:42+00:00","sitemap","","source/html/filter/budget/index.html",""
"https://www.gmbcreditunion.com/filter/business-plan/","200","","","text/html","Business Plan Archives | GMBCU","","https://www.gmbcreditunion.com/filter/business-plan/","index, follow, max-image-preview:large, max-snippet:-1, max-video-preview:-1","","Our Blog","1","Business Plan Archives | GMBCU","","","summary_large_image","CollectionPage|BreadcrumbList|WebSite","73","0","29","7","filter-archive","2025-03-27T14:57:15+00:00","2025-03-27T14:57:15+00:00","sitemap","","source/html/filter/business-plan/index.html",""
"https://www.gmbcreditunion.com/filter/business-policies/","200","","","text/html","Business policies Archives | GMBCU","","https://www.gmbcreditunion.com/filter/business-policies/","index, follow, max-image-preview:large, max-snippet:-1, max-video-preview:-1","","Our Blog","1","Business policies Archives | GMBCU","","","summary_large_image","CollectionPage|BreadcrumbList|WebSite","69","0","28","7","filter-archive","2024-06-07T10:23:57+00:00","2024-06-07T10:23:57+00:00","sitemap","","source/html/filter/business-policies/index.html",""
"https://www.gmbcreditunion.com/filter/december-2023/","200","","","text/html","December 2023 Archives | GMBCU","","https://www.gmbcreditunion.com/filter/december-2023/","index, follow, max-image-preview:large, max-snippet:-1, max-video-preview:-1","","Our Blog","1","December 2023 Archives | GMBCU","","","summary_large_image","CollectionPage|BreadcrumbList|WebSite","89","0","30","7","filter-archive","2024-01-19T10:26:12+00:00","2024-01-19T10:26:12+00:00","sitemap","","source/html/filter/december-2023/index.html",""
"https://www.gmbcreditunion.com/filter/december-2024/","200","","","text/html","December 2024 Archives | GMBCU","","https://www.gmbcreditunion.com/filter/december-2024/","index, follow, max-image-preview:large, max-snippet:-1, max-video-preview:-1","","Our Blog","1","December 2024 Archives | GMBCU","","","summary_large_image","CollectionPage|BreadcrumbList|WebSite","86","0","30","7","filter-archive","2025-01-23T10:23:49+00:00","2025-01-23T10:23:49+00:00","sitemap","","source/html/filter/december-2024/index.html",""
"https://www.gmbcreditunion.com/filter/december-2025-monthly-reports/","200","","","text/html","December 2025 Archives | GMBCU","","https://www.gmbcreditunion.com/filter/december-2025-monthly-reports/","index, follow, max-image-preview:large, max-snippet:-1, max-video-preview:-1","","Our Blog","1","December 2025 Archives | GMBCU","","","summary_large_image","CollectionPage|BreadcrumbList|WebSite","86","0","30","7","filter-archive","2026-01-19T15:09:46+00:00","2026-01-19T15:09:46+00:00","sitemap","","source/html/filter/december-2025-monthly-reports/index.html",""
"https://www.gmbcreditunion.com/filter/employee-policies/","200","","","text/html","Employee policies Archives | GMBCU","","https://www.gmbcreditunion.com/filter/employee-policies/","index, follow, max-image-preview:large, max-snippet:-1, max-video-preview:-1","","Our Blog","1","Employee policies Archives | GMBCU","","","summary_large_image","CollectionPage|BreadcrumbList|WebSite","66","0","28","7","filter-archive","2024-06-07T10:23:13+00:00","2024-06-07T10:23:13+00:00","sitemap","","source/html/filter/employee-policies/index.html",""
"https://www.gmbcreditunion.com/filter/february-2023/","200","","","text/html","February 2023 Archives | GMBCU","","https://www.gmbcreditunion.com/filter/february-2023/","index, follow, max-image-preview:large, max-snippet:-1, max-video-preview:-1","","Our Blog","1","February 2023 Archives | GMBCU","","","summary_large_image","CollectionPage|BreadcrumbList|WebSite","89","0","30","7","filter-archive","2023-08-31T18:12:00+00:00","2023-08-31T18:12:00+00:00","sitemap","","source/html/filter/february-2023/index.html",""
"https://www.gmbcreditunion.com/filter/february-2024/","200","","","text/html","February 2024 Archives | GMBCU","","https://www.gmbcreditunion.com/filter/february-2024/","index, follow, max-image-preview:large, max-snippet:-1, max-video-preview:-1","","Our Blog","1","February 2024 Archives | GMBCU","","","summary_large_image","CollectionPage|BreadcrumbList|WebSite","89","0","30","7","filter-archive","2024-03-19T11:51:47+00:00","2024-03-19T11:51:47+00:00","sitemap","","source/html/filter/february-2024/index.html",""
"https://www.gmbcreditunion.com/filter/february-2025/","200","","","text/html","February 2025 Archives | GMBCU","","https://www.gmbcreditunion.com/filter/february-2025/","index, follow, max-image-preview:large, max-snippet:-1, max-video-preview:-1","","Our Blog","1","February 2025 Archives | GMBCU","","","summary_large_image","CollectionPage|BreadcrumbList|WebSite","77","0","30","7","filter-archive","2025-03-13T10:41:44+00:00","2025-03-13T10:41:44+00:00","sitemap","","source/html/filter/february-2025/index.html",""
"https://www.gmbcreditunion.com/filter/february-2026/","200","","","text/html","February 2026 Archives | GMBCU","","https://www.gmbcreditunion.com/filter/february-2026/","index, follow, max-image-preview:large, max-snippet:-1, max-video-preview:-1","","Our Blog","1","February 2026 Archives | GMBCU","","","summary_large_image","CollectionPage|BreadcrumbList|WebSite","86","0","30","7","filter-archive","2026-03-09T14:46:18+00:00","2026-03-09T14:46:18+00:00","sitemap","","source/html/filter/february-2026/index.html",""
"https://www.gmbcreditunion.com/filter/governance/","200","","","text/html","Governance Archives | GMBCU","","https://www.gmbcreditunion.com/filter/governance/","index, follow, max-image-preview:large, max-snippet:-1, max-video-preview:-1","","Our Blog","1","Governance Archives | GMBCU","","","summary_large_image","CollectionPage|BreadcrumbList|WebSite","121","0","35","7","filter-archive","2025-03-27T14:58:26+00:00","2025-03-27T14:58:26+00:00","sitemap","","source/html/filter/governance/index.html",""
"https://www.gmbcreditunion.com/filter/governance/page/2/","200","","","text/html","Governance Archives | Page 2 of 2 | GMBCU","","https://www.gmbcreditunion.com/filter/governance/page/2/","max-image-preview:large, noindex,follow","","Our Blog","1","Governance Archives | Page 2 of 2 | GMBCU","","","summary_large_image","CollectionPage|BreadcrumbList|WebSite","105","1","34","7","filter-archive","","","wayback","","source/html/filter/governance/page/2/index.html",""
"https://www.gmbcreditunion.com/filter/january-2023/","200","","","text/html","January 2023 Archives | GMBCU","","https://www.gmbcreditunion.com/filter/january-2023/","index, follow, max-image-preview:large, max-snippet:-1, max-video-preview:-1","","Our Blog","1","January 2023 Archives | GMBCU","","","summary_large_image","CollectionPage|BreadcrumbList|WebSite","89","0","30","7","filter-archive","2023-08-31T18:06:59+00:00","2023-08-31T18:06:59+00:00","sitemap","","source/html/filter/january-2023/index.html",""
"https://www.gmbcreditunion.com/filter/january-2024/","200","","","text/html","January 2024 Archives | GMBCU","","https://www.gmbcreditunion.com/filter/january-2024/","index, follow, max-image-preview:large, max-snippet:-1, max-video-preview:-1","","Our Blog","1","January 2024 Archives | GMBCU","","","summary_large_image","CollectionPage|BreadcrumbList|WebSite","89","0","30","7","filter-archive","2024-02-13T11:14:35+00:00","2024-02-13T11:14:35+00:00","sitemap","","source/html/filter/january-2024/index.html",""
"https://www.gmbcreditunion.com/filter/january-2025/","200","","","text/html","January 2025 Archives | GMBCU","","https://www.gmbcreditunion.com/filter/january-2025/","index, follow, max-image-preview:large, max-snippet:-1, max-video-preview:-1","","Our Blog","1","January 2025 Archives | GMBCU","","","summary_large_image","CollectionPage|BreadcrumbList|WebSite","84","0","30","7","filter-archive","2025-02-17T15:26:33+00:00","2025-02-17T15:26:33+00:00","sitemap","","source/html/filter/january-2025/index.html",""
"https://www.gmbcreditunion.com/filter/january-2026-monthly-reports/","200","","","text/html","January 2026 Archives | GMBCU","","https://www.gmbcreditunion.com/filter/january-2026-monthly-reports/","index, follow, max-image-preview:large, max-snippet:-1, max-video-preview:-1","","Our Blog","1","January 2026 Archives | GMBCU","","","summary_large_image","CollectionPage|BreadcrumbList|WebSite","86","0","30","7","filter-archive","2026-04-16T11:02:09+00:00","2026-04-16T11:02:09+00:00","sitemap","","source/html/filter/january-2026-monthly-reports/index.html",""
"https://www.gmbcreditunion.com/filter/july-2023/","200","","","text/html","July 2023 Archives | GMBCU","","https://www.gmbcreditunion.com/filter/july-2023/","index, follow, max-image-preview:large, max-snippet:-1, max-video-preview:-1","","Our Blog","1","July 2023 Archives | GMBCU","","","summary_large_image","CollectionPage|BreadcrumbList|WebSite","89","0","30","7","filter-archive","2023-08-31T22:10:41+00:00","2023-08-31T22:10:41+00:00","sitemap","","source/html/filter/july-2023/index.html",""
"https://www.gmbcreditunion.com/filter/july-2024/","200","","","text/html","July 2024 Archives | GMBCU","","https://www.gmbcreditunion.com/filter/july-2024/","index, follow, max-image-preview:large, max-snippet:-1, max-video-preview:-1","","Our Blog","1","July 2024 Archives | GMBCU","","","summary_large_image","CollectionPage|BreadcrumbList|WebSite","85","0","30","7","filter-archive","2024-08-29T13:18:49+00:00","2024-08-29T13:18:49+00:00","sitemap","","source/html/filter/july-2024/index.html",""
"https://www.gmbcreditunion.com/filter/july-2025/","200","","","text/html","July 2025 Archives | GMBCU","","https://www.gmbcreditunion.com/filter/july-2025/","index, follow, max-image-preview:large, max-snippet:-1, max-video-preview:-1","","Our Blog","1","July 2025 Archives | GMBCU","","","summary_large_image","CollectionPage|BreadcrumbList|WebSite","86","0","30","7","filter-archive","2025-08-12T09:25:46+00:00","2025-08-12T09:25:46+00:00","sitemap","","source/html/filter/july-2025/index.html",""
"https://www.gmbcreditunion.com/filter/july2026-monthly-reports/","200","","","text/html","July2026 Archives | GMBCU","","https://www.gmbcreditunion.com/filter/july2026-monthly-reports/","index, follow, max-image-preview:large, max-snippet:-1, max-video-preview:-1","","Our Blog","1","July2026 Archives | GMBCU","","","summary_large_image","CollectionPage|BreadcrumbList|WebSite","86","0","30","7","filter-archive","2026-08-19T08:13:25+00:00","2026-08-19T08:13:25+00:00","sitemap","","source/html/filter/july2026-monthly-reports/index.html",""
"https://www.gmbcreditunion.com/filter/june-2023/","200","","","text/html","June 2023 Archives | GMBCU","","https://www.gmbcreditunion.com/filter/june-2023/","index, follow, max-image-preview:large, max-snippet:-1, max-video-preview:-1","","Our Blog","1","June 2023 Archives | GMBCU","","","summary_large_image","CollectionPage|BreadcrumbList|WebSite","89","0","30","7","filter-archive","2023-08-31T18:30:32+00:00","2023-08-31T18:30:32+00:00","sitemap","","source/html/filter/june-2023/index.html",""
"https://www.gmbcreditunion.com/filter/june-2024/","200","","","text/html","June 2024 Archives | GMBCU","","https://www.gmbcreditunion.com/filter/june-2024/","index, follow, max-image-preview:large, max-snippet:-1, max-video-preview:-1","","Our Blog","1","June 2024 Archives | GMBCU","","","summary_large_image","CollectionPage|BreadcrumbList|WebSite","86","0","30","7","filter-archive","2024-07-11T11:56:29+00:00","2024-07-11T11:56:29+00:00","sitemap","","source/html/filter/june-2024/index.html",""
"https://www.gmbcreditunion.com/filter/june-2025/","200","","","text/html","June 2025 Archives | GMBCU","","https://www.gmbcreditunion.com/filter/june-2025/","index, follow, max-image-preview:large, max-snippet:-1, max-video-preview:-1","","Our Blog","1","June 2025 Archives | GMBCU","","","summary_large_image","CollectionPage|BreadcrumbList|WebSite","86","0","30","7","filter-archive","2025-07-25T13:54:57+00:00","2025-07-25T13:54:57+00:00","sitemap","","source/html/filter/june-2025/index.html",""
"https://www.gmbcreditunion.com/filter/june-2026/","200","","","text/html","June 2026 Archives | GMBCU","","https://www.gmbcreditunion.com/filter/june-2026/","index, follow, max-image-preview:large, max-snippet:-1, max-video-preview:-1","","Our Blog","1","June 2026 Archives | GMBCU","","","summary_large_image","CollectionPage|BreadcrumbList|WebSite","86","0","30","7","filter-archive","2026-08-12T10:32:24+00:00","2026-08-12T10:32:24+00:00","sitemap","","source/html/filter/june-2026/index.html",""
"https://www.gmbcreditunion.com/filter/march-2023/","200","","","text/html","March 2023 Archives | GMBCU","","https://www.gmbcreditunion.com/filter/march-2023/","index, follow, max-image-preview:large, max-snippet:-1, max-video-preview:-1","","Our Blog","1","March 2023 Archives | GMBCU","","","summary_large_image","CollectionPage|BreadcrumbList|WebSite","89","0","30","7","filter-archive","2023-08-31T18:15:38+00:00","2023-08-31T18:15:38+00:00","sitemap","","source/html/filter/march-2023/index.html",""
"https://www.gmbcreditunion.com/filter/march-2024/","200","","","text/html","March 2024 Archives | GMBCU","","https://www.gmbcreditunion.com/filter/march-2024/","index, follow, max-image-preview:large, max-snippet:-1, max-video-preview:-1","","Our Blog","1","March 2024 Archives | GMBCU","","","summary_large_image","CollectionPage|BreadcrumbList|WebSite","85","0","30","7","filter-archive","2024-04-22T12:23:37+00:00","2024-04-22T12:23:37+00:00","sitemap","","source/html/filter/march-2024/index.html",""
"https://www.gmbcreditunion.com/filter/march-2025/","200","","","text/html","March 2025 Archives | GMBCU","","https://www.gmbcreditunion.com/filter/march-2025/","index, follow, max-image-preview:large, max-snippet:-1, max-video-preview:-1","","Our Blog","1","March 2025 Archives | GMBCU","","","summary_large_image","CollectionPage|BreadcrumbList|WebSite","84","0","30","7","filter-archive","2025-04-09T11:16:45+00:00","2025-04-09T11:16:45+00:00","sitemap","","source/html/filter/march-2025/index.html",""
"https://www.gmbcreditunion.com/filter/march-2026/","200","","","text/html","March 2026 Archives | GMBCU","","https://www.gmbcreditunion.com/filter/march-2026/","index, follow, max-image-preview:large, max-snippet:-1, max-video-preview:-1","","Our Blog","1","March 2026 Archives | GMBCU","","","summary_large_image","CollectionPage|BreadcrumbList|WebSite","86","0","30","7","filter-archive","2026-05-11T14:49:18+00:00","2026-05-11T14:49:18+00:00","sitemap","","source/html/filter/march-2026/index.html",""
"https://www.gmbcreditunion.com/filter/may-2023/","200","","","text/html","May 2023 Archives | GMBCU","","https://www.gmbcreditunion.com/filter/may-2023/","index, follow, max-image-preview:large, max-snippet:-1, max-video-preview:-1","","Our Blog","1","May 2023 Archives | GMBCU","","","summary_large_image","CollectionPage|BreadcrumbList|WebSite","89","0","30","7","filter-archive","2023-08-31T18:27:22+00:00","2023-08-31T18:27:22+00:00","sitemap","","source/html/filter/may-2023/index.html",""
"https://www.gmbcreditunion.com/filter/may-2024/","200","","","text/html","May 2024 Archives | GMBCU","","https://www.gmbcreditunion.com/filter/may-2024/","index, follow, max-image-preview:large, max-snippet:-1, max-video-preview:-1","","Our Blog","1","May 2024 Archives | GMBCU","","","summary_large_image","CollectionPage|BreadcrumbList|WebSite","86","0","30","7","filter-archive","2024-06-14T14:47:40+00:00","2024-06-14T14:47:40+00:00","sitemap","","source/html/filter/may-2024/index.html",""
"https://www.gmbcreditunion.com/filter/may-2025/","200","","","text/html","May 2025 Archives | GMBCU","","https://www.gmbcreditunion.com/filter/may-2025/","index, follow, max-image-preview:large, max-snippet:-1, max-video-preview:-1","","Our Blog","1","May 2025 Archives | GMBCU","","","summary_large_image","CollectionPage|BreadcrumbList|WebSite","86","0","30","7","filter-archive","2025-06-09T14:58:33+00:00","2025-06-09T14:58:33+00:00","sitemap","","source/html/filter/may-2025/index.html",""
"https://www.gmbcreditunion.com/filter/may-2026/","200","","","text/html","May 2026 Archives | GMBCU","","https://www.gmbcreditunion.com/filter/may-2026/","index, follow, max-image-preview:large, max-snippet:-1, max-video-preview:-1","","Our Blog","1","May 2026 Archives | GMBCU","","","summary_large_image","CollectionPage|BreadcrumbList|WebSite","86","0","30","7","filter-archive","2026-06-25T13:32:41+00:00","2026-06-25T13:32:41+00:00","sitemap","","source/html/filter/may-2026/index.html",""
"https://www.gmbcreditunion.com/filter/monthly-reports/","200","","","text/html","Monthly Reports Archives | GMBCU","","https://www.gmbcreditunion.com/filter/monthly-reports/","index, follow, max-image-preview:large, max-snippet:-1, max-video-preview:-1","","Our Blog","1","Monthly Reports Archives | GMBCU","","","summary_large_image","CollectionPage|BreadcrumbList|WebSite","116","0","40","7","filter-archive","2026-10-06T13:59:04+00:00","2026-10-06T13:59:04+00:00","sitemap","","source/html/filter/monthly-reports/index.html",""
"https://www.gmbcreditunion.com/filter/monthly-reports/page/2/","200","","","text/html","Monthly Reports Archives | Page 2 of 23 | GMBCU","","https://www.gmbcreditunion.com/filter/monthly-reports/page/2/","max-image-preview:large, noindex,follow","","Our Blog","1","Monthly Reports Archives | Page 2 of 23 | GMBCU","","","summary_large_image","CollectionPage|BreadcrumbList|WebSite","117","1","41","7","filter-archive","","","crawl","","source/html/filter/monthly-reports/page/2/index.html",""
"https://www.gmbcreditunion.com/filter/monthly-reports/page/23/","200","","","text/html","Monthly Reports Archives | Page 23 of 23 | GMBCU","","https://www.gmbcreditunion.com/filter/monthly-reports/page/23/","max-image-preview:large, noindex,follow","","Our Blog","1","Monthly Reports Archives | Page 23 of 23 | GMBCU","","","summary_large_image","CollectionPage|BreadcrumbList|WebSite","63","1","33","7","filter-archive","","","crawl","","source/html/filter/monthly-reports/page/23/index.html",""
"https://www.gmbcreditunion.com/filter/monthly-reports/page/3/","200","","","text/html","Monthly Reports Archives | Page 3 of 23 | GMBCU","","https://www.gmbcreditunion.com/filter/monthly-reports/page/3/","max-image-preview:large, noindex,follow","","Our Blog","1","Monthly Reports Archives | Page 3 of 23 | GMBCU","","","summary_large_image","CollectionPage|BreadcrumbList|WebSite","121","1","42","7","filter-archive","","","crawl","","source/html/filter/monthly-reports/page/3/index.html",""
"https://www.gmbcreditunion.com/filter/monthly-reports/page/4/","200","","","text/html","Monthly Reports Archives | Page 4 of 23 | GMBCU","","https://www.gmbcreditunion.com/filter/monthly-reports/page/4/","max-image-preview:large, noindex,follow","","Our Blog","1","Monthly Reports Archives | Page 4 of 23 | GMBCU","","","summary_large_image","CollectionPage|BreadcrumbList|WebSite","113","1","43","7","filter-archive","","","crawl","","source/html/filter/monthly-reports/page/4/index.html",""
"https://www.gmbcreditunion.com/filter/monthly-reports/page/5/","200","","","text/html","Monthly Reports Archives | Page 5 of 23 | GMBCU","","https://www.gmbcreditunion.com/filter/monthly-reports/page/5/","max-image-preview:large, noindex,follow","","Our Blog","1","Monthly Reports Archives | Page 5 of 23 | GMBCU","","","summary_large_image","CollectionPage|BreadcrumbList|WebSite","117","1","44","7","filter-archive","","","crawl","","source/html/filter/monthly-reports/page/5/index.html",""
"https://www.gmbcreditunion.com/filter/monthly-reports/page/6/","200","","","text/html","Monthly Reports Archives | Page 6 of 23 | GMBCU","","https://www.gmbcreditunion.com/filter/monthly-reports/page/6/","max-image-preview:large, noindex,follow","","Our Blog","1","Monthly Reports Archives | Page 6 of 23 | GMBCU","","","summary_large_image","CollectionPage|BreadcrumbList|WebSite","122","1","45","7","filter-archive","","","crawl","","source/html/filter/monthly-reports/page/6/index.html",""
"https://www.gmbcreditunion.com/filter/november-2023/","200","","","text/html","November 2023 Archives | GMBCU","","https://www.gmbcreditunion.com/filter/november-2023/","index, follow, max-image-preview:large, max-snippet:-1, max-video-preview:-1","","Our Blog","1","November 2023 Archives | GMBCU","","","summary_large_image","CollectionPage|BreadcrumbList|WebSite","86","0","30","7","filter-archive","2024-01-02T16:50:56+00:00","2024-01-02T16:50:56+00:00","sitemap","","source/html/filter/november-2023/index.html",""
"https://www.gmbcreditunion.com/filter/november-2024/","200","","","text/html","November 2024 Archives | GMBCU","","https://www.gmbcreditunion.com/filter/november-2024/","index, follow, max-image-preview:large, max-snippet:-1, max-video-preview:-1","","Our Blog","1","November 2024 Archives | GMBCU","","","summary_large_image","CollectionPage|BreadcrumbList|WebSite","86","0","30","7","filter-archive","2024-12-17T09:36:02+00:00","2024-12-17T09:36:02+00:00","sitemap","","source/html/filter/november-2024/index.html",""
"https://www.gmbcreditunion.com/filter/november-2025/","200","","","text/html","November 2025 Archives | GMBCU","","https://www.gmbcreditunion.com/filter/november-2025/","index, follow, max-image-preview:large, max-snippet:-1, max-video-preview:-1","","Our Blog","1","November 2025 Archives | GMBCU","","","summary_large_image","CollectionPage|BreadcrumbList|WebSite","86","0","30","7","filter-archive","2026-01-06T11:46:30+00:00","2026-01-06T11:46:30+00:00","sitemap","","source/html/filter/november-2025/index.html",""
"https://www.gmbcreditunion.com/filter/october-2023/","200","","","text/html","October 2023 Archives | GMBCU","","https://www.gmbcreditunion.com/filter/october-2023/","index, follow, max-image-preview:large, max-snippet:-1, max-video-preview:-1","","Our Blog","1","October 2023 Archives | GMBCU","","","summary_large_image","CollectionPage|BreadcrumbList|WebSite","81","0","30","7","filter-archive","2023-12-12T09:56:27+00:00","2023-12-12T09:56:27+00:00","sitemap","","source/html/filter/october-2023/index.html",""
"https://www.gmbcreditunion.com/filter/october-2024/","200","","","text/html","October 2024 Archives | GMBCU","","https://www.gmbcreditunion.com/filter/october-2024/","index, follow, max-image-preview:large, max-snippet:-1, max-video-preview:-1","","Our Blog","1","October 2024 Archives | GMBCU","","","summary_large_image","CollectionPage|BreadcrumbList|WebSite","86","0","30","7","filter-archive","2024-11-18T15:07:33+00:00","2024-11-18T15:07:33+00:00","sitemap","","source/html/filter/october-2024/index.html",""
"https://www.gmbcreditunion.com/filter/october-2025/","200","","","text/html","October 2025 Archives | GMBCU","","https://www.gmbcreditunion.com/filter/october-2025/","index, follow, max-image-preview:large, max-snippet:-1, max-video-preview:-1","","Our Blog","1","October 2025 Archives | GMBCU","","","summary_large_image","CollectionPage|BreadcrumbList|WebSite","87","0","30","7","filter-archive","2025-12-16T10:18:51+00:00","2025-12-16T10:18:51+00:00","sitemap","","source/html/filter/october-2025/index.html",""
"https://www.gmbcreditunion.com/filter/policies/","200","","","text/html","Policies Archives | GMBCU","","https://www.gmbcreditunion.com/filter/policies/","index, follow, max-image-preview:large, max-snippet:-1, max-video-preview:-1","","Our Blog","1","Policies Archives | GMBCU","","","summary_large_image","CollectionPage|BreadcrumbList|WebSite","109","0","40","7","filter-archive","2024-06-07T11:40:46+00:00","2024-06-07T11:40:46+00:00","sitemap","","source/html/filter/policies/index.html",""
"https://www.gmbcreditunion.com/filter/policies/page/2/","200","","","text/html","Policies Archives | Page 2 of 7 | GMBCU","","https://www.gmbcreditunion.com/filter/policies/page/2/","max-image-preview:large, noindex,follow","","Our Blog","1","Policies Archives | Page 2 of 7 | GMBCU","","","summary_large_image","CollectionPage|BreadcrumbList|WebSite","109","1","40","7","filter-archive","","","wayback","","source/html/filter/policies/page/2/index.html",""
"https://www.gmbcreditunion.com/filter/policies/page/3/","200","","","text/html","Policies Archives | Page 3 of 7 | GMBCU","","https://www.gmbcreditunion.com/filter/policies/page/3/","max-image-preview:large, noindex,follow","","Our Blog","1","Policies Archives | Page 3 of 7 | GMBCU","","","summary_large_image","CollectionPage|BreadcrumbList|WebSite","100","1","40","7","filter-archive","","","wayback","","source/html/filter/policies/page/3/index.html",""
"https://www.gmbcreditunion.com/filter/policies/page/4/","200","","","text/html","Policies Archives | Page 4 of 7 | GMBCU","","https://www.gmbcreditunion.com/filter/policies/page/4/","max-image-preview:large, noindex,follow","","Our Blog","1","Policies Archives | Page 4 of 7 | GMBCU","","","summary_large_image","CollectionPage|BreadcrumbList|WebSite","102","1","40","7","filter-archive","","","wayback","","source/html/filter/policies/page/4/index.html",""
"https://www.gmbcreditunion.com/filter/policies/page/5/","200","","","text/html","Policies Archives | Page 5 of 7 | GMBCU","","https://www.gmbcreditunion.com/filter/policies/page/5/","max-image-preview:large, noindex,follow","","Our Blog","1","Policies Archives | Page 5 of 7 | GMBCU","","","summary_large_image","CollectionPage|BreadcrumbList|WebSite","106","1","40","7","filter-archive","","","wayback","","source/html/filter/policies/page/5/index.html",""
"https://www.gmbcreditunion.com/filter/policies/page/6/","200","","","text/html","Policies Archives | Page 6 of 7 | GMBCU","","https://www.gmbcreditunion.com/filter/policies/page/6/","max-image-preview:large, noindex,follow","","Our Blog","1","Policies Archives | Page 6 of 7 | GMBCU","","","summary_large_image","CollectionPage|BreadcrumbList|WebSite","110","1","40","7","filter-archive","","","wayback","","source/html/filter/policies/page/6/index.html",""
"https://www.gmbcreditunion.com/filter/policies/page/7/","200","","","text/html","Policies Archives | Page 7 of 7 | GMBCU","","https://www.gmbcreditunion.com/filter/policies/page/7/","max-image-preview:large, noindex,follow","","Our Blog","1","Policies Archives | Page 7 of 7 | GMBCU","","","summary_large_image","CollectionPage|BreadcrumbList|WebSite","60","1","33","7","filter-archive","","","wayback","","source/html/filter/policies/page/7/index.html",""
"https://www.gmbcreditunion.com/filter/september-2023/","200","","","text/html","September 2023 Archives | GMBCU","","https://www.gmbcreditunion.com/filter/september-2023/","index, follow, max-image-preview:large, max-snippet:-1, max-video-preview:-1","","Our Blog","1","September 2023 Archives | GMBCU","","","summary_large_image","CollectionPage|BreadcrumbList|WebSite","84","0","30","7","filter-archive","2023-10-17T13:32:15+00:00","2023-10-17T13:32:15+00:00","sitemap","","source/html/filter/september-2023/index.html",""
"https://www.gmbcreditunion.com/filter/september-2024/","200","","","text/html","September 2024 Archives | GMBCU","","https://www.gmbcreditunion.com/filter/september-2024/","index, follow, max-image-preview:large, max-snippet:-1, max-video-preview:-1","","Our Blog","1","September 2024 Archives | GMBCU","","","summary_large_image","CollectionPage|BreadcrumbList|WebSite","86","0","30","7","filter-archive","2024-10-24T09:57:48+00:00","2024-10-24T09:57:48+00:00","sitemap","","source/html/filter/september-2024/index.html",""
"https://www.gmbcreditunion.com/filter/september-2025/","200","","","text/html","September 2025 Archives | GMBCU","","https://www.gmbcreditunion.com/filter/september-2025/","index, follow, max-image-preview:large, max-snippet:-1, max-video-preview:-1","","Our Blog","1","September 2025 Archives | GMBCU","","","summary_large_image","CollectionPage|BreadcrumbList|WebSite","81","0","29","7","filter-archive","2026-04-16T11:01:45+00:00","2026-04-16T11:01:45+00:00","sitemap","","source/html/filter/september-2025/index.html",""
"https://www.gmbcreditunion.com/filter/september-2026/","200","","","text/html","September 2026 Archives | GMBCU","","https://www.gmbcreditunion.com/filter/september-2026/","index, follow, max-image-preview:large, max-snippet:-1, max-video-preview:-1","","Our Blog","1","September 2026 Archives | GMBCU","","","summary_large_image","CollectionPage|BreadcrumbList|WebSite","81","0","29","7","filter-archive","2026-10-06T13:59:04+00:00","2026-10-06T13:59:04+00:00","sitemap","","source/html/filter/september-2026/index.html",""
"https://www.gmbcreditunion.com/filter/tips","404","","","text/html","Page not found | GMBCU","","","noindex, follow","","404 - Page not Found","1","Page not found | GMBCU","","","","WebSite","14","0","26","6","404","","","crawl","","source/html/filter/tips/index.html",""
"https://www.gmbcreditunion.com/five-financial-goals-next-financial-year","301","https://www.gmbcreditunion.com/five-financial-goals-next-financial-year/","https://www.gmbcreditunion.com/five-financial-goals-next-financial-year/","text/html","Five Financial Goals For The Next Financial Year | GMBCU","What actions can you take now that will benefit you for the next 12 months and beyond? Learn five ways to boost your financial wellbeing now.","https://www.gmbcreditunion.com/five-financial-goals-next-financial-year/","index, follow, max-image-preview:large, max-snippet:-1, max-video-preview:-1","","Five financial goals for the next financial year","1","Five Financial Goals For The Next Financial Year | GMBCU","What actions can you take now that will benefit you for the next 12 months and beyond? Learn five ways to boost your financial wellbeing now.","https://www.gmbcreditunion.com/media/Untitled-design-7-e1701102025288.png","summary_large_image","Article|WebPage|ImageObject|BreadcrumbList|WebSite|Person","874","0","34","7","blog-post","2025-09-25T14:05:51+00:00","","wayback","","",""
"https://www.gmbcreditunion.com/five-financial-goals-next-financial-year/","200","","","text/html","Five Financial Goals For The Next Financial Year | GMBCU","What actions can you take now that will benefit you for the next 12 months and beyond? Learn five ways to boost your financial wellbeing now.","https://www.gmbcreditunion.com/five-financial-goals-next-financial-year/","index, follow, max-image-preview:large, max-snippet:-1, max-video-preview:-1","","Five financial goals for the next financial year","1","Five Financial Goals For The Next Financial Year | GMBCU","What actions can you take now that will benefit you for the next 12 months and beyond? Learn five ways to boost your financial wellbeing now.","https://www.gmbcreditunion.com/media/Untitled-design-7-e1701102025288.png","summary_large_image","Article|WebPage|ImageObject|BreadcrumbList|WebSite|Person","874","0","34","7","blog-post","2025-09-25T14:05:51+00:00","2025-09-25T14:05:51+00:00","sitemap","","source/html/five-financial-goals-next-financial-year/index.html",""
"https://www.gmbcreditunion.com/gmb-credit-union-prize-draw/","200","","","text/html","Prize Draw | GMB Credit Union","Enter the Credit Union Members Prize Draw and have the potential to win some cash while making a difference. Find out more today!","https://www.gmbcreditunion.com/gmb-credit-union-prize-draw/","index, follow, max-image-preview:large, max-snippet:-1, max-video-preview:-1","","GMB Credit Union Prize Draw","1","Prize Draw | GMB Credit Union","Enter the Credit Union Members Prize Draw and have the potential to win some cash while making a difference. Find out more today!","","summary_large_image","WebPage|BreadcrumbList|WebSite","773","455","26","8","page-builder","2026-09-30T08:23:06+00:00","2026-09-30T08:23:06+00:00","sitemap","","source/html/gmb-credit-union-prize-draw/index.html",""
"https://www.gmbcreditunion.com/gmbcu-members-prize-draw","301","https://www.gmbcreditunion.com/gmb-credit-union-prize-draw/","https://www.gmbcreditunion.com/gmb-credit-union-prize-draw/","text/html","Prize Draw | GMB Credit Union","Enter the Credit Union Members Prize Draw and have the potential to win some cash while making a difference. Find out more today!","https://www.gmbcreditunion.com/gmb-credit-union-prize-draw/","index, follow, max-image-preview:large, max-snippet:-1, max-video-preview:-1","","GMB Credit Union Prize Draw","1","Prize Draw | GMB Credit Union","Enter the Credit Union Members Prize Draw and have the potential to win some cash while making a difference. Find out more today!","","summary_large_image","WebPage|BreadcrumbList|WebSite","773","0","26","8","page-builder","2026-09-30T08:23:06+00:00","","wayback","","",""
"https://www.gmbcreditunion.com/gmbcu-members-prize-draw/","301","https://www.gmbcreditunion.com/gmb-credit-union-prize-draw/","https://www.gmbcreditunion.com/gmb-credit-union-prize-draw/","text/html","Prize Draw | GMB Credit Union","Enter the Credit Union Members Prize Draw and have the potential to win some cash while making a difference. Find out more today!","https://www.gmbcreditunion.com/gmb-credit-union-prize-draw/","index, follow, max-image-preview:large, max-snippet:-1, max-video-preview:-1","","GMB Credit Union Prize Draw","1","Prize Draw | GMB Credit Union","Enter the Credit Union Members Prize Draw and have the potential to win some cash while making a difference. Find out more today!","","summary_large_image","WebPage|BreadcrumbList|WebSite","773","1","26","8","page-builder","2026-09-30T08:23:06+00:00","2023-12-20T12:46:10+00:00","sitemap","","",""
"https://www.gmbcreditunion.com/help-your-children-form-good-money-habits/","200","","","text/html","How (And Why) To Help Your Children Form Good Money Habits","We develop our adult money habits at just the age of seven. Learning to manage money is a vital skill for your children. Discover why now.","https://www.gmbcreditunion.com/help-your-children-form-good-money-habits/","index, follow, max-image-preview:large, max-snippet:-1, max-video-preview:-1","","How (and Why) to Help Your Children Form Good Money Habits","1","How (And Why) To Help Your Children Form Good Money Habits","We develop our adult money habits at just the age of seven. Learning to manage money is a vital skill for your children. Discover why now.","https://www.gmbcreditunion.com/media/robert-collins-tvc5imO5pXk-unsplash-1200x831.jpg","summary_large_image","Article|WebPage|ImageObject|BreadcrumbList|WebSite|Person","687","0","27","7","blog-post","2025-09-25T14:07:40+00:00","2025-09-25T14:07:40+00:00","sitemap","","source/html/help-your-children-form-good-money-habits/index.html",""
"https://www.gmbcreditunion.com/heres-why-you-should-teach-your-children-how-to-manage-their-money-this-summer/","200","","","text/html","Confidence, responsibility and rewards | GMBCU","Good money habits start early. By introducing your child to money management now, you’re giving them tools they’ll use for the rest of their life.  Apply for a Young Saver Account today for your child.","https://www.gmbcreditunion.com/heres-why-you-should-teach-your-children-how-to-manage-their-money-this-summer/","index, follow, max-image-preview:large, max-snippet:-1, max-video-preview:-1","","Confidence, responsibility and rewards","1","Confidence, responsibility and rewards | GMBCU","Good money habits start early. By introducing your child to money management now, you’re giving them tools they’ll use for the rest of their life.  Apply for a Young Saver Account today for your child.","https://www.gmbcreditunion.com/media/Young_savers_-_ipad_1_optimized_2000.png","summary_large_image","Article|WebPage|ImageObject|BreadcrumbList|WebSite|Person","889","2","26","10","blog-post","2025-06-25T14:23:41+00:00","2025-06-25T14:23:41+00:00","sitemap","","source/html/heres-why-you-should-teach-your-children-how-to-manage-their-money-this-summer/index.html",""
"https://www.gmbcreditunion.com/home","301","https://www.gmbcreditunion.com/","https://www.gmbcreditunion.com/","text/html","GMB Credit Union | Your money, your future, Your Credit Union","GMB Credit Union is made and managed by people like you, with ethical loans and savings pots to help you reach your financial goals. Learn more today.","https://www.gmbcreditunion.com/","index, follow, max-image-preview:large, max-snippet:-1, max-video-preview:-1","","Your money, your future, your Credit Union","1","GMB Credit Union | Your money, your future, Your Credit Union","GMB Credit Union is made and managed by people like you, with ethical loans and savings pots to help you reach your financial goals. Learn more today.","https://www.gmbcreditunion.com/media/gmbcu-homepage-header-image01-e1691686625416.png","summary_large_image","WebPage|ImageObject|BreadcrumbList|WebSite","601","0","30","22","home","2025-12-18T15:45:17+00:00","","wayback","","",""
"https://www.gmbcreditunion.com/how-and-why-help-your-children-form-good-money-habits","301","https://www.gmbcreditunion.com/help-your-children-form-good-money-habits/","https://www.gmbcreditunion.com/help-your-children-form-good-money-habits/","text/html","How (And Why) To Help Your Children Form Good Money Habits","We develop our adult money habits at just the age of seven. Learning to manage money is a vital skill for your children. Discover why now.","https://www.gmbcreditunion.com/help-your-children-form-good-money-habits/","index, follow, max-image-preview:large, max-snippet:-1, max-video-preview:-1","","How (and Why) to Help Your Children Form Good Money Habits","1","How (And Why) To Help Your Children Form Good Money Habits","We develop our adult money habits at just the age of seven. Learning to manage money is a vital skill for your children. Discover why now.","https://www.gmbcreditunion.com/media/robert-collins-tvc5imO5pXk-unsplash-1200x831.jpg","summary_large_image","Article|WebPage|ImageObject|BreadcrumbList|WebSite|Person","687","2","27","7","blog-post","2025-09-25T14:07:40+00:00","","wayback","","",""
"https://www.gmbcreditunion.com/how-build-or-improve-your-credit-score/","200","","","text/html","How To Build Or Improve Your Credit Score | GMBCU","Our latest blog explores the importance of a good credit score & how to improve yours. Here's practical tips for everyone, whatever your score.","https://www.gmbcreditunion.com/how-build-or-improve-your-credit-score/","index, follow, max-image-preview:large, max-snippet:-1, max-video-preview:-1","","How to build or improve your Credit Score","1","How To Build Or Improve Your Credit Score | GMBCU","Our latest blog explores the importance of a good credit score & how to improve yours. Here's practical tips for everyone, whatever your score.","https://www.gmbcreditunion.com/media/Credit-score-blog-1200x675.png","summary_large_image","Article|WebPage|ImageObject|BreadcrumbList|WebSite|Person","1350","5","32","7","blog-post","2026-02-04T13:57:17+00:00","2026-02-04T13:57:17+00:00","sitemap","","source/html/how-build-or-improve-your-credit-score/index.html",""
"https://www.gmbcreditunion.com/how-check-your-credit-score-free","301","https://www.gmbcreditunion.com/how-check-your-credit-score-free/","https://www.gmbcreditunion.com/how-check-your-credit-score-free/","text/html","How To Check Your Credit Score For Free | GMBCU","It is very important for your overall financial wellbeing to be aware of your credit score and to check it regularly. Check yours for free.","https://www.gmbcreditunion.com/how-check-your-credit-score-free/","index, follow, max-image-preview:large, max-snippet:-1, max-video-preview:-1","","How to check your Credit Score for free","1","How To Check Your Credit Score For Free | GMBCU","It is very important for your overall financial wellbeing to be aware of your credit score and to check it regularly. Check yours for free.","https://www.gmbcreditunion.com/media/brooke-cagle-WHWYBmtn3_0-unsplash.jpg","summary_large_image","Article|WebPage|ImageObject|BreadcrumbList|WebSite|Person","539","2","28","7","blog-post","2026-02-04T13:56:33+00:00","","wayback","","",""
"https://www.gmbcreditunion.com/how-check-your-credit-score-free/","200","","","text/html","How To Check Your Credit Score For Free | GMBCU","It is very important for your overall financial wellbeing to be aware of your credit score and to check it regularly. Check yours for free.","https://www.gmbcreditunion.com/how-check-your-credit-score-free/","index, follow, max-image-preview:large, max-snippet:-1, max-video-preview:-1","","How to check your Credit Score for free","1","How To Check Your Credit Score For Free | GMBCU","It is very important for your overall financial wellbeing to be aware of your credit score and to check it regularly. Check yours for free.","https://www.gmbcreditunion.com/media/brooke-cagle-WHWYBmtn3_0-unsplash.jpg","summary_large_image","Article|WebPage|ImageObject|BreadcrumbList|WebSite|Person","539","7","28","7","blog-post","2026-02-04T13:56:33+00:00","2026-02-04T13:56:33+00:00","sitemap","","source/html/how-check-your-credit-score-free/index.html",""
"https://www.gmbcreditunion.com/how-did-our-members-get-involved-us/","200","","","text/html","How Did Our Members Get Involved With Us? | GMBCU","Interested in joining GMB Credit Union? Learn more about our Credit Union members and how you can get involved here.","https://www.gmbcreditunion.com/how-did-our-members-get-involved-us/","index, follow, max-image-preview:large, max-snippet:-1, max-video-preview:-1","","How Did Our Members Get Involved with Us?","1","How Did Our Members Get Involved With Us? | GMBCU","Interested in joining GMB Credit Union? Learn more about our Credit Union members and how you can get involved here.","https://www.gmbcreditunion.com/media/photo-1561151601-bb54e16770db.jpg","summary_large_image","Article|WebPage|ImageObject|BreadcrumbList|WebSite|Person","89","0","26","7","blog-post","2025-09-25T14:11:52+00:00","2025-09-25T14:11:52+00:00","sitemap","","source/html/how-did-our-members-get-involved-us/index.html",""
"https://www.gmbcreditunion.com/how-financial-problems-affect-your-mental-health","301","https://www.gmbcreditunion.com/how-financial-problems-affect-your-mental-health/","https://www.gmbcreditunion.com/how-financial-problems-affect-your-mental-health/","text/html","How Financial Problems Affect Your Mental Health | GMBCU","We explore the relationship between mental health and money problems, focusing on strategies you can use to ease financial worries and feel happier.","https://www.gmbcreditunion.com/how-financial-problems-affect-your-mental-health/","index, follow, max-image-preview:large, max-snippet:-1, max-video-preview:-1","","How Financial Problems Affect Your Mental Health","1","How Financial Problems Affect Your Mental Health | GMBCU","We explore the relationship between mental health and money problems, focusing on strategies you can use to ease financial worries and feel happier.","https://www.gmbcreditunion.com/media/images.jpeg","summary_large_image","Article|WebPage|ImageObject|BreadcrumbList|WebSite|Person","1261","1","26","7","blog-post","2025-09-29T11:34:45+00:00","","wayback","","",""
"https://www.gmbcreditunion.com/how-financial-problems-affect-your-mental-health/","200","","","text/html","How Financial Problems Affect Your Mental Health | GMBCU","We explore the relationship between mental health and money problems, focusing on strategies you can use to ease financial worries and feel happier.","https://www.gmbcreditunion.com/how-financial-problems-affect-your-mental-health/","index, follow, max-image-preview:large, max-snippet:-1, max-video-preview:-1","","How Financial Problems Affect Your Mental Health","1","How Financial Problems Affect Your Mental Health | GMBCU","We explore the relationship between mental health and money problems, focusing on strategies you can use to ease financial worries and feel happier.","https://www.gmbcreditunion.com/media/images.jpeg","summary_large_image","Article|WebPage|ImageObject|BreadcrumbList|WebSite|Person","1261","0","26","7","blog-post","2025-09-29T11:34:45+00:00","2025-09-29T11:34:45+00:00","sitemap","","source/html/how-financial-problems-affect-your-mental-health/index.html",""
"https://www.gmbcreditunion.com/how-recognise-and-avoid-most-common-finance-scams","301","https://www.gmbcreditunion.com/how-recognise-and-avoid-most-common-finance-scams/","https://www.gmbcreditunion.com/how-recognise-and-avoid-most-common-finance-scams/","text/html","How To Recognise And Avoid The Most Common Finance Scams","What can you do to recognise and avoid the most common finance scams? Find out what they are and how to spot them now. Read more.","https://www.gmbcreditunion.com/how-recognise-and-avoid-most-common-finance-scams/","index, follow, max-image-preview:large, max-snippet:-1, max-video-preview:-1","","How to recognise and avoid the most common finance scams","1","How To Recognise And Avoid The Most Common Finance Scams","What can you do to recognise and avoid the most common finance scams? Find out what they are and how to spot them now. Read more.","https://www.gmbcreditunion.com/media/fly-d-J5HYS6aEcqw-unsplash-1-1200x800.jpg","summary_large_image","Article|WebPage|ImageObject|BreadcrumbList|WebSite|Person","1248","0","28","7","blog-post","2025-09-25T14:14:29+00:00","","wayback","","",""
"https://www.gmbcreditunion.com/how-recognise-and-avoid-most-common-finance-scams/","200","","","text/html","How To Recognise And Avoid The Most Common Finance Scams","What can you do to recognise and avoid the most common finance scams? Find out what they are and how to spot them now. Read more.","https://www.gmbcreditunion.com/how-recognise-and-avoid-most-common-finance-scams/","index, follow, max-image-preview:large, max-snippet:-1, max-video-preview:-1","","How to recognise and avoid the most common finance scams","1","How To Recognise And Avoid The Most Common Finance Scams","What can you do to recognise and avoid the most common finance scams? Find out what they are and how to spot them now. Read more.","https://www.gmbcreditunion.com/media/fly-d-J5HYS6aEcqw-unsplash-1-1200x800.jpg","summary_large_image","Article|WebPage|ImageObject|BreadcrumbList|WebSite|Person","1248","0","28","7","blog-post","2025-09-25T14:14:29+00:00","2025-09-25T14:14:29+00:00","sitemap","","source/html/how-recognise-and-avoid-most-common-finance-scams/index.html",""
"https://www.gmbcreditunion.com/how-to-get-involved-in-the-gmb-credit-union/","200","","","text/html","How To Get Involved In The GMB Credit Union | GMBCU","Do you want highly competitive rates on loans and savings? Support on how to manage your money better? Become a GMBCU member! Find out more.","https://www.gmbcreditunion.com/how-to-get-involved-in-the-gmb-credit-union/","index, follow, max-image-preview:large, max-snippet:-1, max-video-preview:-1","","How to Get involved in the GMB Credit Union","1","How To Get Involved In The GMB Credit Union | GMBCU","Do you want highly competitive rates on loans and savings? Support on how to manage your money better? Become a GMBCU member! Find out more.","https://www.gmbcreditunion.com/media/AdobeStock_302028165-1200x800.jpeg","summary_large_image","Article|WebPage|ImageObject|BreadcrumbList|WebSite|Person","749","2","26","7","blog-post","2025-12-01T16:23:00+00:00","2025-12-01T16:23:00+00:00","sitemap","","source/html/how-to-get-involved-in-the-gmb-credit-union/index.html",""
"https://www.gmbcreditunion.com/humans.txt","200","","","text/plain","","","","","","","","","","","","","","0","0","","document","Tue, 05 Sep 2023 14:21:39 GMT","","probe","","source/media/humans.txt",""
"https://www.gmbcreditunion.com/importance-understanding-ivas","301","https://www.gmbcreditunion.com/importance-understanding-ivas/","https://www.gmbcreditunion.com/importance-understanding-ivas/","text/html","The Importance Of Understanding IVAs | GMBCU","IVAs and bankruptcy offer a painless exit from spiralling debts, but the harsh reality is hidden longer-term drawbacks. Learn more now.","https://www.gmbcreditunion.com/importance-understanding-ivas/","index, follow, max-image-preview:large, max-snippet:-1, max-video-preview:-1","","The Importance of Understanding IVAs","1","The Importance Of Understanding IVAs | GMBCU","IVAs and bankruptcy offer a painless exit from spiralling debts, but the harsh reality is hidden longer-term drawbacks. Learn more now.","https://www.gmbcreditunion.com/media/headway-5QgIuuBxKwM-unsplash-1-1200x800.jpg","summary_large_image","Article|WebPage|ImageObject|BreadcrumbList|WebSite|Person","1326","1","28","7","blog-post","2025-09-25T14:17:16+00:00","","wayback","","",""
"https://www.gmbcreditunion.com/importance-understanding-ivas/","200","","","text/html","The Importance Of Understanding IVAs | GMBCU","IVAs and bankruptcy offer a painless exit from spiralling debts, but the harsh reality is hidden longer-term drawbacks. Learn more now.","https://www.gmbcreditunion.com/importance-understanding-ivas/","index, follow, max-image-preview:large, max-snippet:-1, max-video-preview:-1","","The Importance of Understanding IVAs","1","The Importance Of Understanding IVAs | GMBCU","IVAs and bankruptcy offer a painless exit from spiralling debts, but the harsh reality is hidden longer-term drawbacks. Learn more now.","https://www.gmbcreditunion.com/media/headway-5QgIuuBxKwM-unsplash-1-1200x800.jpg","summary_large_image","Article|WebPage|ImageObject|BreadcrumbList|WebSite|Person","1326","0","28","7","blog-post","2025-09-25T14:17:16+00:00","2025-09-25T14:17:16+00:00","sitemap","","source/html/importance-understanding-ivas/index.html",""
"https://www.gmbcreditunion.com/index.php/","301","https://www.gmbcreditunion.com/","https://www.gmbcreditunion.com/","text/html","GMB Credit Union | Your money, your future, Your Credit Union","GMB Credit Union is made and managed by people like you, with ethical loans and savings pots to help you reach your financial goals. Learn more today.","https://www.gmbcreditunion.com/","index, follow, max-image-preview:large, max-snippet:-1, max-video-preview:-1","","Your money, your future, your Credit Union","1","GMB Credit Union | Your money, your future, Your Credit Union","GMB Credit Union is made and managed by people like you, with ethical loans and savings pots to help you reach your financial goals. Learn more today.","https://www.gmbcreditunion.com/media/gmbcu-homepage-header-image01-e1691686625416.png","summary_large_image","WebPage|ImageObject|BreadcrumbList|WebSite","601","0","30","22","home","2025-12-18T15:45:17+00:00","","wayback","","",""
"https://www.gmbcreditunion.com/index.php/10-ways-improve-your-credit-score?conesso_link_tag=ebd837df0&utm_campaign=Jan%2B26%2BNewsletter&utm_medium=email&utm_source=Conesso","301","https://www.gmbcreditunion.com/10-ways-improve-your-credit-score/?conesso_link_tag=ebd837df0&utm_campaign=Jan%2B26%2BNewsletter&utm_medium=email&utm_source=Conesso","https://www.gmbcreditunion.com/10-ways-improve-your-credit-score/?conesso_link_tag=ebd837df0&utm_campaign=Jan%2B26%2BNewsletter&utm_medium=email&utm_source=Conesso","text/html","10 Ways To Improve Your Credit Score | GMB Credit Union","There are a series of things you can do to boost your credit score and safeguard your financial future. Discover what they are now.","https://www.gmbcreditunion.com/10-ways-improve-your-credit-score/","index, follow, max-image-preview:large, max-snippet:-1, max-video-preview:-1","","10 Ways to Improve Your Credit Score","1","10 Ways To Improve Your Credit Score | GMB Credit Union","There are a series of things you can do to boost your credit score and safeguard your financial future. Discover what they are now.","https://www.gmbcreditunion.com/media/long-e1701097953562.jpg","summary_large_image","Article|WebPage|ImageObject|BreadcrumbList|WebSite|Person","1180","1","27","7","blog-post","2026-02-04T14:05:44+00:00","","crawl","","",""
"https://www.gmbcreditunion.com/index.php/2021-agm-summary","301","https://www.gmbcreditunion.com/2021-agm-summary","https://www.gmbcreditunion.com/2021-agm-summary","text/html","Page not found | GMBCU","","","noindex, follow","","404 - Page not Found","1","Page not found | GMBCU","","","","WebSite","14","0","26","6","404","","","wayback","","",""
"https://www.gmbcreditunion.com/index.php/about-us","301","https://www.gmbcreditunion.com/about-us/","https://www.gmbcreditunion.com/about-us/","text/html","About Us | GMB Credit Union","GMB Credit Union belongs to you. Our not-for-profit organisation is made to help our members achieve their financial goals. Find out more about us!","https://www.gmbcreditunion.com/about-us/","index, follow, max-image-preview:large, max-snippet:-1, max-video-preview:-1","","About us","1","About Us | GMB Credit Union","GMB Credit Union belongs to you. Our not-for-profit organisation is made to help our members achieve their financial goals. Find out more about us!","","summary_large_image","WebPage|BreadcrumbList|WebSite","444","0","26","11","page-builder","2025-12-01T16:08:52+00:00","","wayback","","",""
"https://www.gmbcreditunion.com/index.php/contact-us","301","https://www.gmbcreditunion.com/contact-us/","https://www.gmbcreditunion.com/contact-us/","text/html","Contact Us | GMB Credit Union","Your Credit Union is always here to help when you need us. If you've got a question, just ask and contact us today.","https://www.gmbcreditunion.com/contact-us/","index, follow, max-image-preview:large, max-snippet:-1, max-video-preview:-1","","Contact us","1","Contact Us | GMB Credit Union","Your Credit Union is always here to help when you need us. If you've got a question, just ask and contact us today.","","summary_large_image","WebPage|BreadcrumbList|WebSite","135","0","26","9","page-builder","2025-01-06T11:48:10+00:00","","wayback","","",""
"https://www.gmbcreditunion.com/index.php/creditview","301","https://www.gmbcreditunion.com/creditview","https://www.gmbcreditunion.com/","text/html","GMB Credit Union | Your money, your future, Your Credit Union","GMB Credit Union is made and managed by people like you, with ethical loans and savings pots to help you reach your financial goals. Learn more today.","https://www.gmbcreditunion.com/","index, follow, max-image-preview:large, max-snippet:-1, max-video-preview:-1","","Your money, your future, your Credit Union","1","GMB Credit Union | Your money, your future, Your Credit Union","GMB Credit Union is made and managed by people like you, with ethical loans and savings pots to help you reach your financial goals. Learn more today.","https://www.gmbcreditunion.com/media/gmbcu-homepage-header-image01-e1691686625416.png","summary_large_image","WebPage|ImageObject|BreadcrumbList|WebSite","601","0","30","22","home","2025-12-18T15:45:17+00:00","","wayback","","",""
"https://www.gmbcreditunion.com/index.php/faqs","301","https://www.gmbcreditunion.com/faqs/","https://www.gmbcreditunion.com/faqs/","text/html","FAQs | GMB Credit Union","Find the answer to all of our most asked questions, from 'What is a Credit Union?' to 'How can I join GMB Credit Union?'. Answer your Qs now.","https://www.gmbcreditunion.com/faqs/","index, follow, max-image-preview:large, max-snippet:-1, max-video-preview:-1","","FAQs","1","FAQs | GMB Credit Union","Find the answer to all of our most asked questions, from 'What is a Credit Union?' to 'How can I join GMB Credit Union?'. Answer your Qs now.","","summary_large_image","WebPage|BreadcrumbList|WebSite","4590","0","30","7","page-builder","2026-07-27T10:56:53+00:00","","wayback","","",""
"https://www.gmbcreditunion.com/index.php/filter/tips","301","https://www.gmbcreditunion.com/filter/tips","https://www.gmbcreditunion.com/filter/tips","text/html","Page not found | GMBCU","","","noindex, follow","","404 - Page not Found","1","Page not found | GMBCU","","","","WebSite","14","0","26","6","404","","","wayback","","",""
"https://www.gmbcreditunion.com/index.php/gmbcu-members-prize-draw","301","https://www.gmbcreditunion.com/gmbcu-members-prize-draw/","https://www.gmbcreditunion.com/gmb-credit-union-prize-draw/","text/html","Prize Draw | GMB Credit Union","Enter the Credit Union Members Prize Draw and have the potential to win some cash while making a difference. Find out more today!","https://www.gmbcreditunion.com/gmb-credit-union-prize-draw/","index, follow, max-image-preview:large, max-snippet:-1, max-video-preview:-1","","GMB Credit Union Prize Draw","1","Prize Draw | GMB Credit Union","Enter the Credit Union Members Prize Draw and have the potential to win some cash while making a difference. Find out more today!","","summary_large_image","WebPage|BreadcrumbList|WebSite","773","0","26","8","page-builder","2026-09-30T08:23:06+00:00","","wayback","","",""
"https://www.gmbcreditunion.com/index.php/how-financial-problems-affect-your-mental-health","301","https://www.gmbcreditunion.com/how-financial-problems-affect-your-mental-health/","https://www.gmbcreditunion.com/how-financial-problems-affect-your-mental-health/","text/html","How Financial Problems Affect Your Mental Health | GMBCU","We explore the relationship between mental health and money problems, focusing on strategies you can use to ease financial worries and feel happier.","https://www.gmbcreditunion.com/how-financial-problems-affect-your-mental-health/","index, follow, max-image-preview:large, max-snippet:-1, max-video-preview:-1","","How Financial Problems Affect Your Mental Health","1","How Financial Problems Affect Your Mental Health | GMBCU","We explore the relationship between mental health and money problems, focusing on strategies you can use to ease financial worries and feel happier.","https://www.gmbcreditunion.com/media/images.jpeg","summary_large_image","Article|WebPage|ImageObject|BreadcrumbList|WebSite|Person","1261","0","26","7","blog-post","2025-09-29T11:34:45+00:00","","wayback","","",""
"https://www.gmbcreditunion.com/index.php/loan-application","301","https://www.gmbcreditunion.com/loan-application-rejected-what-now/","https://www.gmbcreditunion.com/loan-application-rejected-what-now/","text/html","Loan Application Rejected - What now? | GMBCU","","https://www.gmbcreditunion.com/loan-application-rejected-what-now/","index, follow, max-image-preview:large, max-snippet:-1, max-video-preview:-1","","Loan Application Rejected – What now?","1","Loan Application Rejected - What now? | GMBCU","No one likes being rejected for a loan, but there are steps that you can take to deal with this...","https://www.gmbcreditunion.com/media/Untitled-design-1-1200x675.png","summary_large_image","Article|WebPage|ImageObject|BreadcrumbList|WebSite|Person","1348","0","29","7","blog-post","2023-12-12T16:51:12+00:00","","wayback","","",""
"https://www.gmbcreditunion.com/index.php/loan-application-rejected-what-now","301","https://www.gmbcreditunion.com/loan-application-rejected-what-now/","https://www.gmbcreditunion.com/loan-application-rejected-what-now/","text/html","Loan Application Rejected - What now? | GMBCU","","https://www.gmbcreditunion.com/loan-application-rejected-what-now/","index, follow, max-image-preview:large, max-snippet:-1, max-video-preview:-1","","Loan Application Rejected – What now?","1","Loan Application Rejected - What now? | GMBCU","No one likes being rejected for a loan, but there are steps that you can take to deal with this...","https://www.gmbcreditunion.com/media/Untitled-design-1-1200x675.png","summary_large_image","Article|WebPage|ImageObject|BreadcrumbList|WebSite|Person","1348","0","29","7","blog-post","2023-12-12T16:51:12+00:00","","wayback","","",""
"https://www.gmbcreditunion.com/index.php/loans","301","https://www.gmbcreditunion.com/loans/","https://www.gmbcreditunion.com/loans/","text/html","Credit Union Loans | GMB Credit Union","Discover personalised, affordable and ethical credit union loans with affordable repayments to suit your financial needs today.","https://www.gmbcreditunion.com/loans/","index, follow, max-image-preview:large, max-snippet:-1, max-video-preview:-1","","Loans","1","Credit Union Loans | GMB Credit Union","Discover personalised, affordable and ethical credit union loans with affordable repayments to suit your financial needs today.","","summary_large_image","WebPage|BreadcrumbList|WebSite","1253","1","26","30","page-builder","2025-07-08T15:17:57+00:00","","wayback","","",""
"https://www.gmbcreditunion.com/index.php/member-saving-account-application","301","https://www.gmbcreditunion.com/member-saving-account-application","https://www.gmbcreditunion.com/member-saving-account-application","text/html","Page not found | GMBCU","","","noindex, follow","","404 - Page not Found","1","Page not found | GMBCU","","","","WebSite","14","0","26","6","404","","","wayback","","",""
"https://www.gmbcreditunion.com/index.php/nivo","301","https://www.gmbcreditunion.com/nivo","https://www.gmbcreditunion.com/nivo","text/html","Page not found | GMBCU","","","noindex, follow","","404 - Page not Found","1","Page not found | GMBCU","","","","WebSite","14","0","26","6","404","","","wayback","","",""
"https://www.gmbcreditunion.com/index.php/node","301","https://www.gmbcreditunion.com/node","https://www.gmbcreditunion.com/node","text/html","Page not found | GMBCU","","","noindex, follow","","404 - Page not Found","1","Page not found | GMBCU","","","","WebSite","14","0","26","6","404","","","wayback","","",""
"https://www.gmbcreditunion.com/index.php/node/21","301","https://www.gmbcreditunion.com/node/21","https://www.gmbcreditunion.com/node/21","text/html","Page not found | GMBCU","","","noindex, follow","","404 - Page not Found","1","Page not found | GMBCU","","","","WebSite","14","0","26","6","404","","","wayback","","",""
"https://www.gmbcreditunion.com/index.php/node/22","301","https://www.gmbcreditunion.com/node/22","https://www.gmbcreditunion.com/node/22","text/html","Page not found | GMBCU","","","noindex, follow","","404 - Page not Found","1","Page not found | GMBCU","","","","WebSite","14","0","26","6","404","","","wayback","","",""
"https://www.gmbcreditunion.com/index.php/node/23","301","https://www.gmbcreditunion.com/node/23","https://www.gmbcreditunion.com/node/23","text/html","Page not found | GMBCU","","","noindex, follow","","404 - Page not Found","1","Page not found | GMBCU","","","","WebSite","14","0","26","6","404","","","wayback","","",""
"https://www.gmbcreditunion.com/index.php/node/24","301","https://www.gmbcreditunion.com/node/24","https://www.gmbcreditunion.com/node/24","text/html","Page not found | GMBCU","","","noindex, follow","","404 - Page not Found","1","Page not found | GMBCU","","","","WebSite","14","0","26","6","404","","","wayback","","",""
"https://www.gmbcreditunion.com/index.php/node/28","301","https://www.gmbcreditunion.com/node/28","https://www.gmbcreditunion.com/node/28","text/html","Page not found | GMBCU","","","noindex, follow","","404 - Page not Found","1","Page not found | GMBCU","","","","WebSite","14","0","26","6","404","","","wayback","","",""
"https://www.gmbcreditunion.com/index.php/node/29","301","https://www.gmbcreditunion.com/node/29","https://www.gmbcreditunion.com/node/29","text/html","Page not found | GMBCU","","","noindex, follow","","404 - Page not Found","1","Page not found | GMBCU","","","","WebSite","14","0","26","6","404","","","wayback","","",""
"https://www.gmbcreditunion.com/index.php/node/38","301","https://www.gmbcreditunion.com/node/38","https://www.gmbcreditunion.com/node/38","text/html","Page not found | GMBCU","","","noindex, follow","","404 - Page not Found","1","Page not found | GMBCU","","","","WebSite","14","0","26","6","404","","","wayback","","",""
"https://www.gmbcreditunion.com/index.php/our-blog","301","https://www.gmbcreditunion.com/our-blog/","https://www.gmbcreditunion.com/our-blog/","text/html","Our Blog | GMB Credit Union","Stay updated with the latest Credit Union news, useful info, and tips on managing your money in our blog. Discover more today.","https://www.gmbcreditunion.com/our-blog/","index, follow, max-image-preview:large, max-snippet:-1, max-video-preview:-1","","Our Blog","1","Our Blog | GMB Credit Union","Stay updated with the latest Credit Union news, useful info, and tips on managing your money in our blog. Discover more today.","","summary_large_image","WebPage|CollectionPage|BreadcrumbList|WebSite","284","0","40","15","blog-index","","","wayback","","",""
"https://www.gmbcreditunion.com/index.php/privacy-policy","301","https://www.gmbcreditunion.com/privacy-policy/","https://www.gmbcreditunion.com/privacy-policy/","text/html","Privacy Policy | GMB Credit Union","We are committed to protecting our members' privacy. Find out more about our robust privacy policy today.","https://www.gmbcreditunion.com/privacy-policy/","index, follow, max-image-preview:large, max-snippet:-1, max-video-preview:-1","","Privacy Policy","1","Privacy Policy | GMB Credit Union","We are committed to protecting our members' privacy. Find out more about our robust privacy policy today.","","summary_large_image","WebPage|BreadcrumbList|WebSite","1865","0","26","7","page-builder","2024-11-25T15:46:29+00:00","","wayback","","",""
"https://www.gmbcreditunion.com/index.php/savings-accounts","301","https://www.gmbcreditunion.com/savings-accounts","https://www.gmbcreditunion.com/savings/","text/html","Savings | GMB Credit Union","Plan for a bigger, brighter financial future with our easy access savings accounts. Making savings simple and straightforward. Find out more today.","https://www.gmbcreditunion.com/savings/","index, follow, max-image-preview:large, max-snippet:-1, max-video-preview:-1","","Savings","1","Savings | GMB Credit Union","Plan for a bigger, brighter financial future with our easy access savings accounts. Making savings simple and straightforward. Find out more today.","","summary_large_image","WebPage|BreadcrumbList|WebSite","1312","1","26","28","page-builder","2026-04-13T12:12:42+00:00","","wayback","","",""
"https://www.gmbcreditunion.com/index.php/useful-links","301","https://www.gmbcreditunion.com/useful-links","https://www.gmbcreditunion.com/useful-links","text/html","Page not found | GMBCU","","","noindex, follow","","404 - Page not Found","1","Page not found | GMBCU","","","","WebSite","14","0","26","6","404","","","wayback","","",""
"https://www.gmbcreditunion.com/index.php/user/login/","301","https://www.gmbcreditunion.com/user/login/","https://www.gmbcreditunion.com/user/login/","text/html","Page not found | GMBCU","","","noindex, follow","","404 - Page not Found","1","Page not found | GMBCU","","","","WebSite","14","0","26","6","404","","","wayback","","",""
"https://www.gmbcreditunion.com/index.php/user/logout/","301","https://www.gmbcreditunion.com/user/logout/","https://www.gmbcreditunion.com/user/logout/","text/html","Page not found | GMBCU","","","noindex, follow","","404 - Page not Found","1","Page not found | GMBCU","","","","WebSite","14","0","26","6","404","","","wayback","","",""
"https://www.gmbcreditunion.com/index.php/user/password/","301","https://www.gmbcreditunion.com/user/password/","https://www.gmbcreditunion.com/user/password/","text/html","Page not found | GMBCU","","","noindex, follow","","404 - Page not Found","1","Page not found | GMBCU","","","","WebSite","14","0","26","6","404","","","wayback","","",""
"https://www.gmbcreditunion.com/index.php/virtuous-circle","301","https://www.gmbcreditunion.com/virtuous-circle/","https://www.gmbcreditunion.com/virtuous-circle/","text/html","The Virtuous Circle | GMB Credit Union","Unlike the wider financial industry, we are not driven solely by profit, but by a simple credit cycle that benefits all members. Learn more.","https://www.gmbcreditunion.com/virtuous-circle/","index, follow, max-image-preview:large, max-snippet:-1, max-video-preview:-1","","The virtuous circle","1","The Virtuous Circle | GMB Credit Union","Unlike the wider financial industry, we are not driven solely by profit, but by a simple credit cycle that benefits all members. Learn more.","https://www.gmbcreditunion.com/media/john-peters-HlQf_iNy9ug-unsplash.jpg","summary_large_image","Article|WebPage|ImageObject|BreadcrumbList|WebSite|Person","872","0","28","7","blog-post","2026-05-11T10:51:27+00:00","","wayback","","",""
"https://www.gmbcreditunion.com/join-gmbcu-get-25-and-a-chance-to-win-big/","200","","","text/html","Join GMBCU, get £25, and a chance to win big | GMBCU","We are excited to be back at Congress this year! We are looking forward to having all of our delegates back together in the same room again - to chat face-to-face, share our plans for the future, answer your most pressing questions and - of course - celebrate our 25th anniversary together with everyone.","https://www.gmbcreditunion.com/join-gmbcu-get-25-and-a-chance-to-win-big/","index, follow, max-image-preview:large, max-snippet:-1, max-video-preview:-1","","Join GMBCU, get £25, and a chance to win big","1","Join GMBCU, get £25, and a chance to win big | GMBCU","We are excited to be back at Congress this year! We are looking forward to having all of our delegates back together in the same room again - to chat face-to-face, share our plans for the future, answer your most pressing questions and - of course - celebrate our 25th anniversary together with everyone.","","summary_large_image","WebPage|BreadcrumbList|WebSite","482","0","26","14","page-builder","2025-11-20T11:12:13+00:00","2025-11-20T11:12:13+00:00","sitemap","","source/html/join-gmbcu-get-25-and-a-chance-to-win-big/index.html",""
"https://www.gmbcreditunion.com/join-us-at-congress-2025/","200","","","text/html","Join us at Congress 2025 | GMBCU","We are excited to be back at Congress this year! We are looking forward to having all of our delegates back together in the same room again - to chat face-to-face, share our plans for the future, and answer your most pressing questions.","https://www.gmbcreditunion.com/join-us-at-congress-2025/","index, follow, max-image-preview:large, max-snippet:-1, max-video-preview:-1","","Join us at Congress 2025","1","Join us at Congress 2025 | GMBCU","We are excited to be back at Congress this year! We are looking forward to having all of our delegates back together in the same room again - to chat face-to-face, share our plans for the future, and answer your most pressing questions.","","summary_large_image","WebPage|BreadcrumbList|WebSite","183","0","27","9","page-builder","2025-05-22T15:47:43+00:00","2025-05-22T15:47:43+00:00","sitemap","","source/html/join-us-at-congress-2025/index.html",""
"https://www.gmbcreditunion.com/join-us-congress-2023/","200","","","text/html","Welcome to GMB Credit Union | GMBCU","","https://www.gmbcreditunion.com/join-us-congress-2023/","index, follow, max-image-preview:large, max-snippet:-1, max-video-preview:-1","","Welcome to GMB Credit Union","1","Welcome to GMB Credit Union | GMBCU","","","summary_large_image","WebPage|BreadcrumbList|WebSite","116","0","27","8","page-builder","2023-09-28T14:21:25+00:00","2023-09-28T14:21:25+00:00","sitemap","","source/html/join-us-congress-2023/index.html",""
"https://www.gmbcreditunion.com/join-us-congress-2024/","200","","","text/html","Join us at Congress 2024 | GMBCU","We are excited to be back at Congress this year! We are looking forward to having all of our delegates back together in the same room again - to chat face-to-face, share our plans for the future, answer your most pressing questions and - of course - celebrate our 25th anniversary together with everyone.","https://www.gmbcreditunion.com/join-us-congress-2024/","index, follow, max-image-preview:large, max-snippet:-1, max-video-preview:-1","","Join us at Congress 2024","1","Join us at Congress 2024 | GMBCU","We are excited to be back at Congress this year! We are looking forward to having all of our delegates back together in the same room again - to chat face-to-face, share our plans for the future, answer your most pressing questions and - of course - celebrate our 25th anniversary together with everyone.","","summary_large_image","WebPage|BreadcrumbList|WebSite","270","0","27","10","page-builder","2024-05-31T10:12:57+00:00","2024-05-31T10:12:57+00:00","sitemap","","source/html/join-us-congress-2024/index.html",""
"https://www.gmbcreditunion.com/junior-saver-account-application","404","","","text/html","Page not found | GMBCU","","","noindex, follow","","404 - Page not Found","1","Page not found | GMBCU","","","","WebSite","14","1","26","6","404","","","crawl","","source/html/junior-saver-account-application/index.html",""
"https://www.gmbcreditunion.com/lets-get-transparent-loan-interest-rates","301","https://www.gmbcreditunion.com/lets-get-transparent-loan-interest-rates/","https://www.gmbcreditunion.com/lets-get-transparent-loan-interest-rates/","text/html","Let’s Get Transparent On Loan Interest Rates | GMBCU","For most borrowers, the rate advertised by banks and lenders isn’t the rate that they are eventually offered. We explain this in more detail.","https://www.gmbcreditunion.com/lets-get-transparent-loan-interest-rates/","index, follow, max-image-preview:large, max-snippet:-1, max-video-preview:-1","","Let’s Get Transparent on Loan Interest Rates","1","Let’s Get Transparent On Loan Interest Rates | GMBCU","For most borrowers, the rate advertised by banks and lenders isn’t the rate that they are eventually offered. We explain this in more detail.","https://www.gmbcreditunion.com/media/Transparency.jpg","summary_large_image","Article|WebPage|ImageObject|BreadcrumbList|WebSite|Person","808","2","26","7","blog-post","2025-09-29T11:35:26+00:00","","wayback","","",""
"https://www.gmbcreditunion.com/lets-get-transparent-loan-interest-rates/","200","","","text/html","Let’s Get Transparent On Loan Interest Rates | GMBCU","For most borrowers, the rate advertised by banks and lenders isn’t the rate that they are eventually offered. We explain this in more detail.","https://www.gmbcreditunion.com/lets-get-transparent-loan-interest-rates/","index, follow, max-image-preview:large, max-snippet:-1, max-video-preview:-1","","Let’s Get Transparent on Loan Interest Rates","1","Let’s Get Transparent On Loan Interest Rates | GMBCU","For most borrowers, the rate advertised by banks and lenders isn’t the rate that they are eventually offered. We explain this in more detail.","https://www.gmbcreditunion.com/media/Transparency.jpg","summary_large_image","Article|WebPage|ImageObject|BreadcrumbList|WebSite|Person","808","0","26","7","blog-post","2025-09-29T11:35:26+00:00","2025-09-29T11:35:26+00:00","sitemap","","source/html/lets-get-transparent-loan-interest-rates/index.html",""
"https://www.gmbcreditunion.com/loan-application","301","https://www.gmbcreditunion.com/loan-application-rejected-what-now/","https://www.gmbcreditunion.com/loan-application-rejected-what-now/","text/html","Loan Application Rejected - What now? | GMBCU","","https://www.gmbcreditunion.com/loan-application-rejected-what-now/","index, follow, max-image-preview:large, max-snippet:-1, max-video-preview:-1","","Loan Application Rejected – What now?","1","Loan Application Rejected - What now? | GMBCU","No one likes being rejected for a loan, but there are steps that you can take to deal with this...","https://www.gmbcreditunion.com/media/Untitled-design-1-1200x675.png","summary_large_image","Article|WebPage|ImageObject|BreadcrumbList|WebSite|Person","1348","0","29","7","blog-post","2023-12-12T16:51:12+00:00","","wayback","","",""
"https://www.gmbcreditunion.com/loan-application-rejected-what-now","301","https://www.gmbcreditunion.com/loan-application-rejected-what-now/","https://www.gmbcreditunion.com/loan-application-rejected-what-now/","text/html","Loan Application Rejected - What now? | GMBCU","","https://www.gmbcreditunion.com/loan-application-rejected-what-now/","index, follow, max-image-preview:large, max-snippet:-1, max-video-preview:-1","","Loan Application Rejected – What now?","1","Loan Application Rejected - What now? | GMBCU","No one likes being rejected for a loan, but there are steps that you can take to deal with this...","https://www.gmbcreditunion.com/media/Untitled-design-1-1200x675.png","summary_large_image","Article|WebPage|ImageObject|BreadcrumbList|WebSite|Person","1348","0","29","7","blog-post","2023-12-12T16:51:12+00:00","","wayback","","",""
"https://www.gmbcreditunion.com/loan-application-rejected-what-now/","200","","","text/html","Loan Application Rejected - What now? | GMBCU","","https://www.gmbcreditunion.com/loan-application-rejected-what-now/","index, follow, max-image-preview:large, max-snippet:-1, max-video-preview:-1","","Loan Application Rejected – What now?","1","Loan Application Rejected - What now? | GMBCU","No one likes being rejected for a loan, but there are steps that you can take to deal with this...","https://www.gmbcreditunion.com/media/Untitled-design-1-1200x675.png","summary_large_image","Article|WebPage|ImageObject|BreadcrumbList|WebSite|Person","1348","1","29","7","blog-post","2023-12-12T16:51:12+00:00","2023-12-12T16:51:12+00:00","sitemap","","source/html/loan-application-rejected-what-now/index.html",""
"https://www.gmbcreditunion.com/loans","301","https://www.gmbcreditunion.com/loans/","https://www.gmbcreditunion.com/loans/","text/html","Credit Union Loans | GMB Credit Union","Discover personalised, affordable and ethical credit union loans with affordable repayments to suit your financial needs today.","https://www.gmbcreditunion.com/loans/","index, follow, max-image-preview:large, max-snippet:-1, max-video-preview:-1","","Loans","1","Credit Union Loans | GMB Credit Union","Discover personalised, affordable and ethical credit union loans with affordable repayments to suit your financial needs today.","","summary_large_image","WebPage|BreadcrumbList|WebSite","1253","13","26","30","page-builder","2025-07-08T15:17:57+00:00","","wayback","","",""
"https://www.gmbcreditunion.com/loans?conesso_link_tag=ebd837df0&utm_campaign=Jan%2B26%2BNewsletter&utm_medium=email&utm_source=Conesso","301","https://www.gmbcreditunion.com/loans/?conesso_link_tag=ebd837df0&utm_campaign=Jan%2B26%2BNewsletter&utm_medium=email&utm_source=Conesso","https://www.gmbcreditunion.com/loans/?conesso_link_tag=ebd837df0&utm_campaign=Jan%2B26%2BNewsletter&utm_medium=email&utm_source=Conesso","text/html","Credit Union Loans | GMB Credit Union","Discover personalised, affordable and ethical credit union loans with affordable repayments to suit your financial needs today.","https://www.gmbcreditunion.com/loans/","index, follow, max-image-preview:large, max-snippet:-1, max-video-preview:-1","","Loans","1","Credit Union Loans | GMB Credit Union","Discover personalised, affordable and ethical credit union loans with affordable repayments to suit your financial needs today.","","summary_large_image","WebPage|BreadcrumbList|WebSite","1253","1","26","30","page-builder","2025-07-08T15:17:57+00:00","","crawl","","",""
"https://www.gmbcreditunion.com/loans/","200","","","text/html","Credit Union Loans | GMB Credit Union","Discover personalised, affordable and ethical credit union loans with affordable repayments to suit your financial needs today.","https://www.gmbcreditunion.com/loans/","index, follow, max-image-preview:large, max-snippet:-1, max-video-preview:-1","","Loans","1","Credit Union Loans | GMB Credit Union","Discover personalised, affordable and ethical credit union loans with affordable repayments to suit your financial needs today.","","summary_large_image","WebPage|BreadcrumbList|WebSite","1253","455","26","30","page-builder","2025-07-08T15:17:57+00:00","2025-07-08T15:17:57+00:00","sitemap","","source/html/loans/index.html",""
"https://www.gmbcreditunion.com/loans/?conesso_link_tag=ebd837df0&utm_campaign=Jan%2B26%2BNewsletter&utm_medium=email&utm_source=Conesso","200","","","text/html","Credit Union Loans | GMB Credit Union","Discover personalised, affordable and ethical credit union loans with affordable repayments to suit your financial needs today.","https://www.gmbcreditunion.com/loans/","index, follow, max-image-preview:large, max-snippet:-1, max-video-preview:-1","","Loans","1","Credit Union Loans | GMB Credit Union","Discover personalised, affordable and ethical credit union loans with affordable repayments to suit your financial needs today.","","summary_large_image","WebPage|BreadcrumbList|WebSite","1253","9","26","30","page-builder","2025-07-08T15:17:57+00:00","","crawl","","source/html/loans/__q__conesso_link_tag_ebd837df0_utm_campaign_Jan_2B26_2BNewsletter_utm_medium_email_utm_source_Conesso/index.html",""
"https://www.gmbcreditunion.com/loans/consolidation-loan/","200","","","text/html","Consolidation Loan | GMB Credit Union Loans","Make your debts easier to manage and save on interest by bundling them all together with the GMB Credit Union Consolidation Loan. Find out more now.","https://www.gmbcreditunion.com/loans/consolidation-loan/","index, follow, max-image-preview:large, max-snippet:-1, max-video-preview:-1","","Consolidation Loan","1","Consolidation Loan | GMB Credit Union Loans","Make your debts easier to manage and save on interest by bundling them all together with the GMB Credit Union Consolidation Loan. Find out more now.","","summary_large_image","WebPage|BreadcrumbList|WebSite","469","455","26","13","page-builder","2025-03-04T15:54:59+00:00","2025-03-04T15:54:59+00:00","sitemap","","source/html/loans/consolidation-loan/index.html",""
"https://www.gmbcreditunion.com/loans/family-loan/","200","","","text/html","Family Loan | GMB Credit Union Loans","Make family life a little more manageable with the GMB Credit Union Family Loan, repaid directly by Child Benefit. Find out more.","https://www.gmbcreditunion.com/loans/family-loan/","index, follow, max-image-preview:large, max-snippet:-1, max-video-preview:-1","","Family Loan","1","Family Loan | GMB Credit Union Loans","Make family life a little more manageable with the GMB Credit Union Family Loan, repaid directly by Child Benefit. Find out more.","","summary_large_image","WebPage|BreadcrumbList|WebSite","449","455","26","14","page-builder","2025-03-04T15:56:12+00:00","2025-03-04T15:56:12+00:00","sitemap","","source/html/loans/family-loan/index.html",""
"https://www.gmbcreditunion.com/loans/handy-loan/","200","","","text/html","Handy Loan | GMB Credit Union Loans","Manage life's unexpected costs with our Credit Union Handy Loan. Less financial stress while still strengthening your credit rating. Learn more.","https://www.gmbcreditunion.com/loans/handy-loan/","index, follow, max-image-preview:large, max-snippet:-1, max-video-preview:-1","","Handy Loan","1","Handy Loan | GMB Credit Union Loans","Manage life's unexpected costs with our Credit Union Handy Loan. Less financial stress while still strengthening your credit rating. Learn more.","","summary_large_image","WebPage|BreadcrumbList|WebSite","391","455","26","13","page-builder","2025-03-04T15:53:48+00:00","2025-03-04T15:53:48+00:00","sitemap","","source/html/loans/handy-loan/index.html",""
"https://www.gmbcreditunion.com/loans/member-loan/","200","","","text/html","Member Loan | GMB Credit Union Loans","Discover the affordable GMB Credit Union Member Loan with longer repayment options. It could be the right solution for you. Learn more.","https://www.gmbcreditunion.com/loans/member-loan/","index, follow, max-image-preview:large, max-snippet:-1, max-video-preview:-1","","Member Loan","1","Member Loan | GMB Credit Union Loans","Discover the affordable GMB Credit Union Member Loan with longer repayment options. It could be the right solution for you. Learn more.","","summary_large_image","WebPage|BreadcrumbList|WebSite","358","455","26","12","page-builder","2026-06-15T09:31:22+00:00","2026-06-15T09:31:22+00:00","sitemap","","source/html/loans/member-loan/index.html",""
"https://www.gmbcreditunion.com/loans/save-borrow-loan/","200","","","text/html","Save & Borrow Loan | GMB Credit Union Loans","Encourage a healthier relationship with your money while boosting your credit score with the Save & Borrow credit union loan. Find out more.","https://www.gmbcreditunion.com/loans/save-borrow-loan/","index, follow, max-image-preview:large, max-snippet:-1, max-video-preview:-1","","Save & Borrow Loan","1","Save & Borrow Loan | GMB Credit Union Loans","Encourage a healthier relationship with your money while boosting your credit score with the Save & Borrow credit union loan. Find out more.","","summary_large_image","WebPage|BreadcrumbList|WebSite","459","455","26","13","page-builder","2025-03-21T13:35:11+00:00","2025-03-21T13:35:11+00:00","sitemap","","source/html/loans/save-borrow-loan/index.html",""
"https://www.gmbcreditunion.com/loans/savings-secured-loan/","200","","","text/html","Savings Secured Loan | GMB Credit Union Loans","Access the best rates by using your GMB Credit Union savings as security with the Savings Secured loan. Discover more today.","https://www.gmbcreditunion.com/loans/savings-secured-loan/","index, follow, max-image-preview:large, max-snippet:-1, max-video-preview:-1","","Savings Secured Loan","1","Savings Secured Loan | GMB Credit Union Loans","Access the best rates by using your GMB Credit Union savings as security with the Savings Secured loan. Discover more today.","","summary_large_image","WebPage|BreadcrumbList|WebSite","438","455","26","13","page-builder","2025-03-21T13:37:11+00:00","2025-03-21T13:37:11+00:00","sitemap","","source/html/loans/savings-secured-loan/index.html",""
"https://www.gmbcreditunion.com/loans/starter-loan/","200","","","text/html","Starter Loan | GMB Credit Union Loans","Enjoy a safe way to borrow and build a positive relationship with your Credit Union by choosing the Starter Loan. Discover more today.","https://www.gmbcreditunion.com/loans/starter-loan/","index, follow, max-image-preview:large, max-snippet:-1, max-video-preview:-1","","Starter Loan","1","Starter Loan | GMB Credit Union Loans","Enjoy a safe way to borrow and build a positive relationship with your Credit Union by choosing the Starter Loan. Discover more today.","","summary_large_image","WebPage|BreadcrumbList|WebSite","348","0","26","13","page-builder","2025-01-07T11:03:03+00:00","2025-01-07T11:03:03+00:00","sitemap","","source/html/loans/starter-loan/index.html",""
"https://www.gmbcreditunion.com/loans/top-up-loan/","200","","","text/html","Top Up Loan | GMB Credit Union Loans","No more additional borrowing fuss! With the Top Up Loan from GMB Credit Union you can easily access more funds when you need them. Find out more.","https://www.gmbcreditunion.com/loans/top-up-loan/","index, follow, max-image-preview:large, max-snippet:-1, max-video-preview:-1","","Top-Up Loan","1","Top Up Loan | GMB Credit Union Loans","No more additional borrowing fuss! With the Top Up Loan from GMB Credit Union you can easily access more funds when you need them. Find out more.","","summary_large_image","WebPage|BreadcrumbList|WebSite","355","455","26","11","page-builder","2025-08-12T13:54:28+00:00","2025-08-12T13:54:28+00:00","sitemap","","source/html/loans/top-up-loan/index.html",""
"https://www.gmbcreditunion.com/managing-your-money-with-your-credit-union/","200","","","text/html","Managing Your Money With Your Credit Union | GMBCU","We've spent the last six months improving our member services so you can manage your money your way. Discover our digital services now.","https://www.gmbcreditunion.com/managing-your-money-with-your-credit-union/","index, follow, max-image-preview:large, max-snippet:-1, max-video-preview:-1","","Managing your money with your Credit Union","1","Managing Your Money With Your Credit Union | GMBCU","We've spent the last six months improving our member services so you can manage your money your way. Discover our digital services now.","https://www.gmbcreditunion.com/media/AdobeStock_135319877-min.jpeg","summary_large_image","Article|WebPage|ImageObject|BreadcrumbList|WebSite|Person","818","0","30","10","blog-post","2025-09-25T14:18:06+00:00","2025-09-25T14:18:06+00:00","sitemap","","source/html/managing-your-money-with-your-credit-union/index.html",""
"https://www.gmbcreditunion.com/media/AGM-Agenda-2024-2.pdf","200","","","application/pdf","","","","","","","","","","","","","","2","0","","document","Tue, 12 Mar 2024 11:56:14 GMT","","wayback","","source/media/media/AGM-Agenda-2024-2.pdf",""
"https://www.gmbcreditunion.com/media/AGM-Agenda-2025.pdf","200","","","application/pdf","","","","","","","","","","","","","","2","0","","document","Thu, 20 Mar 2025 15:18:21 GMT","","crawl","","source/media/media/AGM-Agenda-2025.pdf",""
"https://www.gmbcreditunion.com/media/AGM-Agenda-2026-1.pdf","200","","","application/pdf","","","","","","","","","","","","","","2","0","","document","Wed, 15 Apr 2026 10:18:22 GMT","","crawl","","source/media/media/AGM-Agenda-2026-1.pdf",""
"https://www.gmbcreditunion.com/media/Anti-Money-Laundering-Reporting-Officer-2023-AGM-2024.pdf","200","","","application/pdf","","","","","","","","","","","","","","2","0","","document","Wed, 06 Mar 2024 16:51:57 GMT","","wayback","","source/media/media/Anti-Money-Laundering-Reporting-Officer-2023-AGM-2024.pdf",""
"https://www.gmbcreditunion.com/media/Anti-Money-Laundering-Reporting-Officer-2024-AGM-2025.pdf","200","","","application/pdf","","","","","","","","","","","","","","2","0","","document","Thu, 20 Mar 2025 15:13:22 GMT","","crawl","","source/media/media/Anti-Money-Laundering-Reporting-Officer-2024-AGM-2025.pdf",""
"https://www.gmbcreditunion.com/media/Blog-images-11-e1750860743946-600x400.png&quot;","301","https://www.gmbcreditunion.com/media/Blog-images-11-e1750860743946-600x400.png&quot","https://www.gmbcreditunion.com/media/Blog-images-11-e1750860743946-600x400.png&quot","text/html","Page not found | GMBCU","","","noindex, follow","","404 - Page not Found","1","Page not found | GMBCU","","","","WebSite","14","0","26","6","404","","","wayback","","",""
"https://www.gmbcreditunion.com/media/Board-of-Directors-Report-AGM-2024.pdf","200","","","application/pdf","","","","","","","","","","","","","","2","0","","document","Wed, 06 Mar 2024 16:48:09 GMT","","wayback","","source/media/media/Board-of-Directors-Report-AGM-2024.pdf",""
"https://www.gmbcreditunion.com/media/Complaints-Director-Report-AGM-2024.pdf","200","","","application/pdf","","","","","","","","","","","","","","2","0","","document","Wed, 06 Mar 2024 16:52:44 GMT","","wayback","","source/media/media/Complaints-Director-Report-AGM-2024.pdf",""
"https://www.gmbcreditunion.com/media/CU-Save-Header-RGB-LOTTIE2.json","200","","","application/json","","","","","","","","","","","","","","0","0","","document","Tue, 05 Sep 2023 14:22:00 GMT","","wayback","","source/media/media/CU-Save-Header-RGB-LOTTIE2.json",""
"https://www.gmbcreditunion.com/media/Friends-of-GMBCU-Prize-Draw-Report-2024.pdf","200","","","application/pdf","","","","","","","","","","","","","","2","0","","document","Wed, 06 Mar 2024 16:51:14 GMT","","wayback","","source/media/media/Friends-of-GMBCU-Prize-Draw-Report-2024.pdf",""
"https://www.gmbcreditunion.com/media/GMB-Credit-Union-Annual-Report-2025.pdf","200","","","application/pdf","","","","","","","","","","","","","","2","0","","document","Tue, 25 Mar 2025 09:00:57 GMT","","wayback","","source/media/media/GMB-Credit-Union-Annual-Report-2025.pdf",""
"https://www.gmbcreditunion.com/media/GMBCU-Annual-Report-2023-1.pdf","200","","","application/pdf","","","","","","","","","","","","","","1","0","","document","Wed, 06 Sep 2023 16:13:27 GMT","","wayback","","source/media/media/GMBCU-Annual-Report-2023-1.pdf",""
"https://www.gmbcreditunion.com/media/GMBCU-Annual-Report-2024-4-compressed.pdf","200","","","application/pdf","","","","","","","","","","","","","","3","0","","document","Thu, 14 Mar 2024 15:41:19 GMT","","wayback","","source/media/media/GMBCU-Annual-Report-2024-4-compressed.pdf",""
"https://www.gmbcreditunion.com/media/GMBCU-Annual-Report-2025-AGM-2026-3.pdf","200","","","application/pdf","","","","","","","","","","","","","","3","0","","document","Thu, 02 Apr 2026 13:23:24 GMT","","crawl","","source/media/media/GMBCU-Annual-Report-2025-AGM-2026-3.pdf",""
"https://www.gmbcreditunion.com/media/GMBCU-Annual-Report-2025-compressed.pdf","200","","","application/pdf","","","","","","","","","","","","","","1","0","","document","Tue, 01 Apr 2025 11:18:55 GMT","","crawl","","source/media/media/GMBCU-Annual-Report-2025-compressed.pdf",""
"https://www.gmbcreditunion.com/media/GMBCU-Board-of-Directors-Report-2025-AGM-2026.pdf","200","","","application/pdf","","","","","","","","","","","","","","2","0","","document","Tue, 03 Mar 2026 18:22:17 GMT","","crawl","","source/media/media/GMBCU-Board-of-Directors-Report-2025-AGM-2026.pdf",""
"https://www.gmbcreditunion.com/media/GMBCU-Board-of-Directors-Report-AGM-2025.pdf","200","","","application/pdf","","","","","","","","","","","","","","2","0","","document","Thu, 20 Mar 2025 15:11:37 GMT","","crawl","","source/media/media/GMBCU-Board-of-Directors-Report-AGM-2025.pdf",""
"https://www.gmbcreditunion.com/media/GMBCU-Complaints-Officer-Report-2024-AGM-2025.pdf","200","","","application/pdf","","","","","","","","","","","","","","2","0","","document","Thu, 20 Mar 2025 15:13:47 GMT","","crawl","","source/media/media/GMBCU-Complaints-Officer-Report-2024-AGM-2025.pdf",""
"https://www.gmbcreditunion.com/media/GMBCU-Complaints-Officer-Report-2025-AGM-2026.pdf","200","","","application/pdf","","","","","","","","","","","","","","2","0","","document","Mon, 30 Mar 2026 11:26:43 GMT","","crawl","","source/media/media/GMBCU-Complaints-Officer-Report-2025-AGM-2026.pdf",""
"https://www.gmbcreditunion.com/media/GMBCU-Friends-of-GMBCU-Prize-Draw-2025.pdf","200","","","application/pdf","","","","","","","","","","","","","","2","0","","document","Thu, 20 Mar 2025 15:12:56 GMT","","crawl","","source/media/media/GMBCU-Friends-of-GMBCU-Prize-Draw-2025.pdf",""
"https://www.gmbcreditunion.com/media/GMBCU-Friends-of-GMBCU-Prize-Draw-2026.pdf","200","","","application/pdf","","","","","","","","","","","","","","2","0","","document","Mon, 30 Mar 2026 11:26:40 GMT","","crawl","","source/media/media/GMBCU-Friends-of-GMBCU-Prize-Draw-2026.pdf",""
"https://www.gmbcreditunion.com/media/GMBCU-Loan-TCs-1.pdf","200","","","application/pdf","","","","","","","","","","","","","","1","0","","document","Fri, 31 Jan 2025 13:04:29 GMT","","wayback","","source/media/media/GMBCU-Loan-TCs-1.pdf",""
"https://www.gmbcreditunion.com/media/GMBCU-Loan-TCs.pdf","200","","","application/pdf","","","","","","","","","","","","","","0","0","","document","Tue, 07 Jan 2025 11:47:46 GMT","","wayback","","source/media/media/GMBCU-Loan-TCs.pdf",""
"https://www.gmbcreditunion.com/media/GMBCU-Member-Hub-Guide.pdf","200","","","application/pdf","","","","","","","","","","","","","","2","0","","document","Thu, 18 Jun 2026 13:52:18 GMT","","crawl","","source/media/media/GMBCU-Member-Hub-Guide.pdf",""
"https://www.gmbcreditunion.com/media/GMBCU-Supervisory-Report-2025-AGM-2026.pdf","200","","","application/pdf","","","","","","","","","","","","","","2","0","","document","Mon, 30 Mar 2026 11:26:46 GMT","","crawl","","source/media/media/GMBCU-Supervisory-Report-2025-AGM-2026.pdf",""
"https://www.gmbcreditunion.com/media/GMBCU-Supervisory-Report-AGM-2024-1.pdf","200","","","application/pdf","","","","","","","","","","","","","","2","0","","document","Thu, 14 Mar 2024 17:01:30 GMT","","wayback","","source/media/media/GMBCU-Supervisory-Report-AGM-2024-1.pdf",""
"https://www.gmbcreditunion.com/media/GMBCU-Supervisory-Report-AGM-2025.pdf","200","","","application/pdf","","","","","","","","","","","","","","2","0","","document","Thu, 20 Mar 2025 15:12:27 GMT","","crawl","","source/media/media/GMBCU-Supervisory-Report-AGM-2025.pdf",""
"https://www.gmbcreditunion.com/media/Minutes-of-2023-AGM-2024.pdf","200","","","application/pdf","","","","","","","","","","","","","","2","0","","document","Fri, 08 Mar 2024 15:24:20 GMT","","wayback","","source/media/media/Minutes-of-2023-AGM-2024.pdf",""
"https://www.gmbcreditunion.com/media/Minutes-of-2024-AGM-2025.pdf","200","","","application/pdf","","","","","","","","","","","","","","2","0","","document","Thu, 20 Mar 2025 15:10:59 GMT","","crawl","","source/media/media/Minutes-of-2024-AGM-2025.pdf",""
"https://www.gmbcreditunion.com/media/Minutes-of-2025-AGM-2026.pdf","200","","","application/pdf","","","","","","","","","","","","","","2","0","","document","Tue, 03 Mar 2026 18:22:28 GMT","","crawl","","source/media/media/Minutes-of-2025-AGM-2026.pdf",""
"https://www.gmbcreditunion.com/media/PrizeSaver-Terms-Conditions-Hans-info-1.pdf","200","","","application/pdf","","","","","","","","","","","","","","2","0","","document","Tue, 12 Dec 2023 13:04:40 GMT","","wayback","","source/media/media/PrizeSaver-Terms-Conditions-Hans-info-1.pdf",""
"https://www.gmbcreditunion.com/media/Treasurers-Report-2023-AGM-2024.pdf","200","","","application/pdf","","","","","","","","","","","","","","2","0","","document","Wed, 06 Mar 2024 16:56:41 GMT","","wayback","","source/media/media/Treasurers-Report-2023-AGM-2024.pdf",""
"https://www.gmbcreditunion.com/media/Treasurers-Report-2024-AGM-2025.pdf","200","","","application/pdf","","","","","","","","","","","","","","2","0","","document","Thu, 20 Mar 2025 15:14:11 GMT","","crawl","","source/media/media/Treasurers-Report-2024-AGM-2025.pdf",""
"https://www.gmbcreditunion.com/media/Treasurers-Report-2025-AGM-2026.pdf","200","","","application/pdf","","","","","","","","","","","","","","2","0","","document","Mon, 30 Mar 2026 11:26:50 GMT","","crawl","","source/media/media/Treasurers-Report-2025-AGM-2026.pdf",""
"https://www.gmbcreditunion.com/meet-dennis-member-case-study","301","https://www.gmbcreditunion.com/meet-dennis-member-case-study/","https://www.gmbcreditunion.com/meet-dennis-member-case-study/","text/html","Meet Dennis: A Member Case Study | GMBCU","Meet Dennis, a GMBCU member, who shared his thoughts on how our Credit Union has evolved and why he chooses us over traditional banks.","https://www.gmbcreditunion.com/meet-dennis-member-case-study/","index, follow, max-image-preview:large, max-snippet:-1, max-video-preview:-1","","Meet Dennis: A Member Case Study","1","Meet Dennis: A Member Case Study | GMBCU","Meet Dennis, a GMBCU member, who shared his thoughts on how our Credit Union has evolved and why he chooses us over traditional banks.","https://www.gmbcreditunion.com/media/Dennis-GMB-Member-1200x622.png","summary_large_image","Article|WebPage|ImageObject|BreadcrumbList|WebSite|Person","1056","0","28","7","blog-post","2025-09-25T14:19:15+00:00","","wayback","","",""
"https://www.gmbcreditunion.com/meet-dennis-member-case-study/","200","","","text/html","Meet Dennis: A Member Case Study | GMBCU","Meet Dennis, a GMBCU member, who shared his thoughts on how our Credit Union has evolved and why he chooses us over traditional banks.","https://www.gmbcreditunion.com/meet-dennis-member-case-study/","index, follow, max-image-preview:large, max-snippet:-1, max-video-preview:-1","","Meet Dennis: A Member Case Study","1","Meet Dennis: A Member Case Study | GMBCU","Meet Dennis, a GMBCU member, who shared his thoughts on how our Credit Union has evolved and why he chooses us over traditional banks.","https://www.gmbcreditunion.com/media/Dennis-GMB-Member-1200x622.png","summary_large_image","Article|WebPage|ImageObject|BreadcrumbList|WebSite|Person","1056","0","28","7","blog-post","2025-09-25T14:19:15+00:00","2025-09-25T14:19:15+00:00","sitemap","","source/html/meet-dennis-member-case-study/index.html",""
"https://www.gmbcreditunion.com/meet-gary-member-case-study/","200","","","text/html","Meet Gary: A Member Case Study | GMBCU","Meet Gary, one of the longest-standing members of GMBCU. He spoke to us about his experience with the Credit Union over the years. Read more.","https://www.gmbcreditunion.com/meet-gary-member-case-study/","index, follow, max-image-preview:large, max-snippet:-1, max-video-preview:-1","","Meet Gary: A Member Case Study","1","Meet Gary: A Member Case Study | GMBCU","Meet Gary, one of the longest-standing members of GMBCU. He spoke to us about his experience with the Credit Union over the years. Read more.","https://www.gmbcreditunion.com/media/Untitled-design-3.png","summary_large_image","Article|WebPage|ImageObject|BreadcrumbList|WebSite|Person","753","0","26","7","blog-post","2025-09-25T14:19:57+00:00","2025-09-25T14:19:57+00:00","sitemap","","source/html/meet-gary-member-case-study/index.html",""
"https://www.gmbcreditunion.com/member-hub-faqs/","200","","","text/html","GMBCU Member Hub FAQs| GMB Credit Union","We’re introducing our new Member Hub on Wednesday 24th June 2026. Read on to get answers to some common questions.","https://www.gmbcreditunion.com/member-hub-faqs/","index, follow, max-image-preview:large, max-snippet:-1, max-video-preview:-1","","Member Hub FAQs","1","GMBCU Member Hub FAQs| GMB Credit Union","We’re introducing our new Member Hub on Wednesday 24th June 2026. Read on to get answers to some common questions.","","summary_large_image","WebPage|BreadcrumbList|WebSite","373","1","28","7","page-builder","2026-06-18T14:02:50+00:00","2026-06-18T14:02:50+00:00","sitemap","","source/html/member-hub-faqs/index.html",""
"https://www.gmbcreditunion.com/member-saving-account-application","404","","","text/html","Page not found | GMBCU","","","noindex, follow","","404 - Page not Found","1","Page not found | GMBCU","","","","WebSite","14","0","26","6","404","","","crawl","","source/html/member-saving-account-application/index.html",""
"https://www.gmbcreditunion.com/members-saver-accounts/","200","","","text/html","Now's The Time To Save With Member Saver Accounts | GMBCU","You asked, we listened! We've expanded our Saver products range so that you can find the right one for you. Start your savings habit today.","https://www.gmbcreditunion.com/members-saver-accounts/","index, follow, max-image-preview:large, max-snippet:-1, max-video-preview:-1","","Now’s the time to save – take a look at our Member Saver accounts","1","Now's The Time To Save With Member Saver Accounts | GMBCU","You asked, we listened! We've expanded our Saver products range so that you can find the right one for you. Start your savings habit today.","https://www.gmbcreditunion.com/media/GMBCU-Social-Templates.jpg","summary_large_image","Article|WebPage|ImageObject|BreadcrumbList|WebSite|Person","832","1","27","9","blog-post","2025-12-01T16:23:44+00:00","2025-12-01T16:23:44+00:00","sitemap","","source/html/members-saver-accounts/index.html",""
"https://www.gmbcreditunion.com/money-navigator","301","https://www.gmbcreditunion.com/resources/member-helper/","https://www.gmbcreditunion.com/resources/member-helper/","text/html","Member Helper | GMB Credit Union","Discover our Credit Union resources such as the Money Navigator and Budget Planner to help you manage your money better. Find out more now.","https://www.gmbcreditunion.com/resources/member-helper/","index, follow, max-image-preview:large, max-snippet:-1, max-video-preview:-1","","Member Helper","1","Member Helper | GMB Credit Union","Discover our Credit Union resources such as the Money Navigator and Budget Planner to help you manage your money better. Find out more now.","","summary_large_image","WebPage|BreadcrumbList|WebSite","301","3","30","11","page-builder","2023-10-09T14:41:02+00:00","","wayback","","",""
"https://www.gmbcreditunion.com/money-talk-kids-why-you-need-start-your-childrens-financial-education-now/","301","https://www.gmbcreditunion.com/childrens-financial-education/","https://www.gmbcreditunion.com/childrens-financial-education/","text/html","Why You Need To Start Your Child's Financial Education Now","It's vital to educate your children in financial matters to give them the knowledge and tools to make good choices in adulthood. Discover more here.","https://www.gmbcreditunion.com/childrens-financial-education/","index, follow, max-image-preview:large, max-snippet:-1, max-video-preview:-1","","Money talk for kids: why you need to start your children’s financial education now","1","Why You Need To Start Your Child's Financial Education Now","It's vital to educate your children in financial matters to give them the knowledge and tools to make good choices in adulthood. Discover more here.","https://www.gmbcreditunion.com/media/Untitled-design_0-1200x800.png","summary_large_image","Article|WebPage|ImageObject|BreadcrumbList|WebSite|Person","1098","0","33","7","blog-post","2025-09-25T13:45:10+00:00","","wayback","","",""
"https://www.gmbcreditunion.com/navigating-financial-storm-how-we-can-help","301","https://www.gmbcreditunion.com/navigating-financial-storm-how-we-can-help/","https://www.gmbcreditunion.com/navigating-financial-storm-how-we-can-help/","text/html","Navigating The Financial Storm – How We Can Help | GMBCU","As the cost-of-living crisis continues, the financial pressure mounts. We want to remind you we're here to help. Read more now.","https://www.gmbcreditunion.com/navigating-financial-storm-how-we-can-help/","index, follow, max-image-preview:large, max-snippet:-1, max-video-preview:-1","","Navigating the financial storm – how we can help","1","Navigating The Financial Storm – How We Can Help | GMBCU","As the cost-of-living crisis continues, the financial pressure mounts. We want to remind you we're here to help. Read more now.","https://www.gmbcreditunion.com/media/kelly-sikkema-3-Tc_5LROrM-unsplash-1.jpg","summary_large_image","Article|WebPage|ImageObject|BreadcrumbList|WebSite|Person","875","0","32","7","blog-post","2025-09-25T14:21:03+00:00","","wayback","","",""
"https://www.gmbcreditunion.com/navigating-financial-storm-how-we-can-help/","200","","","text/html","Navigating The Financial Storm – How We Can Help | GMBCU","As the cost-of-living crisis continues, the financial pressure mounts. We want to remind you we're here to help. Read more now.","https://www.gmbcreditunion.com/navigating-financial-storm-how-we-can-help/","index, follow, max-image-preview:large, max-snippet:-1, max-video-preview:-1","","Navigating the financial storm – how we can help","1","Navigating The Financial Storm – How We Can Help | GMBCU","As the cost-of-living crisis continues, the financial pressure mounts. We want to remind you we're here to help. Read more now.","https://www.gmbcreditunion.com/media/kelly-sikkema-3-Tc_5LROrM-unsplash-1.jpg","summary_large_image","Article|WebPage|ImageObject|BreadcrumbList|WebSite|Person","875","0","32","7","blog-post","2025-09-25T14:21:03+00:00","2025-09-25T14:21:03+00:00","sitemap","","source/html/navigating-financial-storm-how-we-can-help/index.html",""
"https://www.gmbcreditunion.com/news/","404","","","text/html","Page not found | GMBCU","","","noindex, follow","","404 - Page not Found","1","Page not found | GMBCU","","","","WebSite","14","0","26","6","404","","","probe","","source/html/news/index.html",""
"https://www.gmbcreditunion.com/nivo","404","","","text/html","Page not found | GMBCU","","","noindex, follow","","404 - Page not Found","1","Page not found | GMBCU","","","","WebSite","14","0","26","6","404","","","crawl","","source/html/nivo/index.html",""
"https://www.gmbcreditunion.com/node","404","","","text/html","Page not found | GMBCU","","","noindex, follow","","404 - Page not Found","1","Page not found | GMBCU","","","","WebSite","14","0","26","6","404","","","crawl","","source/html/node/index.html",""
"https://www.gmbcreditunion.com/node/21","404","","","text/html","Page not found | GMBCU","","","noindex, follow","","404 - Page not Found","1","Page not found | GMBCU","","","","WebSite","14","0","26","6","404","","","crawl","","source/html/node/21/index.html",""
"https://www.gmbcreditunion.com/node/22","404","","","text/html","Page not found | GMBCU","","","noindex, follow","","404 - Page not Found","1","Page not found | GMBCU","","","","WebSite","14","0","26","6","404","","","crawl","","source/html/node/22/index.html",""
"https://www.gmbcreditunion.com/node/23","404","","","text/html","Page not found | GMBCU","","","noindex, follow","","404 - Page not Found","1","Page not found | GMBCU","","","","WebSite","14","0","26","6","404","","","crawl","","source/html/node/23/index.html",""
"https://www.gmbcreditunion.com/node/24","404","","","text/html","Page not found | GMBCU","","","noindex, follow","","404 - Page not Found","1","Page not found | GMBCU","","","","WebSite","14","0","26","6","404","","","crawl","","source/html/node/24/index.html",""
"https://www.gmbcreditunion.com/node/28","404","","","text/html","Page not found | GMBCU","","","noindex, follow","","404 - Page not Found","1","Page not found | GMBCU","","","","WebSite","14","0","26","6","404","","","crawl","","source/html/node/28/index.html",""
"https://www.gmbcreditunion.com/node/29","404","","","text/html","Page not found | GMBCU","","","noindex, follow","","404 - Page not Found","1","Page not found | GMBCU","","","","WebSite","14","0","26","6","404","","","crawl","","source/html/node/29/index.html",""
"https://www.gmbcreditunion.com/node/38","404","","","text/html","Page not found | GMBCU","","","noindex, follow","","404 - Page not Found","1","Page not found | GMBCU","","","","WebSite","14","0","26","6","404","","","crawl","","source/html/node/38/index.html",""
"https://www.gmbcreditunion.com/one-year-members-prize-draw","301","https://www.gmbcreditunion.com/one-year-members-prize-draw/","https://www.gmbcreditunion.com/one-year-members-prize-draw/","text/html","One Year Of The Member’s Prize Draw | GMB Credit Union","Looking back at the last year, we're reflecting on how our Prize Draw has impacted our members and the charities that we've supported along the way.","https://www.gmbcreditunion.com/one-year-members-prize-draw/","index, follow, max-image-preview:large, max-snippet:-1, max-video-preview:-1","","One year of the Member’s Prize Draw","1","One Year Of The Member’s Prize Draw | GMB Credit Union","Looking back at the last year, we're reflecting on how our Prize Draw has impacted our members and the charities that we've supported along the way.","https://www.gmbcreditunion.com/media/prize.jpg","summary_large_image","Article|WebPage|ImageObject|BreadcrumbList|WebSite|Person","1346","1","26","7","blog-post","2025-09-25T14:38:39+00:00","","wayback","","",""
"https://www.gmbcreditunion.com/one-year-members-prize-draw/","200","","","text/html","One Year Of The Member’s Prize Draw | GMB Credit Union","Looking back at the last year, we're reflecting on how our Prize Draw has impacted our members and the charities that we've supported along the way.","https://www.gmbcreditunion.com/one-year-members-prize-draw/","index, follow, max-image-preview:large, max-snippet:-1, max-video-preview:-1","","One year of the Member’s Prize Draw","1","One Year Of The Member’s Prize Draw | GMB Credit Union","Looking back at the last year, we're reflecting on how our Prize Draw has impacted our members and the charities that we've supported along the way.","https://www.gmbcreditunion.com/media/prize.jpg","summary_large_image","Article|WebPage|ImageObject|BreadcrumbList|WebSite|Person","1346","0","26","7","blog-post","2025-09-25T14:38:39+00:00","2025-09-25T14:38:39+00:00","sitemap","","source/html/one-year-members-prize-draw/index.html",""
"https://www.gmbcreditunion.com/options-dealing-debt","301","https://www.gmbcreditunion.com/options-dealing-debt/","https://www.gmbcreditunion.com/options-dealing-debt/","text/html","Options For Dealing With Debt | GMB Credit Union","Getting in to debt can happen to anyone. So, what should you do when you can't settle your debts? Learn the practical options to deal with debt.","https://www.gmbcreditunion.com/options-dealing-debt/","index, follow, max-image-preview:large, max-snippet:-1, max-video-preview:-1","","Options for Dealing with Debt","1","Options For Dealing With Debt | GMB Credit Union","Getting in to debt can happen to anyone. So, what should you do when you can't settle your debts? Learn the practical options to deal with debt.","https://www.gmbcreditunion.com/media/photo-1554882065-a060942a33b1.jpg","summary_large_image","Article|WebPage|ImageObject|BreadcrumbList|WebSite|Person","1411","2","28","7","blog-post","2025-09-25T14:41:35+00:00","","wayback","","",""
"https://www.gmbcreditunion.com/options-dealing-debt/","200","","","text/html","Options For Dealing With Debt | GMB Credit Union","Getting in to debt can happen to anyone. So, what should you do when you can't settle your debts? Learn the practical options to deal with debt.","https://www.gmbcreditunion.com/options-dealing-debt/","index, follow, max-image-preview:large, max-snippet:-1, max-video-preview:-1","","Options for Dealing with Debt","1","Options For Dealing With Debt | GMB Credit Union","Getting in to debt can happen to anyone. So, what should you do when you can't settle your debts? Learn the practical options to deal with debt.","https://www.gmbcreditunion.com/media/photo-1554882065-a060942a33b1.jpg","summary_large_image","Article|WebPage|ImageObject|BreadcrumbList|WebSite|Person","1411","0","28","7","blog-post","2025-09-25T14:41:35+00:00","2025-09-25T14:41:35+00:00","sitemap","","source/html/options-dealing-debt/index.html",""
"https://www.gmbcreditunion.com/our-blog","301","https://www.gmbcreditunion.com/our-blog/","https://www.gmbcreditunion.com/our-blog/","text/html","Our Blog | GMB Credit Union","Stay updated with the latest Credit Union news, useful info, and tips on managing your money in our blog. Discover more today.","https://www.gmbcreditunion.com/our-blog/","index, follow, max-image-preview:large, max-snippet:-1, max-video-preview:-1","","Our Blog","1","Our Blog | GMB Credit Union","Stay updated with the latest Credit Union news, useful info, and tips on managing your money in our blog. Discover more today.","","summary_large_image","WebPage|CollectionPage|BreadcrumbList|WebSite","284","5","40","15","blog-index","","","wayback","","",""
"https://www.gmbcreditunion.com/our-blog?page=0","301","https://www.gmbcreditunion.com/our-blog/?page=0","https://www.gmbcreditunion.com/our-blog/?page=0","text/html","Our Blog | GMB Credit Union","Stay updated with the latest Credit Union news, useful info, and tips on managing your money in our blog. Discover more today.","https://www.gmbcreditunion.com/our-blog/","index, follow, max-image-preview:large, max-snippet:-1, max-video-preview:-1","","Our Blog","1","Our Blog | GMB Credit Union","Stay updated with the latest Credit Union news, useful info, and tips on managing your money in our blog. Discover more today.","","summary_large_image","WebPage|CollectionPage|BreadcrumbList|WebSite","284","1","40","15","blog-index","","","wayback","","",""
"https://www.gmbcreditunion.com/our-blog?page=1","301","https://www.gmbcreditunion.com/our-blog/","https://www.gmbcreditunion.com/our-blog/","text/html","Our Blog | GMB Credit Union","Stay updated with the latest Credit Union news, useful info, and tips on managing your money in our blog. Discover more today.","https://www.gmbcreditunion.com/our-blog/","index, follow, max-image-preview:large, max-snippet:-1, max-video-preview:-1","","Our Blog","1","Our Blog | GMB Credit Union","Stay updated with the latest Credit Union news, useful info, and tips on managing your money in our blog. Discover more today.","","summary_large_image","WebPage|CollectionPage|BreadcrumbList|WebSite","284","0","40","15","blog-index","","","wayback","","",""
"https://www.gmbcreditunion.com/our-blog?page=2","301","https://www.gmbcreditunion.com/our-blog/","https://www.gmbcreditunion.com/our-blog/","text/html","Our Blog | GMB Credit Union","Stay updated with the latest Credit Union news, useful info, and tips on managing your money in our blog. Discover more today.","https://www.gmbcreditunion.com/our-blog/","index, follow, max-image-preview:large, max-snippet:-1, max-video-preview:-1","","Our Blog","1","Our Blog | GMB Credit Union","Stay updated with the latest Credit Union news, useful info, and tips on managing your money in our blog. Discover more today.","","summary_large_image","WebPage|CollectionPage|BreadcrumbList|WebSite","284","0","40","15","blog-index","","","wayback","","",""
"https://www.gmbcreditunion.com/our-blog?page=3","301","https://www.gmbcreditunion.com/our-blog/","https://www.gmbcreditunion.com/our-blog/","text/html","Our Blog | GMB Credit Union","Stay updated with the latest Credit Union news, useful info, and tips on managing your money in our blog. Discover more today.","https://www.gmbcreditunion.com/our-blog/","index, follow, max-image-preview:large, max-snippet:-1, max-video-preview:-1","","Our Blog","1","Our Blog | GMB Credit Union","Stay updated with the latest Credit Union news, useful info, and tips on managing your money in our blog. Discover more today.","","summary_large_image","WebPage|CollectionPage|BreadcrumbList|WebSite","284","0","40","15","blog-index","","","wayback","","",""
"https://www.gmbcreditunion.com/our-blog?page=4","301","https://www.gmbcreditunion.com/our-blog/","https://www.gmbcreditunion.com/our-blog/","text/html","Our Blog | GMB Credit Union","Stay updated with the latest Credit Union news, useful info, and tips on managing your money in our blog. Discover more today.","https://www.gmbcreditunion.com/our-blog/","index, follow, max-image-preview:large, max-snippet:-1, max-video-preview:-1","","Our Blog","1","Our Blog | GMB Credit Union","Stay updated with the latest Credit Union news, useful info, and tips on managing your money in our blog. Discover more today.","","summary_large_image","WebPage|CollectionPage|BreadcrumbList|WebSite","284","0","40","15","blog-index","","","wayback","","",""
"https://www.gmbcreditunion.com/our-blog?page=5","301","https://www.gmbcreditunion.com/our-blog/","https://www.gmbcreditunion.com/our-blog/","text/html","Our Blog | GMB Credit Union","Stay updated with the latest Credit Union news, useful info, and tips on managing your money in our blog. Discover more today.","https://www.gmbcreditunion.com/our-blog/","index, follow, max-image-preview:large, max-snippet:-1, max-video-preview:-1","","Our Blog","1","Our Blog | GMB Credit Union","Stay updated with the latest Credit Union news, useful info, and tips on managing your money in our blog. Discover more today.","","summary_large_image","WebPage|CollectionPage|BreadcrumbList|WebSite","284","0","40","15","blog-index","","","wayback","","",""
"https://www.gmbcreditunion.com/our-blog?page=6","301","https://www.gmbcreditunion.com/our-blog/","https://www.gmbcreditunion.com/our-blog/","text/html","Our Blog | GMB Credit Union","Stay updated with the latest Credit Union news, useful info, and tips on managing your money in our blog. Discover more today.","https://www.gmbcreditunion.com/our-blog/","index, follow, max-image-preview:large, max-snippet:-1, max-video-preview:-1","","Our Blog","1","Our Blog | GMB Credit Union","Stay updated with the latest Credit Union news, useful info, and tips on managing your money in our blog. Discover more today.","","summary_large_image","WebPage|CollectionPage|BreadcrumbList|WebSite","284","0","40","15","blog-index","","","wayback","","",""
"https://www.gmbcreditunion.com/our-blog?page=7","301","https://www.gmbcreditunion.com/our-blog/","https://www.gmbcreditunion.com/our-blog/","text/html","Our Blog | GMB Credit Union","Stay updated with the latest Credit Union news, useful info, and tips on managing your money in our blog. Discover more today.","https://www.gmbcreditunion.com/our-blog/","index, follow, max-image-preview:large, max-snippet:-1, max-video-preview:-1","","Our Blog","1","Our Blog | GMB Credit Union","Stay updated with the latest Credit Union news, useful info, and tips on managing your money in our blog. Discover more today.","","summary_large_image","WebPage|CollectionPage|BreadcrumbList|WebSite","284","0","40","15","blog-index","","","wayback","","",""
"https://www.gmbcreditunion.com/our-blog?page=8","301","https://www.gmbcreditunion.com/our-blog/","https://www.gmbcreditunion.com/our-blog/","text/html","Our Blog | GMB Credit Union","Stay updated with the latest Credit Union news, useful info, and tips on managing your money in our blog. Discover more today.","https://www.gmbcreditunion.com/our-blog/","index, follow, max-image-preview:large, max-snippet:-1, max-video-preview:-1","","Our Blog","1","Our Blog | GMB Credit Union","Stay updated with the latest Credit Union news, useful info, and tips on managing your money in our blog. Discover more today.","","summary_large_image","WebPage|CollectionPage|BreadcrumbList|WebSite","284","0","40","15","blog-index","","","wayback","","",""
"https://www.gmbcreditunion.com/our-blog/","200","","","text/html","Our Blog | GMB Credit Union","Stay updated with the latest Credit Union news, useful info, and tips on managing your money in our blog. Discover more today.","https://www.gmbcreditunion.com/our-blog/","index, follow, max-image-preview:large, max-snippet:-1, max-video-preview:-1","","Our Blog","1","Our Blog | GMB Credit Union","Stay updated with the latest Credit Union news, useful info, and tips on managing your money in our blog. Discover more today.","","summary_large_image","WebPage|CollectionPage|BreadcrumbList|WebSite","284","455","40","15","blog-index","2026-05-11T10:51:27+00:00","2026-05-11T10:51:27+00:00","sitemap","","source/html/our-blog/index.html",""
"https://www.gmbcreditunion.com/our-blog/?conesso_link_tag=ebd837df0&utm_campaign=Jan%2B26%2BNewsletter&utm_medium=email&utm_source=Conesso","200","","","text/html","Our Blog | GMB Credit Union","Stay updated with the latest Credit Union news, useful info, and tips on managing your money in our blog. Discover more today.","https://www.gmbcreditunion.com/our-blog/","index, follow, max-image-preview:large, max-snippet:-1, max-video-preview:-1","","Our Blog","1","Our Blog | GMB Credit Union","Stay updated with the latest Credit Union news, useful info, and tips on managing your money in our blog. Discover more today.","","summary_large_image","WebPage|CollectionPage|BreadcrumbList|WebSite","284","9","40","15","blog-index","","","crawl","","source/html/our-blog/__q__conesso_link_tag_ebd837df0_utm_campaign_Jan_2B26_2BNewsletter_utm_medium_email_utm_source_Conesso/index.html",""
"https://www.gmbcreditunion.com/our-blog/feed/","200","","","application/rss+xml","","","","","","","","","","","","","","0","0","","document","Tue, 06 Oct 2026 13:59:04 GMT","","probe","","source/html/our-blog/feed/index.xml",""
"https://www.gmbcreditunion.com/our-blog/page/2/","200","","","text/html","Our Blog | GMB Credit Union","Stay updated with the latest Credit Union news, useful info, and tips on managing your money in our blog. Discover more today.","https://www.gmbcreditunion.com/our-blog/page/2/","max-image-preview:large, noindex,follow","","Our Blog","1","Our Blog | GMB Credit Union","Stay updated with the latest Credit Union news, useful info, and tips on managing your money in our blog. Discover more today.","","summary_large_image","WebPage|CollectionPage|BreadcrumbList|WebSite","302","1","40","15","blog-index","","","probe","","source/html/our-blog/page/2/index.html",""
"https://www.gmbcreditunion.com/our-blog/page/3/","200","","","text/html","Our Blog | GMB Credit Union","Stay updated with the latest Credit Union news, useful info, and tips on managing your money in our blog. Discover more today.","https://www.gmbcreditunion.com/our-blog/page/3/","max-image-preview:large, noindex,follow","","Our Blog","1","Our Blog | GMB Credit Union","Stay updated with the latest Credit Union news, useful info, and tips on managing your money in our blog. Discover more today.","","summary_large_image","WebPage|CollectionPage|BreadcrumbList|WebSite","299","2","40","15","blog-index","","","wayback","","source/html/our-blog/page/3/index.html",""
"https://www.gmbcreditunion.com/our-blog/page/4/","200","","","text/html","Our Blog | GMB Credit Union","Stay updated with the latest Credit Union news, useful info, and tips on managing your money in our blog. Discover more today.","https://www.gmbcreditunion.com/our-blog/page/4/","max-image-preview:large, noindex,follow","","Our Blog","1","Our Blog | GMB Credit Union","Stay updated with the latest Credit Union news, useful info, and tips on managing your money in our blog. Discover more today.","","summary_large_image","WebPage|CollectionPage|BreadcrumbList|WebSite","292","2","40","15","blog-index","","","wayback","","source/html/our-blog/page/4/index.html",""
"https://www.gmbcreditunion.com/our-blog/page/5/","200","","","text/html","Our Blog | GMB Credit Union","Stay updated with the latest Credit Union news, useful info, and tips on managing your money in our blog. Discover more today.","https://www.gmbcreditunion.com/our-blog/page/5/","max-image-preview:large, noindex,follow","","Our Blog","1","Our Blog | GMB Credit Union","Stay updated with the latest Credit Union news, useful info, and tips on managing your money in our blog. Discover more today.","","summary_large_image","WebPage|CollectionPage|BreadcrumbList|WebSite","292","2","40","15","blog-index","","","wayback","","source/html/our-blog/page/5/index.html",""
"https://www.gmbcreditunion.com/our-blog/page/6/","200","","","text/html","Our Blog | GMB Credit Union","Stay updated with the latest Credit Union news, useful info, and tips on managing your money in our blog. Discover more today.","https://www.gmbcreditunion.com/our-blog/page/6/","max-image-preview:large, noindex,follow","","Our Blog","1","Our Blog | GMB Credit Union","Stay updated with the latest Credit Union news, useful info, and tips on managing your money in our blog. Discover more today.","","summary_large_image","WebPage|CollectionPage|BreadcrumbList|WebSite","306","2","40","15","blog-index","","","wayback","","source/html/our-blog/page/6/index.html",""
"https://www.gmbcreditunion.com/our-blog/page/7/","200","","","text/html","Our Blog | GMB Credit Union","Stay updated with the latest Credit Union news, useful info, and tips on managing your money in our blog. Discover more today.","https://www.gmbcreditunion.com/our-blog/page/7/","max-image-preview:large, noindex,follow","","Our Blog","1","Our Blog | GMB Credit Union","Stay updated with the latest Credit Union news, useful info, and tips on managing your money in our blog. Discover more today.","","summary_large_image","WebPage|CollectionPage|BreadcrumbList|WebSite","302","1","40","15","blog-index","","","wayback","","source/html/our-blog/page/7/index.html",""
"https://www.gmbcreditunion.com/our-blog/page/8/","200","","","text/html","Our Blog | GMB Credit Union","Stay updated with the latest Credit Union news, useful info, and tips on managing your money in our blog. Discover more today.","https://www.gmbcreditunion.com/our-blog/page/8/","max-image-preview:large, noindex,follow","","Our Blog","1","Our Blog | GMB Credit Union","Stay updated with the latest Credit Union news, useful info, and tips on managing your money in our blog. Discover more today.","","summary_large_image","WebPage|CollectionPage|BreadcrumbList|WebSite","288","2","39","15","blog-index","","","wayback","","source/html/our-blog/page/8/index.html",""
"https://www.gmbcreditunion.com/our-enhanced-member-loans-explained","301","https://www.gmbcreditunion.com/our-enhanced-member-loans-explained/","https://www.gmbcreditunion.com/our-enhanced-member-loans-explained/","text/html","Our Enhanced Member Loans Explained | GMB Credit Union","We've improved every aspect of our offering to ensure our members have access to the support they need in uncertain times. Discover more now.","https://www.gmbcreditunion.com/our-enhanced-member-loans-explained/","index, follow, max-image-preview:large, max-snippet:-1, max-video-preview:-1","","Our Enhanced Member Loans Explained","1","Our Enhanced Member Loans Explained | GMB Credit Union","We've improved every aspect of our offering to ensure our members have access to the support they need in uncertain times. Discover more now.","https://www.gmbcreditunion.com/media/istockphoto-620734880-612x612-1.jpg","summary_large_image","Article|WebPage|ImageObject|BreadcrumbList|WebSite|Person","1576","0","28","7","blog-post","2025-09-29T11:35:59+00:00","","wayback","","",""
"https://www.gmbcreditunion.com/our-enhanced-member-loans-explained/","200","","","text/html","Our Enhanced Member Loans Explained | GMB Credit Union","We've improved every aspect of our offering to ensure our members have access to the support they need in uncertain times. Discover more now.","https://www.gmbcreditunion.com/our-enhanced-member-loans-explained/","index, follow, max-image-preview:large, max-snippet:-1, max-video-preview:-1","","Our Enhanced Member Loans Explained","1","Our Enhanced Member Loans Explained | GMB Credit Union","We've improved every aspect of our offering to ensure our members have access to the support they need in uncertain times. Discover more now.","https://www.gmbcreditunion.com/media/istockphoto-620734880-612x612-1.jpg","summary_large_image","Article|WebPage|ImageObject|BreadcrumbList|WebSite|Person","1576","1","28","7","blog-post","2025-09-29T11:35:59+00:00","2025-09-29T11:35:59+00:00","sitemap","","source/html/our-enhanced-member-loans-explained/index.html",""
"https://www.gmbcreditunion.com/overdraft-fees-are-changing","301","https://www.gmbcreditunion.com/overdraft-fees-are-changing/","https://www.gmbcreditunion.com/overdraft-fees-are-changing/","text/html","Overdraft Fees Are Changing | GMB Credit Union","Last month, overdraft fees were changed by most providers. If you regularly use an arranged or unarranged overdraft, here’s what you need to know.","https://www.gmbcreditunion.com/overdraft-fees-are-changing/","index, follow, max-image-preview:large, max-snippet:-1, max-video-preview:-1","","Overdraft fees are changing","1","Overdraft Fees Are Changing | GMB Credit Union","Last month, overdraft fees were changed by most providers. If you regularly use an arranged or unarranged overdraft, here’s what you need to know.","https://www.gmbcreditunion.com/media/106687880-1599052381377-gettyimages-1172101452-dscf4217-min.jpeg","summary_large_image","Article|WebPage|ImageObject|BreadcrumbList|WebSite|Person","696","0","26","7","blog-post","2025-09-25T14:44:31+00:00","","wayback","","",""
"https://www.gmbcreditunion.com/overdraft-fees-are-changing/","200","","","text/html","Overdraft Fees Are Changing | GMB Credit Union","Last month, overdraft fees were changed by most providers. If you regularly use an arranged or unarranged overdraft, here’s what you need to know.","https://www.gmbcreditunion.com/overdraft-fees-are-changing/","index, follow, max-image-preview:large, max-snippet:-1, max-video-preview:-1","","Overdraft fees are changing","1","Overdraft Fees Are Changing | GMB Credit Union","Last month, overdraft fees were changed by most providers. If you regularly use an arranged or unarranged overdraft, here’s what you need to know.","https://www.gmbcreditunion.com/media/106687880-1599052381377-gettyimages-1172101452-dscf4217-min.jpeg","summary_large_image","Article|WebPage|ImageObject|BreadcrumbList|WebSite|Person","696","0","26","7","blog-post","2025-09-25T14:44:31+00:00","2025-09-25T14:44:31+00:00","sitemap","","source/html/overdraft-fees-are-changing/index.html",""
"https://www.gmbcreditunion.com/page-sitemap.xml","200","","","text/xml","","","","","","","","","","","","","","0","0","","document","","","wayback","","source/media/page-sitemap.xml",""
"https://www.gmbcreditunion.com/page/2/","200","","","text/html","GMB Credit Union | Your money, your future, Your Credit Union","GMB Credit Union is made and managed by people like you, with ethical loans and savings pots to help you reach your financial goals. Learn more today.","https://www.gmbcreditunion.com/","max-image-preview:large, noindex,follow","","Your money, your future, your Credit Union","1","GMB Credit Union | Your money, your future, Your Credit Union","GMB Credit Union is made and managed by people like you, with ethical loans and savings pots to help you reach your financial goals. Learn more today.","https://www.gmbcreditunion.com/media/gmbcu-homepage-header-image01-e1691686625416.png","summary_large_image","WebPage|ImageObject|BreadcrumbList|WebSite","601","0","30","22","home","2025-12-18T15:45:17+00:00","","probe","","source/html/page/2/index.html",""
"https://www.gmbcreditunion.com/post_tag-sitemap.xml","200","","","text/xml","","","","","","","","","","","","","","0","0","","document","","","wayback","","source/media/post_tag-sitemap.xml",""
"https://www.gmbcreditunion.com/post-sitemap.xml","200","","","text/xml","","","","","","","","","","","","","","0","0","","document","","","wayback","","source/media/post-sitemap.xml",""
"https://www.gmbcreditunion.com/privacy-policy","301","https://www.gmbcreditunion.com/privacy-policy/","https://www.gmbcreditunion.com/privacy-policy/","text/html","Privacy Policy | GMB Credit Union","We are committed to protecting our members' privacy. Find out more about our robust privacy policy today.","https://www.gmbcreditunion.com/privacy-policy/","index, follow, max-image-preview:large, max-snippet:-1, max-video-preview:-1","","Privacy Policy","1","Privacy Policy | GMB Credit Union","We are committed to protecting our members' privacy. Find out more about our robust privacy policy today.","","summary_large_image","WebPage|BreadcrumbList|WebSite","1865","0","26","7","page-builder","2024-11-25T15:46:29+00:00","","wayback","","",""
"https://www.gmbcreditunion.com/privacy-policy/","200","","","text/html","Privacy Policy | GMB Credit Union","We are committed to protecting our members' privacy. Find out more about our robust privacy policy today.","https://www.gmbcreditunion.com/privacy-policy/","index, follow, max-image-preview:large, max-snippet:-1, max-video-preview:-1","","Privacy Policy","1","Privacy Policy | GMB Credit Union","We are committed to protecting our members' privacy. Find out more about our robust privacy policy today.","","summary_large_image","WebPage|BreadcrumbList|WebSite","1865","455","26","7","page-builder","2024-11-25T15:46:29+00:00","2024-11-25T15:46:29+00:00","sitemap","","source/html/privacy-policy/index.html",""
"https://www.gmbcreditunion.com/resources/","200","","","text/html","Financial Resources | GMB Credit Union","Get the tools & know-how to take control of your financial future. Empower yourself when it comes to money with these tailored Credit Union resources.","https://www.gmbcreditunion.com/resources/","index, follow, max-image-preview:large, max-snippet:-1, max-video-preview:-1","","Resources","1","Financial Resources | GMB Credit Union","Get the tools & know-how to take control of your financial future. Empower yourself when it comes to money with these tailored Credit Union resources.","","summary_large_image","WebPage|BreadcrumbList|WebSite","279","455","31","13","page-builder","2023-09-07T16:48:55+00:00","2023-09-07T16:48:55+00:00","sitemap","","source/html/resources/index.html",""
"https://www.gmbcreditunion.com/resources/?conesso_link_tag=ebd837df0&utm_campaign=Jan%2B26%2BNewsletter&utm_medium=email&utm_source=Conesso","200","","","text/html","Financial Resources | GMB Credit Union","Get the tools & know-how to take control of your financial future. Empower yourself when it comes to money with these tailored Credit Union resources.","https://www.gmbcreditunion.com/resources/","index, follow, max-image-preview:large, max-snippet:-1, max-video-preview:-1","","Resources","1","Financial Resources | GMB Credit Union","Get the tools & know-how to take control of your financial future. Empower yourself when it comes to money with these tailored Credit Union resources.","","summary_large_image","WebPage|BreadcrumbList|WebSite","279","10","31","13","page-builder","2023-09-07T16:48:55+00:00","","crawl","","source/html/resources/__q__conesso_link_tag_ebd837df0_utm_campaign_Jan_2B26_2BNewsletter_utm_medium_email_utm_source_Conesso/index.html",""
"https://www.gmbcreditunion.com/resources/member-helper/","200","","","text/html","Member Helper | GMB Credit Union","Discover our Credit Union resources such as the Money Navigator and Budget Planner to help you manage your money better. Find out more now.","https://www.gmbcreditunion.com/resources/member-helper/","index, follow, max-image-preview:large, max-snippet:-1, max-video-preview:-1","","Member Helper","1","Member Helper | GMB Credit Union","Discover our Credit Union resources such as the Money Navigator and Budget Planner to help you manage your money better. Find out more now.","","summary_large_image","WebPage|BreadcrumbList|WebSite","301","455","30","11","page-builder","2023-10-09T14:41:02+00:00","2023-10-09T14:41:02+00:00","sitemap","","source/html/resources/member-helper/index.html",""
"https://www.gmbcreditunion.com/resources/member-helper/?conesso_link_tag=ebd837df0&utm_campaign=Jan%2B26%2BNewsletter&utm_medium=email&utm_source=Conesso","200","","","text/html","Member Helper | GMB Credit Union","Discover our Credit Union resources such as the Money Navigator and Budget Planner to help you manage your money better. Find out more now.","https://www.gmbcreditunion.com/resources/member-helper/","index, follow, max-image-preview:large, max-snippet:-1, max-video-preview:-1","","Member Helper","1","Member Helper | GMB Credit Union","Discover our Credit Union resources such as the Money Navigator and Budget Planner to help you manage your money better. Find out more now.","","summary_large_image","WebPage|BreadcrumbList|WebSite","301","9","30","11","page-builder","2023-10-09T14:41:02+00:00","","crawl","","source/html/resources/member-helper/__q__conesso_link_tag_ebd837df0_utm_campaign_Jan_2B26_2BNewsletter_utm_medium_email_utm_source_Conesso/index.html",""
"https://www.gmbcreditunion.com/resources/member-helper/benefit-calculator/","200","","","text/html","Budget Planner | GMB Credit Union","Budget planners are proven to promote financial stability. What are you waiting for? Download your GMB Credit Union Budget Planner today!","https://www.gmbcreditunion.com/resources/member-helper/benefit-calculator/","index, follow, max-image-preview:large, max-snippet:-1, max-video-preview:-1","","Benefit Calculator","1","Budget Planner | GMB Credit Union","Budget planners are proven to promote financial stability. What are you waiting for? Download your GMB Credit Union Budget Planner today!","","summary_large_image","WebPage|BreadcrumbList|WebSite","3","2","26","7","page-builder","2023-10-09T12:10:38+00:00","2023-10-09T12:10:38+00:00","sitemap","","source/html/resources/member-helper/benefit-calculator/index.html",""
"https://www.gmbcreditunion.com/resources/member-helper/budget-planner/","200","","","text/html","Budget Planner | GMB Credit Union","Budget planners are proven to promote financial stability. What are you waiting for? Download your GMB Credit Union Budget Planner today!","https://www.gmbcreditunion.com/resources/member-helper/budget-planner/","index, follow, max-image-preview:large, max-snippet:-1, max-video-preview:-1","","Budget Planner","1","Budget Planner | GMB Credit Union","Budget planners are proven to promote financial stability. What are you waiting for? Download your GMB Credit Union Budget Planner today!","","summary_large_image","WebPage|BreadcrumbList|WebSite","3","5","26","7","page-builder","2023-09-07T16:51:17+00:00","2023-09-07T16:51:17+00:00","sitemap","","source/html/resources/member-helper/budget-planner/index.html",""
"https://www.gmbcreditunion.com/resources/member-helper/budget-planner/,","301","https://www.gmbcreditunion.com/resources/member-helper/budget-planner/","https://www.gmbcreditunion.com/resources/member-helper/budget-planner/","text/html","Budget Planner | GMB Credit Union","Budget planners are proven to promote financial stability. What are you waiting for? Download your GMB Credit Union Budget Planner today!","https://www.gmbcreditunion.com/resources/member-helper/budget-planner/","index, follow, max-image-preview:large, max-snippet:-1, max-video-preview:-1","","Budget Planner","1","Budget Planner | GMB Credit Union","Budget planners are proven to promote financial stability. What are you waiting for? Download your GMB Credit Union Budget Planner today!","","summary_large_image","WebPage|BreadcrumbList|WebSite","3","1","26","7","page-builder","2023-09-07T16:51:17+00:00","","crawl","","",""
"https://www.gmbcreditunion.com/resources/member-helper/budget-planner/?conesso_link_tag=ebd837df0&utm_campaign=Jan%2B26%2BNewsletter&utm_medium=email&utm_source=Conesso","200","","","text/html","Budget Planner | GMB Credit Union","Budget planners are proven to promote financial stability. What are you waiting for? Download your GMB Credit Union Budget Planner today!","https://www.gmbcreditunion.com/resources/member-helper/budget-planner/","index, follow, max-image-preview:large, max-snippet:-1, max-video-preview:-1","","Budget Planner","1","Budget Planner | GMB Credit Union","Budget planners are proven to promote financial stability. What are you waiting for? Download your GMB Credit Union Budget Planner today!","","summary_large_image","WebPage|BreadcrumbList|WebSite","3","2","26","7","page-builder","2023-09-07T16:51:17+00:00","","crawl","","source/html/resources/member-helper/budget-planner/__q__conesso_link_tag_ebd837df0_utm_campaign_Jan_2B26_2BNewsletter_utm_medium_email_utm_source_Conesso/index.html",""
"https://www.gmbcreditunion.com/resources/member-helper/debt-advice-locator/","200","","","text/html","Debt Advice Locator | GMB Credit Union","If you're struggling with debt and don't know where to turn, many free advice services are available across the UK. Find them here today.","https://www.gmbcreditunion.com/resources/member-helper/debt-advice-locator/","index, follow, max-image-preview:large, max-snippet:-1, max-video-preview:-1","","Debt Advice Locator","1","Debt Advice Locator | GMB Credit Union","If you're struggling with debt and don't know where to turn, many free advice services are available across the UK. Find them here today.","","summary_large_image","WebPage|BreadcrumbList|WebSite","4","2","26","7","page-builder","2023-09-07T16:52:26+00:00","2023-09-07T16:52:26+00:00","sitemap","","source/html/resources/member-helper/debt-advice-locator/index.html",""
"https://www.gmbcreditunion.com/resources/member-helper/debt-advice-locator/?conesso_link_tag=ebd837df0&utm_campaign=Jan%2B26%2BNewsletter&utm_medium=email&utm_source=Conesso","200","","","text/html","Debt Advice Locator | GMB Credit Union","If you're struggling with debt and don't know where to turn, many free advice services are available across the UK. Find them here today.","https://www.gmbcreditunion.com/resources/member-helper/debt-advice-locator/","index, follow, max-image-preview:large, max-snippet:-1, max-video-preview:-1","","Debt Advice Locator","1","Debt Advice Locator | GMB Credit Union","If you're struggling with debt and don't know where to turn, many free advice services are available across the UK. Find them here today.","","summary_large_image","WebPage|BreadcrumbList|WebSite","4","2","26","7","page-builder","2023-09-07T16:52:26+00:00","","crawl","","source/html/resources/member-helper/debt-advice-locator/__q__conesso_link_tag_ebd837df0_utm_campaign_Jan_2B26_2BNewsletter_utm_medium_email_utm_source_Conesso/index.html",""
"https://www.gmbcreditunion.com/retail-therapy-or-financial-trap-the-real-reason-we-overspend/","200","","","text/html","Retail therapy or financial trap? The real reason we overspend.   | GMBCU","We think everyone should be able to enjoy stress-free financial wellbeing, giving our members financial freedom and control. Making savings needn’t limit how you and your family can enjoy your summer together. With a bit of planning and support, you can enjoy a summer full of fun, freedom, and peace of mind. ","https://www.gmbcreditunion.com/retail-therapy-or-financial-trap-the-real-reason-we-overspend/","index, follow, max-image-preview:large, max-snippet:-1, max-video-preview:-1","","Retail therapy or financial trap? The real reason we overspend.","1","Retail therapy or financial trap? The real reason we overspend.   | GMBCU","We think everyone should be able to enjoy stress-free financial wellbeing, giving our members financial freedom and control. Making savings needn’t limit how you and your family can enjoy your summer together. With a bit of planning and support, you can enjoy a summer full of fun, freedom, and peace of mind. ","https://www.gmbcreditunion.com/media/Blog-header.png","summary_large_image","Article|WebPage|ImageObject|BreadcrumbList|WebSite|Person","1119","4","27","9","blog-post","2025-08-04T10:49:48+00:00","2025-08-04T10:49:48+00:00","sitemap","","source/html/retail-therapy-or-financial-trap-the-real-reason-we-overspend/index.html",""
"https://www.gmbcreditunion.com/robots.txt","200","","","text/plain","","","","","","","","","","","","","","0","0","","document","","","probe","","source/media/robots.txt",""
"https://www.gmbcreditunion.com/save-now-spend-later","301","https://www.gmbcreditunion.com/save-now-spend-later/","https://www.gmbcreditunion.com/save-now-spend-later/","text/html","Save Now, Spend Later | GMB Credit Union","Buy now, Pay later seems like an easy, risk-free option. But it's a form of debt with a negative impact on your longer-term financial wellbeing.","https://www.gmbcreditunion.com/save-now-spend-later/","index, follow, max-image-preview:large, max-snippet:-1, max-video-preview:-1","","Save now, spend later","1","Save Now, Spend Later | GMB Credit Union","Buy now, Pay later seems like an easy, risk-free option. But it's a form of debt with a negative impact on your longer-term financial wellbeing.","https://www.gmbcreditunion.com/media/andre-taissin-5OUMf1Mr5pU-unsplash.jpg","summary_large_image","Article|WebPage|ImageObject|BreadcrumbList|WebSite|Person","794","1","26","7","blog-post","2025-09-25T14:50:34+00:00","","wayback","","",""
"https://www.gmbcreditunion.com/save-now-spend-later/","200","","","text/html","Save Now, Spend Later | GMB Credit Union","Buy now, Pay later seems like an easy, risk-free option. But it's a form of debt with a negative impact on your longer-term financial wellbeing.","https://www.gmbcreditunion.com/save-now-spend-later/","index, follow, max-image-preview:large, max-snippet:-1, max-video-preview:-1","","Save now, spend later","1","Save Now, Spend Later | GMB Credit Union","Buy now, Pay later seems like an easy, risk-free option. But it's a form of debt with a negative impact on your longer-term financial wellbeing.","https://www.gmbcreditunion.com/media/andre-taissin-5OUMf1Mr5pU-unsplash.jpg","summary_large_image","Article|WebPage|ImageObject|BreadcrumbList|WebSite|Person","794","0","26","7","blog-post","2025-09-25T14:50:34+00:00","2025-09-25T14:50:34+00:00","sitemap","","source/html/save-now-spend-later/index.html",""
"https://www.gmbcreditunion.com/saving-money-for-life-events/","200","","","text/html","Saving money for life events | GMBCU","Saving money for big moments in life is key to handling your money well. Whether you're saving for something special like buying a house or a wedding, or just want to be ready for surprises, having some money saved up gives you a great start. ","https://www.gmbcreditunion.com/saving-money-for-life-events/","index, follow, max-image-preview:large, max-snippet:-1, max-video-preview:-1","","Saving money for life events","1","Saving money for life events | GMBCU","Saving money for big moments in life is key to handling your money well. Whether you're saving for something special like buying a house or a wedding, or just want to be ready for surprises, having some money saved up gives you a great start. ","https://www.gmbcreditunion.com/media/Untitled-design-34.png","summary_large_image","Article|WebPage|ImageObject|BreadcrumbList|WebSite|Person","1080","1","29","9","blog-post","2024-03-08T11:15:42+00:00","2024-03-08T11:15:42+00:00","sitemap","","source/html/saving-money-for-life-events/index.html",""
"https://www.gmbcreditunion.com/savings-accounts","301","https://www.gmbcreditunion.com/savings/","https://www.gmbcreditunion.com/savings/","text/html","Savings | GMB Credit Union","Plan for a bigger, brighter financial future with our easy access savings accounts. Making savings simple and straightforward. Find out more today.","https://www.gmbcreditunion.com/savings/","index, follow, max-image-preview:large, max-snippet:-1, max-video-preview:-1","","Savings","1","Savings | GMB Credit Union","Plan for a bigger, brighter financial future with our easy access savings accounts. Making savings simple and straightforward. Find out more today.","","summary_large_image","WebPage|BreadcrumbList|WebSite","1312","5","26","28","page-builder","2026-04-13T12:12:42+00:00","","wayback","","",""
"https://www.gmbcreditunion.com/savings/","200","","","text/html","Savings | GMB Credit Union","Plan for a bigger, brighter financial future with our easy access savings accounts. Making savings simple and straightforward. Find out more today.","https://www.gmbcreditunion.com/savings/","index, follow, max-image-preview:large, max-snippet:-1, max-video-preview:-1","","Savings","1","Savings | GMB Credit Union","Plan for a bigger, brighter financial future with our easy access savings accounts. Making savings simple and straightforward. Find out more today.","","summary_large_image","WebPage|BreadcrumbList|WebSite","1312","455","26","28","page-builder","2026-04-13T12:12:42+00:00","2026-04-13T12:12:42+00:00","sitemap","","source/html/savings/index.html",""
"https://www.gmbcreditunion.com/savings/365-saver/","200","","","text/html","365 Saver | GMB Credit Union Savings","Earn a 5% bonus on your savings after just 12 months with our 365 Saver account, an ethical fixed-term investment that safely grows your money. ","https://www.gmbcreditunion.com/savings/365-saver/","index, follow, max-image-preview:large, max-snippet:-1, max-video-preview:-1","","365 Saver","1","365 Saver | GMB Credit Union Savings","Earn a 5% bonus on your savings after just 12 months with our 365 Saver account, an ethical fixed-term investment that safely grows your money. ","","summary_large_image","WebPage|BreadcrumbList|WebSite","397","455","26","11","page-builder","2026-07-21T12:19:07+00:00","2026-07-21T12:19:07+00:00","sitemap","","source/html/savings/365-saver/index.html",""
"https://www.gmbcreditunion.com/savings/christmas-saver/","200","","","text/html","Christmas Saver | GMB Credit Union Savings","Plan ahead for the festive season and ease some of the financial strain with a GMB Credit Union Christmas Saver account. Find out more today.","https://www.gmbcreditunion.com/savings/christmas-saver/","index, follow, max-image-preview:large, max-snippet:-1, max-video-preview:-1","","Christmas Saver","1","Christmas Saver | GMB Credit Union Savings","Plan ahead for the festive season and ease some of the financial strain with a GMB Credit Union Christmas Saver account. Find out more today.","","summary_large_image","WebPage|BreadcrumbList|WebSite","419","455","26","11","page-builder","2026-05-13T11:25:33+00:00","2026-05-13T11:25:33+00:00","sitemap","","source/html/savings/christmas-saver/index.html",""
"https://www.gmbcreditunion.com/savings/junior-saver/","301","https://www.gmbcreditunion.com/savings/young-saver/","https://www.gmbcreditunion.com/savings/young-saver/","text/html","Young Saver | GMB Credit Union Savings","Teach your child to be financially savvy with our Credit Union Young Saver, helping to set them up for a bright financial future. Find out more.","https://www.gmbcreditunion.com/savings/young-saver/","index, follow, max-image-preview:large, max-snippet:-1, max-video-preview:-1","","Young Saver","1","Young Saver | GMB Credit Union Savings","Teach your child to be financially savvy with our Credit Union Young Saver, helping to set them up for a bright financial future. Find out more.","","summary_large_image","WebPage|BreadcrumbList|WebSite","451","1","26","11","page-builder","2026-07-14T14:08:04+00:00","","wayback","","",""
"https://www.gmbcreditunion.com/savings/junior-saver/apply/","301","https://www.gmbcreditunion.com/savings/young-saver/apply/","https://www.gmbcreditunion.com/savings/young-saver/apply/","text/html","Page not found | GMBCU","","","noindex, follow","","404 - Page not Found","1","Page not found | GMBCU","","","","WebSite","14","0","26","6","404","","","wayback","","",""
"https://www.gmbcreditunion.com/savings/life-savings-insurance-protection/","200","","","text/html","Life Savings Insurance | GMB Credit Union Loans","‘Life Savings’ protection is a unique feature of the GMB Credit Union membership. It provides your family with a single lump sum payment to cover end-of-life expenses in the event of your death.","https://www.gmbcreditunion.com/savings/life-savings-insurance-protection/","index, follow, max-image-preview:large, max-snippet:-1, max-video-preview:-1","","","0","Life Savings Insurance | GMB Credit Union Loans","‘Life Savings’ protection is a unique feature of the GMB Credit Union membership. It provides your family with a single lump sum payment to cover end-of-life expenses in the event of your death.","","summary_large_image","WebPage|BreadcrumbList|WebSite","372","455","26","8","page-builder","2025-08-20T10:53:42+00:00","2025-08-20T10:53:42+00:00","sitemap","","source/html/savings/life-savings-insurance-protection/index.html",""
"https://www.gmbcreditunion.com/savings/member-saver/","200","","","text/html","Member Saver | GMB Credit Union Savings","Invest in your financial future with the GMB Credit Union Member Saver account, with exclusive member benefits. Discover more today.","https://www.gmbcreditunion.com/savings/member-saver/","index, follow, max-image-preview:large, max-snippet:-1, max-video-preview:-1","","Member Saver","1","Member Saver | GMB Credit Union Savings","Invest in your financial future with the GMB Credit Union Member Saver account, with exclusive member benefits. Discover more today.","","summary_large_image","WebPage|BreadcrumbList|WebSite","362","455","26","12","page-builder","2026-05-13T11:08:40+00:00","2026-05-13T11:08:40+00:00","sitemap","","source/html/savings/member-saver/index.html",""
"https://www.gmbcreditunion.com/savings/premium-saver/","200","","","text/html","Premium Saver | GMBCU","Now's the time to save! Rewarding members who commit to regular savings by adding an additional 1% premium on top of our standard Member Saver annual dividend.","https://www.gmbcreditunion.com/savings/premium-saver/","index, follow, max-image-preview:large, max-snippet:-1, max-video-preview:-1","","Premium Saver","1","Premium Saver | GMBCU","Now's the time to save! Rewarding members who commit to regular savings by adding an additional 1% premium on top of our standard Member Saver annual dividend.","","summary_large_image","WebPage|BreadcrumbList|WebSite","376","455","26","11","page-builder","2026-05-13T11:27:37+00:00","2026-05-13T11:27:37+00:00","sitemap","","source/html/savings/premium-saver/index.html",""
"https://www.gmbcreditunion.com/savings/prizesaver/","200","","","text/html","PrizeSaver | GMB Credit Union Savings","Saving feels good. Winning feels great. Now you can do both with our PrizeSaver. Start saving from just £5 with the chance to win £5,000 every month!","https://www.gmbcreditunion.com/savings/prizesaver/","index, follow, max-image-preview:large, max-snippet:-1, max-video-preview:-1","","PrizeSaver","1","PrizeSaver | GMB Credit Union Savings","Saving feels good. Winning feels great. Now you can do both with our PrizeSaver. Start saving from just £5 with the chance to win £5,000 every month!","","summary_large_image","WebPage|BreadcrumbList|WebSite","374","455","27","11","page-builder","2026-06-04T13:11:54+00:00","2026-06-04T13:11:54+00:00","sitemap","","source/html/savings/prizesaver/index.html",""
"https://www.gmbcreditunion.com/savings/young-saver/","200","","","text/html","Young Saver | GMB Credit Union Savings","Teach your child to be financially savvy with our Credit Union Young Saver, helping to set them up for a bright financial future. Find out more.","https://www.gmbcreditunion.com/savings/young-saver/","index, follow, max-image-preview:large, max-snippet:-1, max-video-preview:-1","","Young Saver","1","Young Saver | GMB Credit Union Savings","Teach your child to be financially savvy with our Credit Union Young Saver, helping to set them up for a bright financial future. Find out more.","","summary_large_image","WebPage|BreadcrumbList|WebSite","451","455","26","11","page-builder","2026-07-14T14:08:04+00:00","2026-07-14T14:08:04+00:00","sitemap","","source/html/savings/young-saver/index.html",""
"https://www.gmbcreditunion.com/savings/young-saver/apply/","404","","","text/html","Page not found | GMBCU","","","noindex, follow","","404 - Page not Found","1","Page not found | GMBCU","","","","WebSite","14","0","26","6","404","","","crawl","","source/html/savings/young-saver/apply/index.html",""
"https://www.gmbcreditunion.com/search/","404","","","text/html","Page not found | GMBCU","","","noindex, follow","","404 - Page not Found","1","Page not found | GMBCU","","","","WebSite","14","0","26","6","404","","","probe","","source/html/search/index.html",""
"https://www.gmbcreditunion.com/shocking-truth-about-short-term-credit","301","https://www.gmbcreditunion.com/shocking-truth-about-short-term-credit/","https://www.gmbcreditunion.com/shocking-truth-about-short-term-credit/","text/html","The Shocking Truth About Short Term Credit | GMBCU","Expensive short-term credit is damaging the nation. Find out what short-term credit is, the pros and cons, as well as better alternatives. Read more.","https://www.gmbcreditunion.com/shocking-truth-about-short-term-credit/","index, follow, max-image-preview:large, max-snippet:-1, max-video-preview:-1","","The Shocking Truth about Short Term Credit","1","The Shocking Truth About Short Term Credit | GMBCU","Expensive short-term credit is damaging the nation. Find out what short-term credit is, the pros and cons, as well as better alternatives. Read more.","https://www.gmbcreditunion.com/media/photo-1569744068983-6dfc2f27deb8_0.jpg","summary_large_image","Article|WebPage|ImageObject|BreadcrumbList|WebSite|Person","675","4","27","7","blog-post","2025-09-25T14:51:21+00:00","","wayback","","",""
"https://www.gmbcreditunion.com/shocking-truth-about-short-term-credit/","200","","","text/html","The Shocking Truth About Short Term Credit | GMBCU","Expensive short-term credit is damaging the nation. Find out what short-term credit is, the pros and cons, as well as better alternatives. Read more.","https://www.gmbcreditunion.com/shocking-truth-about-short-term-credit/","index, follow, max-image-preview:large, max-snippet:-1, max-video-preview:-1","","The Shocking Truth about Short Term Credit","1","The Shocking Truth About Short Term Credit | GMBCU","Expensive short-term credit is damaging the nation. Find out what short-term credit is, the pros and cons, as well as better alternatives. Read more.","https://www.gmbcreditunion.com/media/photo-1569744068983-6dfc2f27deb8_0.jpg","summary_large_image","Article|WebPage|ImageObject|BreadcrumbList|WebSite|Person","675","0","27","7","blog-post","2025-09-25T14:51:21+00:00","2025-09-25T14:51:21+00:00","sitemap","","source/html/shocking-truth-about-short-term-credit/index.html",""
"https://www.gmbcreditunion.com/simple-money-management-tips-feel-better-about-your-finances/","301","https://www.gmbcreditunion.com/simple-money-management-tips/","https://www.gmbcreditunion.com/simple-money-management-tips/","text/html","Simple Money Management Tips For Better Finances | GMBCU","Managing money can feel overwhelming but there are simple ways your can make changes to improve your situation. Discover our money tips now.","https://www.gmbcreditunion.com/simple-money-management-tips/","index, follow, max-image-preview:large, max-snippet:-1, max-video-preview:-1","","Simple money management tips to feel better about your finances","1","Simple Money Management Tips For Better Finances | GMBCU","Managing money can feel overwhelming but there are simple ways your can make changes to improve your situation. Discover our money tips now.","https://www.gmbcreditunion.com/media/markus-winkler-IrRbSND5EUc-unsplash.jpg","summary_large_image","Article|WebPage|ImageObject|BreadcrumbList|WebSite|Person","986","0","33","7","blog-post","2025-09-26T10:25:39+00:00","","wayback","","",""
"https://www.gmbcreditunion.com/simple-money-management-tips/","200","","","text/html","Simple Money Management Tips For Better Finances | GMBCU","Managing money can feel overwhelming but there are simple ways your can make changes to improve your situation. Discover our money tips now.","https://www.gmbcreditunion.com/simple-money-management-tips/","index, follow, max-image-preview:large, max-snippet:-1, max-video-preview:-1","","Simple money management tips to feel better about your finances","1","Simple Money Management Tips For Better Finances | GMBCU","Managing money can feel overwhelming but there are simple ways your can make changes to improve your situation. Discover our money tips now.","https://www.gmbcreditunion.com/media/markus-winkler-IrRbSND5EUc-unsplash.jpg","summary_large_image","Article|WebPage|ImageObject|BreadcrumbList|WebSite|Person","986","0","33","7","blog-post","2025-09-26T10:25:39+00:00","2025-09-26T10:25:39+00:00","sitemap","","source/html/simple-money-management-tips/index.html",""
"https://www.gmbcreditunion.com/simplify-your-personal-finance-options/","200","","","text/html","Simplify Your Personal Finance Options | GMB Credit Union","Avoiding personal finance decisions when it comes to credit cards, personal loans and mortgages can be costly. Let's face it together, read now.","https://www.gmbcreditunion.com/simplify-your-personal-finance-options/","index, follow, max-image-preview:large, max-snippet:-1, max-video-preview:-1","","Simplify Your Personal Finance Options","1","Simplify Your Personal Finance Options | GMB Credit Union","Avoiding personal finance decisions when it comes to credit cards, personal loans and mortgages can be costly. Let's face it together, read now.","https://www.gmbcreditunion.com/media/Zoomed-in-simple-calculator.jpg","summary_large_image","Article|WebPage|ImageObject|BreadcrumbList|WebSite|Person","773","0","27","7","blog-post","2025-09-29T11:36:36+00:00","2025-09-29T11:36:36+00:00","sitemap","","source/html/simplify-your-personal-finance-options/index.html",""
"https://www.gmbcreditunion.com/sitemap_index.xml","200","","","text/xml","","","","","","","","","","","","","","0","0","","document","","","probe","","source/media/sitemap_index.xml",""
"https://www.gmbcreditunion.com/sitemap.xml","301","https://www.gmbcreditunion.com/sitemap_index.xml","https://www.gmbcreditunion.com/sitemap_index.xml","text/xml","","","","","","","","","","","","","","0","0","","document","","","probe","","source/media/sitemap_index.xml",""
"https://www.gmbcreditunion.com/summer-fun-on-a-budget/","200","","","text/html","Summer Fun On A Budget | GMBCU","You and your family can enjoy your summer while saving too. With a bit of planning and support, you can enjoy fun, freedom, and peace of mind.","https://www.gmbcreditunion.com/summer-fun-on-a-budget/","index, follow, max-image-preview:large, max-snippet:-1, max-video-preview:-1","","Summer fun on a budget","1","Summer Fun On A Budget | GMBCU","You and your family can enjoy your summer while saving too. With a bit of planning and support, you can enjoy fun, freedom, and peace of mind.","https://www.gmbcreditunion.com/media/Blog-images-11-e1750860743946.png","summary_large_image","Article|WebPage|ImageObject|BreadcrumbList|WebSite|Person","1240","4","27","11","blog-post","2025-09-25T13:46:16+00:00","2025-09-25T13:46:16+00:00","sitemap","","source/html/summer-fun-on-a-budget/index.html",""
"https://www.gmbcreditunion.com/supporting-our-members-through-covid-19/","200","","","text/html","Supporting Our Members Through COVID-19 | GMBCU","Discover some useful resources to help you address your most pressing concerns, including information about how we are helping our members.","https://www.gmbcreditunion.com/supporting-our-members-through-covid-19/","index, follow, max-image-preview:large, max-snippet:-1, max-video-preview:-1","","Supporting Our Members Through COVID-19","1","Supporting Our Members Through COVID-19 | GMBCU","Discover some useful resources to help you address your most pressing concerns, including information about how we are helping our members.","https://www.gmbcreditunion.com/media/pexels-markus-spiske-3970332.jpg","summary_large_image","Article|WebPage|ImageObject|BreadcrumbList|WebSite|Person","1390","0","26","7","blog-post","2025-09-26T10:49:28+00:00","2025-09-26T10:49:28+00:00","sitemap","","source/html/supporting-our-members-through-covid-19/index.html",""
"https://www.gmbcreditunion.com/tag/budget/","200","","","text/html","Budget Archives | GMBCU","","https://www.gmbcreditunion.com/tag/budget/","index, follow, max-image-preview:large, max-snippet:-1, max-video-preview:-1","","Our Blog","1","Budget Archives | GMBCU","","","summary_large_image","CollectionPage|ImageObject|BreadcrumbList|WebSite","116","0","28","9","tag-archive","2025-09-25T13:46:16+00:00","2025-09-25T13:46:16+00:00","sitemap","","source/html/tag/budget/index.html",""
"https://www.gmbcreditunion.com/tag/summer/","200","","","text/html","Summer Archives | GMBCU","","https://www.gmbcreditunion.com/tag/summer/","index, follow, max-image-preview:large, max-snippet:-1, max-video-preview:-1","","Our Blog","1","Summer Archives | GMBCU","","","summary_large_image","CollectionPage|ImageObject|BreadcrumbList|WebSite","116","0","28","9","tag-archive","2025-09-25T13:46:16+00:00","2025-09-25T13:46:16+00:00","sitemap","","source/html/tag/summer/index.html",""
"https://www.gmbcreditunion.com/test/","200","","","text/html","test | GMBCU","","https://www.gmbcreditunion.com/test/","index, follow, max-image-preview:large, max-snippet:-1, max-video-preview:-1","","test","1","test | GMBCU","","","summary_large_image","WebPage|BreadcrumbList|WebSite","1","0","26","6","page-default","2025-05-04T08:12:24+00:00","2025-05-04T08:12:24+00:00","sitemap","","source/html/test/index.html",""
"https://www.gmbcreditunion.com/thank-you-for-your-interest-agm-2024/","200","","","text/html","Thank you for your interest - AGM 2024 | GMB Credit Union","You are now registered for the GMB Credit Union Annual General Meeting 2024.","https://www.gmbcreditunion.com/thank-you-for-your-interest-agm-2024/","index, follow, max-image-preview:large, max-snippet:-1, max-video-preview:-1","","Thank you for your interest","1","Thank you for your interest - AGM 2024 | GMB Credit Union","You are now registered for the GMB Credit Union Annual General Meeting 2024.","","summary_large_image","WebPage|BreadcrumbList|WebSite","152","0","35","8","page-builder","2024-03-14T17:02:40+00:00","2024-03-14T17:02:40+00:00","sitemap","","source/html/thank-you-for-your-interest-agm-2024/index.html",""
"https://www.gmbcreditunion.com/thank-you-for-your-interest-agm-2025/","200","","","text/html","Thank you for your interest - AGM 2025 | GMB Credit Union","You are now registered for the GMB Credit Union Annual General Meeting 2025.","https://www.gmbcreditunion.com/thank-you-for-your-interest-agm-2025/","index, follow, max-image-preview:large, max-snippet:-1, max-video-preview:-1","","Thank you for your interest","1","Thank you for your interest - AGM 2025 | GMB Credit Union","You are now registered for the GMB Credit Union Annual General Meeting 2025.","","summary_large_image","WebPage|BreadcrumbList|WebSite","152","0","35","8","page-builder","2025-03-26T12:13:38+00:00","2025-03-26T12:13:38+00:00","sitemap","","source/html/thank-you-for-your-interest-agm-2025/index.html",""
"https://www.gmbcreditunion.com/thank-you-for-your-interest-agm-2026/","200","","","text/html","Thank you for your interest - AGM 2026 | GMB Credit Union","You are now registered for the GMB Credit Union Annual General Meeting 2026.","https://www.gmbcreditunion.com/thank-you-for-your-interest-agm-2026/","index, follow, max-image-preview:large, max-snippet:-1, max-video-preview:-1","","Thank you for your interest","1","Thank you for your interest - AGM 2026 | GMB Credit Union","You are now registered for the GMB Credit Union Annual General Meeting 2026.","","summary_large_image","WebPage|BreadcrumbList|WebSite","148","0","34","9","page-builder","2026-04-15T10:19:39+00:00","2026-04-15T10:19:39+00:00","sitemap","","source/html/thank-you-for-your-interest-agm-2026/index.html",""
"https://www.gmbcreditunion.com/the-gmbcu-member-hub-is-coming-in-june-2026/","200","","","text/html","GMBCU Member Hub 2026 | GMB Credit Union","We’re introducing our new Member Hub on Wednesday 24th June 2026. It will replace both the My CU Account area on our website and the GMB Credit Union mobile app, bringing everything together in one secure, web-based platform.","https://www.gmbcreditunion.com/the-gmbcu-member-hub-is-coming-in-june-2026/","index, follow, max-image-preview:large, max-snippet:-1, max-video-preview:-1","","The new GMBCU Member Hub","1","GMBCU Member Hub 2026 | GMB Credit Union","We’re introducing our new Member Hub on Wednesday 24th June 2026. It will replace both the My CU Account area on our website and the GMB Credit Union mobile app, bringing everything together in one secure, web-based platform.","","summary_large_image","WebPage|BreadcrumbList|WebSite","437","0","28","10","page-builder","2026-06-18T13:59:57+00:00","2026-06-18T13:59:57+00:00","sitemap","","source/html/the-gmbcu-member-hub-is-coming-in-june-2026/index.html",""
"https://www.gmbcreditunion.com/ultimate-guide-open-banking","301","https://www.gmbcreditunion.com/ultimate-guide-open-banking/","https://www.gmbcreditunion.com/ultimate-guide-open-banking/","text/html","The Ultimate Guide To Open Banking | GMB Credit Union","Digital services at their best – that’s Open Banking. It’s simple, secure and provides big benefits for you and your lender. Learn more now.","https://www.gmbcreditunion.com/ultimate-guide-open-banking/","index, follow, max-image-preview:large, max-snippet:-1, max-video-preview:-1","","The Ultimate Guide to Open Banking","1","The Ultimate Guide To Open Banking | GMB Credit Union","Digital services at their best – that’s Open Banking. It’s simple, secure and provides big benefits for you and your lender. Learn more now.","https://www.gmbcreditunion.com/media/jessica-rockowitz-5NLCaz2wJXE-unsplash_0-1200x924.jpg","summary_large_image","Article|WebPage|ImageObject|BreadcrumbList|WebSite|Person","1550","0","29","7","blog-post","2025-09-26T10:50:07+00:00","","wayback","","",""
"https://www.gmbcreditunion.com/ultimate-guide-open-banking/","200","","","text/html","The Ultimate Guide To Open Banking | GMB Credit Union","Digital services at their best – that’s Open Banking. It’s simple, secure and provides big benefits for you and your lender. Learn more now.","https://www.gmbcreditunion.com/ultimate-guide-open-banking/","index, follow, max-image-preview:large, max-snippet:-1, max-video-preview:-1","","The Ultimate Guide to Open Banking","1","The Ultimate Guide To Open Banking | GMB Credit Union","Digital services at their best – that’s Open Banking. It’s simple, secure and provides big benefits for you and your lender. Learn more now.","https://www.gmbcreditunion.com/media/jessica-rockowitz-5NLCaz2wJXE-unsplash_0-1200x924.jpg","summary_large_image","Article|WebPage|ImageObject|BreadcrumbList|WebSite|Person","1550","0","29","7","blog-post","2025-09-26T10:50:07+00:00","2025-09-26T10:50:07+00:00","sitemap","","source/html/ultimate-guide-open-banking/index.html",""
"https://www.gmbcreditunion.com/useful-links","404","","","text/html","Page not found | GMBCU","","","noindex, follow","","404 - Page not Found","1","Page not found | GMBCU","","","","WebSite","14","0","26","6","404","","","crawl","","source/html/useful-links/index.html",""
"https://www.gmbcreditunion.com/user/login/","404","","","text/html","Page not found | GMBCU","","","noindex, follow","","404 - Page not Found","1","Page not found | GMBCU","","","","WebSite","14","0","26","6","404","","","crawl","","source/html/user/login/index.html",""
"https://www.gmbcreditunion.com/user/logout/","404","","","text/html","Page not found | GMBCU","","","noindex, follow","","404 - Page not Found","1","Page not found | GMBCU","","","","WebSite","14","0","26","6","404","","","crawl","","source/html/user/logout/index.html",""
"https://www.gmbcreditunion.com/user/password/","404","","","text/html","Page not found | GMBCU","","","noindex, follow","","404 - Page not Found","1","Page not found | GMBCU","","","","WebSite","14","0","26","6","404","","","crawl","","source/html/user/password/index.html",""
"https://www.gmbcreditunion.com/virtuous-circle","301","https://www.gmbcreditunion.com/virtuous-circle/","https://www.gmbcreditunion.com/virtuous-circle/","text/html","The Virtuous Circle | GMB Credit Union","Unlike the wider financial industry, we are not driven solely by profit, but by a simple credit cycle that benefits all members. Learn more.","https://www.gmbcreditunion.com/virtuous-circle/","index, follow, max-image-preview:large, max-snippet:-1, max-video-preview:-1","","The virtuous circle","1","The Virtuous Circle | GMB Credit Union","Unlike the wider financial industry, we are not driven solely by profit, but by a simple credit cycle that benefits all members. Learn more.","https://www.gmbcreditunion.com/media/john-peters-HlQf_iNy9ug-unsplash.jpg","summary_large_image","Article|WebPage|ImageObject|BreadcrumbList|WebSite|Person","872","1","28","7","blog-post","2026-05-11T10:51:27+00:00","","wayback","","",""
"https://www.gmbcreditunion.com/virtuous-circle/","200","","","text/html","The Virtuous Circle | GMB Credit Union","Unlike the wider financial industry, we are not driven solely by profit, but by a simple credit cycle that benefits all members. Learn more.","https://www.gmbcreditunion.com/virtuous-circle/","index, follow, max-image-preview:large, max-snippet:-1, max-video-preview:-1","","The virtuous circle","1","The Virtuous Circle | GMB Credit Union","Unlike the wider financial industry, we are not driven solely by profit, but by a simple credit cycle that benefits all members. Learn more.","https://www.gmbcreditunion.com/media/john-peters-HlQf_iNy9ug-unsplash.jpg","summary_large_image","Article|WebPage|ImageObject|BreadcrumbList|WebSite|Person","872","0","28","7","blog-post","2026-05-11T10:51:27+00:00","2026-05-11T10:51:27+00:00","sitemap","","source/html/virtuous-circle/index.html",""
"https://www.gmbcreditunion.com/we-are-delivering-how-were-responding-our-members-needs","301","https://www.gmbcreditunion.com/we-are-delivering-how-were-responding-our-members-needs/","https://www.gmbcreditunion.com/we-are-delivering-how-were-responding-our-members-needs/","text/html","How We’re Responding To Our Members’ Needs | GMBCU","We are delivering. Read on to find out how we've responded to our members’ financial needs during the COVID-19 pandemic.","https://www.gmbcreditunion.com/we-are-delivering-how-were-responding-our-members-needs/","index, follow, max-image-preview:large, max-snippet:-1, max-video-preview:-1","","We Are Delivering – How We’re Responding to Our Members’ Needs","1","How We’re Responding To Our Members’ Needs | GMBCU","We are delivering. Read on to find out how we've responded to our members’ financial needs during the COVID-19 pandemic.","https://www.gmbcreditunion.com/media/photo-1586195831465-e769c717f1e1.jpg","summary_large_image","Article|WebPage|ImageObject|BreadcrumbList|WebSite|Person","672","0","27","7","blog-post","2025-09-29T11:37:09+00:00","","wayback","","",""
"https://www.gmbcreditunion.com/we-are-delivering-how-were-responding-our-members-needs/","200","","","text/html","How We’re Responding To Our Members’ Needs | GMBCU","We are delivering. Read on to find out how we've responded to our members’ financial needs during the COVID-19 pandemic.","https://www.gmbcreditunion.com/we-are-delivering-how-were-responding-our-members-needs/","index, follow, max-image-preview:large, max-snippet:-1, max-video-preview:-1","","We Are Delivering – How We’re Responding to Our Members’ Needs","1","How We’re Responding To Our Members’ Needs | GMBCU","We are delivering. Read on to find out how we've responded to our members’ financial needs during the COVID-19 pandemic.","https://www.gmbcreditunion.com/media/photo-1586195831465-e769c717f1e1.jpg","summary_large_image","Article|WebPage|ImageObject|BreadcrumbList|WebSite|Person","672","0","27","7","blog-post","2025-09-29T11:37:09+00:00","2025-09-29T11:37:09+00:00","sitemap","","source/html/we-are-delivering-how-were-responding-our-members-needs/index.html",""
"https://www.gmbcreditunion.com/we-asked-our-members-describe-us-3-words/","200","","","text/html","We Asked Our Members To Describe Us In 3 Words... | GMBCU","How can you summarise GMB Credit Union? What is GMBCU like? We set our members the challenge to summarise us in just three words, see what they are.","https://www.gmbcreditunion.com/we-asked-our-members-describe-us-3-words/","index, follow, max-image-preview:large, max-snippet:-1, max-video-preview:-1","","We Asked Our Members to Describe Us in 3 Words…","1","We Asked Our Members To Describe Us In 3 Words... | GMBCU","How can you summarise GMB Credit Union? What is GMBCU like? We set our members the challenge to summarise us in just three words, see what they are.","https://www.gmbcreditunion.com/media/photo-1524087460115-e21f419c9e1e-1.jpg","summary_large_image","Article|WebPage|ImageObject|BreadcrumbList|WebSite|Person","68","0","26","7","blog-post","2025-09-26T10:51:45+00:00","2025-09-26T10:51:45+00:00","sitemap","","source/html/we-asked-our-members-describe-us-3-words/index.html",""
"https://www.gmbcreditunion.com/what-a-change-of-government-means-for-your-wallet/","200","","","text/html","What a change of government means for your wallet | GMBCU","Saving money for big moments in life is key to handling your money well. Whether you're saving for something special like buying a house or a wedding, or just want to be ready for surprises, having some money saved up gives you a great start. ","https://www.gmbcreditunion.com/what-a-change-of-government-means-for-your-wallet/","index, follow, max-image-preview:large, max-snippet:-1, max-video-preview:-1","","What a change of government means for your wallet","1","What a change of government means for your wallet | GMBCU","Saving money for big moments in life is key to handling your money well. Whether you're saving for something special like buying a house or a wedding, or just want to be ready for surprises, having some money saved up gives you a great start. ","https://www.gmbcreditunion.com/media/Blog-featured-images.png","summary_large_image","Article|WebPage|ImageObject|BreadcrumbList|WebSite|Person","995","1","26","10","blog-post","2024-08-20T12:10:36+00:00","2024-08-20T12:10:36+00:00","sitemap","","source/html/what-a-change-of-government-means-for-your-wallet/index.html",""
"https://www.gmbcreditunion.com/what-credit-and-why-does-it-matter","301","https://www.gmbcreditunion.com/what-credit-and-why-does-it-matter/","https://www.gmbcreditunion.com/what-credit-and-why-does-it-matter/","text/html","What Is Credit And Why Does It Matter? | GMB Credit Union","It’s likely that you're aware of the term “credit”. But has anyone ever taken the time to explain exactly what it means? No? Let’s change that.","https://www.gmbcreditunion.com/what-credit-and-why-does-it-matter/","index, follow, max-image-preview:large, max-snippet:-1, max-video-preview:-1","","Why your credit score matters","1","What Is Credit And Why Does It Matter? | GMB Credit Union","It’s likely that you're aware of the term “credit”. But has anyone ever taken the time to explain exactly what it means? No? Let’s change that.","https://www.gmbcreditunion.com/media/GettyImages-1185256894-1-min.jpg","summary_large_image","Article|WebPage|ImageObject|BreadcrumbList|WebSite|Person","852","3","28","7","blog-post","2026-02-04T14:13:46+00:00","","wayback","","",""
"https://www.gmbcreditunion.com/what-credit-and-why-does-it-matter/","200","","","text/html","What Is Credit And Why Does It Matter? | GMB Credit Union","It’s likely that you're aware of the term “credit”. But has anyone ever taken the time to explain exactly what it means? No? Let’s change that.","https://www.gmbcreditunion.com/what-credit-and-why-does-it-matter/","index, follow, max-image-preview:large, max-snippet:-1, max-video-preview:-1","","Why your credit score matters","1","What Is Credit And Why Does It Matter? | GMB Credit Union","It’s likely that you're aware of the term “credit”. But has anyone ever taken the time to explain exactly what it means? No? Let’s change that.","https://www.gmbcreditunion.com/media/GettyImages-1185256894-1-min.jpg","summary_large_image","Article|WebPage|ImageObject|BreadcrumbList|WebSite|Person","852","0","28","7","blog-post","2026-02-04T14:13:46+00:00","2026-02-04T14:13:46+00:00","sitemap","","source/html/what-credit-and-why-does-it-matter/index.html",""
"https://www.gmbcreditunion.com/what-do-members-need-know-applying-loan","301","https://www.gmbcreditunion.com/what-do-members-need-know-applying-loan/","https://www.gmbcreditunion.com/what-do-members-need-know-applying-loan/","text/html","What Do Members Need to Know Before Applying for a Loan?","In this short guide, we improve awareness and help our members make good financial decisions which will protect their long-term financial wellbeing.","https://www.gmbcreditunion.com/what-do-members-need-know-applying-loan/","index, follow, max-image-preview:large, max-snippet:-1, max-video-preview:-1","","What Do Members Need to Know Before Applying for a Loan?","1","What Do Members Need to Know Before Applying for a Loan?","In this short guide, we improve awareness and help our members make good financial decisions which will protect their long-term financial wellbeing.","https://www.gmbcreditunion.com/media/mayofi-KboMbhlRgGY-unsplash_0-1200x800.jpg","summary_large_image","Article|WebPage|ImageObject|BreadcrumbList|WebSite|Person","895","0","29","7","blog-post","2025-09-26T10:53:04+00:00","","wayback","","",""
"https://www.gmbcreditunion.com/what-do-members-need-know-applying-loan/","200","","","text/html","What Do Members Need to Know Before Applying for a Loan?","In this short guide, we improve awareness and help our members make good financial decisions which will protect their long-term financial wellbeing.","https://www.gmbcreditunion.com/what-do-members-need-know-applying-loan/","index, follow, max-image-preview:large, max-snippet:-1, max-video-preview:-1","","What Do Members Need to Know Before Applying for a Loan?","1","What Do Members Need to Know Before Applying for a Loan?","In this short guide, we improve awareness and help our members make good financial decisions which will protect their long-term financial wellbeing.","https://www.gmbcreditunion.com/media/mayofi-KboMbhlRgGY-unsplash_0-1200x800.jpg","summary_large_image","Article|WebPage|ImageObject|BreadcrumbList|WebSite|Person","895","0","29","7","blog-post","2025-09-26T10:53:04+00:00","2025-09-26T10:53:04+00:00","sitemap","","source/html/what-do-members-need-know-applying-loan/index.html",""
"https://www.gmbcreditunion.com/what-do-our-members-most-about-us/","200","","","text/html","What Do Our Members Like Most About Us? | GMB Credit Union","We asked our members what they liked most about being a member of GMB Credit Union. Take a look at our video below to hear what they had to say.","https://www.gmbcreditunion.com/what-do-our-members-most-about-us/","index, follow, max-image-preview:large, max-snippet:-1, max-video-preview:-1","","What Do Our Members like Most about Us?","1","What Do Our Members Like Most About Us? | GMB Credit Union","We asked our members what they liked most about being a member of GMB Credit Union. Take a look at our video below to hear what they had to say.","https://www.gmbcreditunion.com/media/photo-1533766569461-3823e8a83622-1.jpg","summary_large_image","Article|WebPage|ImageObject|BreadcrumbList|WebSite|Person","71","0","26","7","blog-post","2025-09-29T09:48:55+00:00","2025-09-29T09:48:55+00:00","sitemap","","source/html/what-do-our-members-most-about-us/index.html",""
"https://www.gmbcreditunion.com/what-is-a-credit-union-and-how-does-it-work/","200","","","text/html","What Is A Credit Union And How Does It Work? | GMBCU","GMBCU is a not-for-profit organisation by and for members. Read on to discover why they're the modern way to take control of your financial future.","https://www.gmbcreditunion.com/what-is-a-credit-union-and-how-does-it-work/","index, follow, max-image-preview:large, max-snippet:-1, max-video-preview:-1","","What is a credit union and how does it work?","1","What Is A Credit Union And How Does It Work? | GMBCU","GMBCU is a not-for-profit organisation by and for members. Read on to discover why they're the modern way to take control of your financial future.","https://www.gmbcreditunion.com/media/pexels-pixabay-128867.jpg","summary_large_image","Article|WebPage|ImageObject|BreadcrumbList|WebSite|Person","732","0","26","7","blog-post","2025-12-01T16:18:58+00:00","2025-12-01T16:18:58+00:00","sitemap","","source/html/what-is-a-credit-union-and-how-does-it-work/index.html",""
"https://www.gmbcreditunion.com/where-go-if-youre-feeling-stressed-about-money","301","https://www.gmbcreditunion.com/where-go-if-youre-feeling-stressed-about-money/","https://www.gmbcreditunion.com/where-go-if-youre-feeling-stressed-about-money/","text/html","Where To Go If You're Feeling Stressed About Money | GMBCU","Here are the best sources of support available both online and over the phone to help you feel more in control of your mental and financial health.","https://www.gmbcreditunion.com/where-go-if-youre-feeling-stressed-about-money/","index, follow, max-image-preview:large, max-snippet:-1, max-video-preview:-1","","Where to Go If You’re Feeling Stressed About Money","1","Where To Go If You're Feeling Stressed About Money | GMBCU","Here are the best sources of support available both online and over the phone to help you feel more in control of your mental and financial health.","https://www.gmbcreditunion.com/media/photo-1499171138085-a60c4e752ff7.jpg","summary_large_image","Article|WebPage|ImageObject|BreadcrumbList|WebSite|Person","1074","0","27","7","blog-post","2025-09-29T09:58:57+00:00","","wayback","","",""
"https://www.gmbcreditunion.com/where-go-if-youre-feeling-stressed-about-money/","200","","","text/html","Where To Go If You're Feeling Stressed About Money | GMBCU","Here are the best sources of support available both online and over the phone to help you feel more in control of your mental and financial health.","https://www.gmbcreditunion.com/where-go-if-youre-feeling-stressed-about-money/","index, follow, max-image-preview:large, max-snippet:-1, max-video-preview:-1","","Where to Go If You’re Feeling Stressed About Money","1","Where To Go If You're Feeling Stressed About Money | GMBCU","Here are the best sources of support available both online and over the phone to help you feel more in control of your mental and financial health.","https://www.gmbcreditunion.com/media/photo-1499171138085-a60c4e752ff7.jpg","summary_large_image","Article|WebPage|ImageObject|BreadcrumbList|WebSite|Person","1074","0","27","7","blog-post","2025-09-29T09:58:57+00:00","2025-09-29T09:58:57+00:00","sitemap","","source/html/where-go-if-youre-feeling-stressed-about-money/index.html",""
"https://www.gmbcreditunion.com/which-loan-best-you/","200","","","text/html","Which Loan Is The Best For You? | GMB Credit Union","As a GMB Credit Union member, you have access to a range of fast, fair, and flexible loans. Discover which is the right choice for you today.","https://www.gmbcreditunion.com/which-loan-best-you/","index, follow, max-image-preview:large, max-snippet:-1, max-video-preview:-1","","Which loan is the best for you?","1","Which Loan Is The Best For You? | GMB Credit Union","As a GMB Credit Union member, you have access to a range of fast, fair, and flexible loans. Discover which is the right choice for you today.","https://www.gmbcreditunion.com/media/bruce-mars-FWVMhUa_wbY-unsplash.jpg","summary_large_image","Article|WebPage|ImageObject|BreadcrumbList|WebSite|Person","1513","1","27","7","blog-post","2025-09-29T10:26:30+00:00","2025-09-29T10:26:30+00:00","sitemap","","source/html/which-loan-best-you/index.html",""
"https://www.gmbcreditunion.com/why-credit-unions-are-now-more-important-ever","301","https://www.gmbcreditunion.com/why-credit-unions-are-now-more-important-ever/","https://www.gmbcreditunion.com/why-credit-unions-are-now-more-important-ever/","text/html","Why Credit Unions Are Now More Important Than Ever | GMBCU","A credit union is not just a safe place to manage finances, but a real support network that’s there for them during the most difficult times.","https://www.gmbcreditunion.com/why-credit-unions-are-now-more-important-ever/","index, follow, max-image-preview:large, max-snippet:-1, max-video-preview:-1","","Why Credit Unions Are Now More Important Than Ever","1","Why Credit Unions Are Now More Important Than Ever | GMBCU","A credit union is not just a safe place to manage finances, but a real support network that’s there for them during the most difficult times.","https://www.gmbcreditunion.com/media/photo-1580377968103-84cadc052dc7.jpg","summary_large_image","Article|WebPage|ImageObject|BreadcrumbList|WebSite|Person","900","2","26","7","blog-post","2025-09-29T11:37:47+00:00","","wayback","","",""
"https://www.gmbcreditunion.com/why-credit-unions-are-now-more-important-ever/","200","","","text/html","Why Credit Unions Are Now More Important Than Ever | GMBCU","A credit union is not just a safe place to manage finances, but a real support network that’s there for them during the most difficult times.","https://www.gmbcreditunion.com/why-credit-unions-are-now-more-important-ever/","index, follow, max-image-preview:large, max-snippet:-1, max-video-preview:-1","","Why Credit Unions Are Now More Important Than Ever","1","Why Credit Unions Are Now More Important Than Ever | GMBCU","A credit union is not just a safe place to manage finances, but a real support network that’s there for them during the most difficult times.","https://www.gmbcreditunion.com/media/photo-1580377968103-84cadc052dc7.jpg","summary_large_image","Article|WebPage|ImageObject|BreadcrumbList|WebSite|Person","900","0","26","7","blog-post","2025-09-29T11:37:47+00:00","2025-09-29T11:37:47+00:00","sitemap","","source/html/why-credit-unions-are-now-more-important-ever/index.html",""
"https://www.gmbcreditunion.com/why-is-saving-money-important/","200","","","text/html","Why Is Saving Money Important? | GMB Credit Union","Many adults don't have a savings account, and in this challenging economy people need that safety net. Explore why saving is such an important habit.","https://www.gmbcreditunion.com/why-is-saving-money-important/","index, follow, max-image-preview:large, max-snippet:-1, max-video-preview:-1","","Why is saving money important?","1","Why Is Saving Money Important? | GMB Credit Union","Many adults don't have a savings account, and in this challenging economy people need that safety net. Explore why saving is such an important habit.","https://www.gmbcreditunion.com/media/pexels-alaur-rahman-5277965.jpg","summary_large_image","Article|WebPage|ImageObject|BreadcrumbList|WebSite|Person","1134","0","27","10","blog-post","2025-09-29T10:27:10+00:00","2025-09-29T10:27:10+00:00","sitemap","","source/html/why-is-saving-money-important/index.html",""
"https://www.gmbcreditunion.com/why-our-members-choose-us/","200","","","text/html","Why Our Members Choose Us | GMB Credit Union","Why choose GMB Credit Union? We asked our members why they choose to manage their finances with us. Find out what they said here.","https://www.gmbcreditunion.com/why-our-members-choose-us/","index, follow, max-image-preview:large, max-snippet:-1, max-video-preview:-1","","Why Our Members Choose Us","1","Why Our Members Choose Us | GMB Credit Union","Why choose GMB Credit Union? We asked our members why they choose to manage their finances with us. Find out what they said here.","https://www.gmbcreditunion.com/media/photo-1511214378978-61583b84425d_0.jpg","summary_large_image","Article|WebPage|ImageObject|BreadcrumbList|WebSite|Person","61","0","26","7","blog-post","2025-09-29T11:25:46+00:00","2025-09-29T11:25:46+00:00","sitemap","","source/html/why-our-members-choose-us/index.html",""
"https://www.gmbcreditunion.com/working-towards-brighter-financial-future","301","https://www.gmbcreditunion.com/working-towards-brighter-financial-future/","https://www.gmbcreditunion.com/working-towards-brighter-financial-future/","text/html","Working Towards A Brighter Financial Future | GMBCU","Our latest blog explores how your Credit Union does things differently, which can benefit GMB members and our wider community. Read more about it.","https://www.gmbcreditunion.com/working-towards-brighter-financial-future/","index, follow, max-image-preview:large, max-snippet:-1, max-video-preview:-1","","Working towards a brighter financial future","1","Working Towards A Brighter Financial Future | GMBCU","Our latest blog explores how your Credit Union does things differently, which can benefit GMB members and our wider community. Read more about it.","https://www.gmbcreditunion.com/media/markus-spiske-IiEFmIXZWSw-unsplash_0-1200x800.jpg","summary_large_image","Article|WebPage|ImageObject|BreadcrumbList|WebSite|Person","860","0","27","7","blog-post","2025-09-29T11:27:31+00:00","","wayback","","",""
"https://www.gmbcreditunion.com/working-towards-brighter-financial-future/","200","","","text/html","Working Towards A Brighter Financial Future | GMBCU","Our latest blog explores how your Credit Union does things differently, which can benefit GMB members and our wider community. Read more about it.","https://www.gmbcreditunion.com/working-towards-brighter-financial-future/","index, follow, max-image-preview:large, max-snippet:-1, max-video-preview:-1","","Working towards a brighter financial future","1","Working Towards A Brighter Financial Future | GMBCU","Our latest blog explores how your Credit Union does things differently, which can benefit GMB members and our wider community. Read more about it.","https://www.gmbcreditunion.com/media/markus-spiske-IiEFmIXZWSw-unsplash_0-1200x800.jpg","summary_large_image","Article|WebPage|ImageObject|BreadcrumbList|WebSite|Person","860","0","27","7","blog-post","2025-09-29T11:27:31+00:00","2025-09-29T11:27:31+00:00","sitemap","","source/html/working-towards-brighter-financial-future/index.html",""
"https://www.gmbcreditunion.com/wp-sitemap.xml","301","https://www.gmbcreditunion.com/sitemap_index.xml","https://www.gmbcreditunion.com/sitemap_index.xml","text/xml","","","","","","","","","","","","","","0","0","","document","","","probe","","source/media/sitemap_index.xml",""
"https://www.gmbcreditunion.com/your-money-now-and-whats-next","301","https://www.gmbcreditunion.com/your-money-now-and-whats-next/","https://www.gmbcreditunion.com/your-money-now-and-whats-next/","text/html","Your Money Now: And What’s Next? | GMB Credit Union","While it may feel like there’s no solution to money worries, there is always a way forward – and we're here to guide you through. Read more now.","https://www.gmbcreditunion.com/your-money-now-and-whats-next/","index, follow, max-image-preview:large, max-snippet:-1, max-video-preview:-1","","Your money now: and what’s next?","1","Your Money Now: And What’s Next? | GMB Credit Union","While it may feel like there’s no solution to money worries, there is always a way forward – and we're here to guide you through. Read more now.","https://www.gmbcreditunion.com/media/towfiqu-barbhuiya-0ITvgXAU5Oo-unsplash.jpg","summary_large_image","Article|WebPage|ImageObject|BreadcrumbList|WebSite|Person","883","0","36","7","blog-post","2025-09-29T11:28:13+00:00","","wayback","","",""
"https://www.gmbcreditunion.com/your-money-now-and-whats-next/","200","","","text/html","Your Money Now: And What’s Next? | GMB Credit Union","While it may feel like there’s no solution to money worries, there is always a way forward – and we're here to guide you through. Read more now.","https://www.gmbcreditunion.com/your-money-now-and-whats-next/","index, follow, max-image-preview:large, max-snippet:-1, max-video-preview:-1","","Your money now: and what’s next?","1","Your Money Now: And What’s Next? | GMB Credit Union","While it may feel like there’s no solution to money worries, there is always a way forward – and we're here to guide you through. Read more now.","https://www.gmbcreditunion.com/media/towfiqu-barbhuiya-0ITvgXAU5Oo-unsplash.jpg","summary_large_image","Article|WebPage|ImageObject|BreadcrumbList|WebSite|Person","883","0","36","7","blog-post","2025-09-29T11:28:13+00:00","2025-09-29T11:28:13+00:00","sitemap","","source/html/your-money-now-and-whats-next/index.html",""
"https://www.gmbcreditunion.com/your-phone-may-be-giving-fraudsters-a-way-into-your-finances/","200","","","text/html","How To Check Your Credit Score For Free | GMBCU","It is very important for your overall financial wellbeing to be aware of your credit score and to check it regularly. Check yours for free.","https://www.gmbcreditunion.com/your-phone-may-be-giving-fraudsters-a-way-into-your-finances/","index, follow, max-image-preview:large, max-snippet:-1, max-video-preview:-1","","Your phone may be giving fraudsters a way into your finances","1","How To Check Your Credit Score For Free | GMBCU","It is very important for your overall financial wellbeing to be aware of your credit score and to check it regularly. Check yours for free.","https://www.gmbcreditunion.com/media/Blog-featured-image-20.png","summary_large_image","Article|WebPage|ImageObject|BreadcrumbList|WebSite|Person","979","5","26","7","blog-post","2026-02-09T16:18:01+00:00","2026-02-09T16:18:01+00:00","sitemap","","source/html/your-phone-may-be-giving-fraudsters-a-way-into-your-finances/index.html",""
